gene_id_x,snp_count,exon_length,snp_density,gene_id_norm_x,gene_id_mapped,gene_id_y,expression,gene_id_norm_y
rna-NM_001297796.1,77,5089,0.015130674002751032,NM_001297796,FBgn0025836,FBgn0025836,17.142292490118578,FBgn0025836
rna-NM_001297795.1,77,5083,0.015148534330120008,NM_001297795,FBgn0025836,FBgn0025836,17.142292490118578,FBgn0025836
rna-NM_001103385.2,77,5082,0.015151515151515152,NM_001103385,FBgn0025836,FBgn0025836,17.142292490118578,FBgn0025836
rna-NM_001103386.2,77,5012,0.015363128491620111,NM_001103386,FBgn0025836,FBgn0025836,17.142292490118578,FBgn0025836
rna-NM_001169155.1,63,4254,0.014809590973201692,NM_001169155,FBgn0025836,FBgn0025836,17.142292490118578,FBgn0025836
rna-NM_001297797.1,56,3824,0.014644351464435146,NM_001297797,FBgn0025836,FBgn0025836,17.142292490118578,FBgn0025836
rna-NM_001382036.1,41,3891,0.010537136982780776,NM_001382036,FBgn0284435,FBgn0284435,10.688142292490118,FBgn0284435
rna-NM_001297801.1,41,3612,0.011351052048726468,NM_001297801,FBgn0284435,FBgn0284435,10.688142292490118,FBgn0284435
rna-NM_001297799.1,39,3521,0.011076398750355012,NM_001297799,FBgn0284435,FBgn0284435,10.688142292490118,FBgn0284435
rna-NM_001297798.1,47,4526,0.0103844454264251,NM_001297798,FBgn0284435,FBgn0284435,10.688142292490118,FBgn0284435
rna-NM_001038726.2,37,3286,0.01125989044430919,NM_001038726,FBgn0284435,FBgn0284435,10.688142292490118,FBgn0284435
rna-NM_001031861.2,32,2903,0.011023079572855667,NM_001031861,FBgn0284435,FBgn0284435,10.688142292490118,FBgn0284435
rna-NM_001297803.1,44,1751,0.025128498001142203,NM_001297803,FBgn0040373,FBgn0040373,29.387351778656125,FBgn0040373
rna-NM_166834.2,41,1630,0.025153374233128835,NM_166834,FBgn0040373,FBgn0040373,29.387351778656125,FBgn0040373
rna-NM_130477.4,43,1731,0.02484113229347198,NM_130477,FBgn0040373,FBgn0040373,29.387351778656125,FBgn0040373
rna-NM_001272159.1,126,7235,0.01741534208707671,NM_001272159,FBgn0040372,FBgn0040372,124.84189723320158,FBgn0040372
rna-NM_130478.3,115,6538,0.017589476904252065,NM_130478,FBgn0040372,FBgn0040372,124.84189723320158,FBgn0040372
rna-NM_001144664.3,25,649,0.03852080123266564,NM_001144664,FBgn0259722,FBgn0259722,8.893675889328053,FBgn0259722
rna-NM_001144665.3,23,587,0.039182282793867124,NM_001144665,FBgn0259722,FBgn0259722,8.893675889328053,FBgn0259722
rna-NM_057682.4,45,2110,0.02132701421800948,NM_057682,FBgn0000316,FBgn0000316,85.3913043478261,FBgn0000316
rna-NM_166835.4,41,2054,0.019961051606621226,NM_166835,FBgn0000316,FBgn0000316,85.3913043478261,FBgn0000316
rna-NM_001272160.1,47,1411,0.03330970942593905,NM_001272160,FBgn0261446,FBgn0261446,2.5343873517786575,FBgn0261446
rna-NM_130479.3,50,1601,0.03123048094940662,NM_130479,FBgn0261446,FBgn0261446,2.5343873517786575,FBgn0261446
rna-NM_001014708.2,49,2961,0.016548463356973995,NM_001014708,FBgn0005427,FBgn0005427,74.99209486166008,FBgn0005427
rna-NM_001014707.2,49,2999,0.01633877959319773,NM_001014707,FBgn0005427,FBgn0005427,74.99209486166008,FBgn0005427
rna-NM_001014712.2,53,3035,0.017462932454695223,NM_001014712,FBgn0005427,FBgn0005427,74.99209486166008,FBgn0005427
rna-NM_001014711.2,56,3423,0.016359918200409,NM_001014711,FBgn0005427,FBgn0005427,74.99209486166008,FBgn0005427
rna-NM_001014709.2,56,3461,0.016180294712510836,NM_001014709,FBgn0005427,FBgn0005427,74.99209486166008,FBgn0005427
rna-NM_001014710.2,60,3497,0.017157563625965114,NM_001014710,FBgn0005427,FBgn0005427,74.99209486166008,FBgn0005427
rna-NM_166836.2,83,4807,0.01726648637403786,NM_166836,FBgn0005427,FBgn0005427,74.99209486166008,FBgn0005427
rna-NM_001272165.1,58,4140,0.014009661835748793,NM_001272165,FBgn0005427,FBgn0005427,74.99209486166008,FBgn0005427
rna-NM_001272164.1,57,3926,0.014518593988792664,NM_001272164,FBgn0005427,FBgn0005427,74.99209486166008,FBgn0005427
rna-NM_001272163.1,57,4025,0.014161490683229814,NM_001272163,FBgn0005427,FBgn0005427,74.99209486166008,FBgn0005427
rna-NM_057544.4,57,4042,0.014101929737753587,NM_057544,FBgn0005427,FBgn0005427,74.99209486166008,FBgn0005427
rna-NM_001258514.1,50,3589,0.013931457230426303,NM_001258514,FBgn0005427,FBgn0005427,74.99209486166008,FBgn0005427
rna-NM_001258515.1,57,4051,0.014070599851888422,NM_001258515,FBgn0005427,FBgn0005427,74.99209486166008,FBgn0005427
rna-NM_130483.3,41,3352,0.012231503579952268,NM_130483,FBgn0024989,FBgn0024989,4.592490118577077,FBgn0024989
rna-NM_001297804.1,50,4130,0.012106537530266344,NM_001297804,FBgn0024989,FBgn0024989,4.592490118577077,FBgn0024989
rna-NM_001297805.1,44,3428,0.012835472578763127,NM_001297805,FBgn0024989,FBgn0024989,4.592490118577077,FBgn0024989
rna-NM_166841.2,43,3402,0.012639623750734862,NM_166841,FBgn0024989,FBgn0024989,4.592490118577077,FBgn0024989
rna-NM_166840.2,42,3376,0.012440758293838863,NM_166840,FBgn0024989,FBgn0024989,4.592490118577077,FBgn0024989
rna-NM_001169157.2,111,4823,0.023014721127928676,NM_001169157,FBgn0040370,FBgn0040370,21.820158102766804,FBgn0040370
rna-NM_130481.4,33,1492,0.022117962466487937,NM_130481,FBgn0040370,FBgn0040370,21.820158102766804,FBgn0040370
rna-NM_001297806.1,38,1675,0.022686567164179106,NM_001297806,FBgn0040370,FBgn0040370,21.820158102766804,FBgn0040370
rna-NM_001144667.3,45,1711,0.026300409117475162,NM_001144667,FBgn0052816,FBgn0052816,18.3711462450593,FBgn0052816
rna-NM_001144668.2,40,1603,0.024953212726138492,NM_001144668,FBgn0052816,FBgn0052816,18.3711462450593,FBgn0052816
rna-NM_001297807.1,51,1730,0.029479768786127167,NM_001297807,FBgn0052816,FBgn0052816,18.3711462450593,FBgn0052816
rna-NM_166839.3,52,1805,0.028808864265927978,NM_166839,FBgn0052816,FBgn0052816,18.3711462450593,FBgn0052816
rna-NM_166838.3,52,1821,0.028555738605161998,NM_166838,FBgn0052816,FBgn0052816,18.3711462450593,FBgn0052816
rna-NM_001297808.1,53,1834,0.028898582333696837,NM_001297808,FBgn0052816,FBgn0052816,18.3711462450593,FBgn0052816
rna-NM_057476.3,19,917,0.020719738276990186,NM_057476,FBgn0000022,FBgn0000022,27.29209486166008,FBgn0000022
rna-NM_057455.3,41,1438,0.02851182197496523,NM_057455,FBgn0004170,FBgn0004170,58.92173913043479,FBgn0004170
rna-NM_057275.5,15,1097,0.013673655423883319,NM_057275,FBgn0002561,FBgn0002561,29.109881422924897,FBgn0002561
rna-NM_057346.5,37,2430,0.015226337448559672,NM_057346,FBgn0000137,FBgn0000137,0.7501976284584985,FBgn0000137
rna-NM_080292.4,59,2279,0.025888547608600262,NM_080292,FBgn0010019,FBgn0010019,0.922924901185769,FBgn0010019
rna-NM_080140.3,105,4142,0.025350072428778368,NM_080140,FBgn0266572,FBgn0266572,111.19762845849803,FBgn0266572
rna-NM_001297810.1,105,4163,0.02522219553206822,NM_001297810,FBgn0266572,FBgn0266572,111.19762845849803,FBgn0266572
rna-NM_001297809.1,105,4160,0.025240384615384616,NM_001297809,FBgn0266572,FBgn0266572,111.19762845849803,FBgn0266572
rna-NM_001103388.4,22,812,0.027093596059113302,NM_001103388,FBgn0029522,FBgn0029522,40.16284584980237,FBgn0029522
rna-NM_130484.3,21,743,0.02826379542395693,NM_130484,FBgn0029522,FBgn0029522,40.16284584980237,FBgn0029522
rna-NM_001272167.1,17,787,0.021601016518424398,NM_001272167,FBgn0029524,FBgn0029524,4.023715415019764,FBgn0029524
rna-NM_001272168.1,15,526,0.028517110266159697,NM_001272168,FBgn0029524,FBgn0029524,4.023715415019764,FBgn0029524
rna-NM_001297811.1,12,627,0.019138755980861243,NM_001297811,FBgn0029524,FBgn0029524,4.023715415019764,FBgn0029524
rna-NM_130486.4,11,517,0.02127659574468085,NM_130486,FBgn0029524,FBgn0029524,4.023715415019764,FBgn0029524
rna-NM_130487.4,187,4342,0.043067710732381394,NM_130487,FBgn0029525,FBgn0029525,11.15810276679842,FBgn0029525
rna-NM_130488.3,115,2345,0.04904051172707889,NM_130488,FBgn0023536,FBgn0023536,5.430830039525684,FBgn0023536
rna-NM_130489.3,89,1950,0.045641025641025644,NM_130489,FBgn0023537,FBgn0023537,37.17826086956528,FBgn0023537
rna-NM_166844.1,84,2123,0.039566650965614694,NM_166844,FBgn0023537,FBgn0023537,37.17826086956528,FBgn0023537
rna-NM_206599.2,255,5904,0.043191056910569105,NM_206599,FBgn0004648,FBgn0004648,59.01185770750988,FBgn0004648
rna-NM_166846.5,253,5842,0.04330708661417323,NM_166846,FBgn0004648,FBgn0004648,59.01185770750988,FBgn0004648
rna-NM_206598.3,133,3144,0.0423027989821883,NM_206598,FBgn0004648,FBgn0004648,59.01185770750988,FBgn0004648
rna-NM_001297813.1,132,3092,0.042690815006468305,NM_001297813,FBgn0004648,FBgn0004648,59.01185770750988,FBgn0004648
rna-NM_080293.4,259,5890,0.04397283531409168,NM_080293,FBgn0004648,FBgn0004648,59.01185770750988,FBgn0004648
rna-NM_206596.2,257,5828,0.044097460535346605,NM_206596,FBgn0004648,FBgn0004648,59.01185770750988,FBgn0004648
rna-NM_206597.2,137,3130,0.04376996805111821,NM_206597,FBgn0004648,FBgn0004648,59.01185770750988,FBgn0004648
rna-NM_176679.3,246,5611,0.04384245232578863,NM_176679,FBgn0004648,FBgn0004648,59.01185770750988,FBgn0004648
rna-NM_001297815.1,211,4986,0.04231849177697553,NM_001297815,FBgn0004648,FBgn0004648,59.01185770750988,FBgn0004648
rna-NM_001144669.2,227,5267,0.04309853806721094,NM_001144669,FBgn0004648,FBgn0004648,59.01185770750988,FBgn0004648
rna-NM_001297814.1,124,2851,0.043493511048754825,NM_001297814,FBgn0004648,FBgn0004648,59.01185770750988,FBgn0004648
rna-NM_001258518.3,481,10506,0.0457833618884447,NM_001258518,FBgn0260400,FBgn0260400,19.942292490118575,FBgn0260400
rna-NM_001014713.4,137,2602,0.05265180630284397,NM_001014713,FBgn0260400,FBgn0260400,19.942292490118575,FBgn0260400
rna-NM_001144670.2,119,2248,0.052935943060498224,NM_001144670,FBgn0260400,FBgn0260400,19.942292490118575,FBgn0260400
rna-NM_080294.5,136,2505,0.05429141716566866,NM_080294,FBgn0260400,FBgn0260400,19.942292490118575,FBgn0260400
rna-NM_001038727.1,85,1976,0.0430161943319838,NM_001038727,FBgn0024983,FBgn0024983,31.221343873517785,FBgn0024983
rna-NM_001038728.3,65,1677,0.03875968992248062,NM_001038728,FBgn0024983,FBgn0024983,31.221343873517785,FBgn0024983
rna-NM_001272170.1,68,1683,0.04040404040404041,NM_001272170,FBgn0024983,FBgn0024983,31.221343873517785,FBgn0024983
rna-NM_130491.5,68,1689,0.04026050917702783,NM_130491,FBgn0024983,FBgn0024983,31.221343873517785,FBgn0024983
rna-NM_166847.4,76,1790,0.042458100558659215,NM_166847,FBgn0024983,FBgn0024983,31.221343873517785,FBgn0024983
rna-NM_001258522.2,255,6324,0.04032258064516129,NM_001258522,FBgn0000108,FBgn0000108,1.9889328063241132,FBgn0000108
rna-NM_001258521.2,221,5425,0.04073732718894009,NM_001258521,FBgn0000108,FBgn0000108,1.9889328063241132,FBgn0000108
rna-NM_001258523.2,221,5425,0.04073732718894009,NM_001258523,FBgn0000108,FBgn0000108,1.9889328063241132,FBgn0000108
rna-NM_057278.5,221,5422,0.04075986720767245,NM_057278,FBgn0000108,FBgn0000108,1.9889328063241132,FBgn0000108
rna-NM_001258520.2,215,5251,0.04094458198438393,NM_001258520,FBgn0000108,FBgn0000108,1.9889328063241132,FBgn0000108
rna-NM_001258519.1,255,6331,0.04027799715684726,NM_001258519,FBgn0000108,FBgn0000108,1.9889328063241132,FBgn0000108
rna-NM_001042788.4,106,3412,0.031066822977725676,NM_001042788,FBgn0261930,FBgn0261930,11.234782608695653,FBgn0261930
rna-NM_057438.4,71,3033,0.023409165842400263,NM_057438,FBgn0261930,FBgn0261930,11.234782608695653,FBgn0261930
rna-NM_001297820.1,175,3741,0.04677893611333868,NM_001297820,FBgn0025633,FBgn0025633,163.62055335968378,FBgn0025633
rna-NM_001297817.1,209,4307,0.048525655908985374,NM_001297817,FBgn0025633,FBgn0025633,163.62055335968378,FBgn0025633
rna-NM_130492.3,209,4310,0.04849187935034803,NM_130492,FBgn0025633,FBgn0025633,163.62055335968378,FBgn0025633
rna-NM_001297818.1,215,4391,0.04896378956957413,NM_001297818,FBgn0025633,FBgn0025633,163.62055335968378,FBgn0025633
rna-NM_001042789.2,218,4398,0.049567985447930875,NM_001042789,FBgn0025633,FBgn0025633,163.62055335968378,FBgn0025633
rna-NM_001297819.1,220,4448,0.04946043165467626,NM_001297819,FBgn0025633,FBgn0025633,163.62055335968378,FBgn0025633
rna-NM_001297816.1,242,4725,0.051216931216931216,NM_001297816,FBgn0025633,FBgn0025633,163.62055335968378,FBgn0025633
rna-NM_130493.2,28,499,0.056112224448897796,NM_130493,FBgn0029529,FBgn0029529,8.921343873517786,FBgn0029529
rna-NM_080295.3,73,1343,0.054355919583023084,NM_080295,FBgn0016038,FBgn0016038,61.78260869565217,FBgn0016038
rna-NM_166850.2,73,1331,0.054845980465815174,NM_166850,FBgn0016038,FBgn0016038,61.78260869565217,FBgn0016038
rna-NM_166848.2,73,1332,0.054804804804804805,NM_166848,FBgn0016038,FBgn0016038,61.78260869565217,FBgn0016038
rna-NM_001272172.1,72,1294,0.05564142194744977,NM_001272172,FBgn0016038,FBgn0016038,61.78260869565217,FBgn0016038
rna-NM_001272171.1,72,1323,0.05442176870748299,NM_001272171,FBgn0016038,FBgn0016038,61.78260869565217,FBgn0016038
rna-NM_166849.2,70,1099,0.06369426751592357,NM_166849,FBgn0016038,FBgn0016038,61.78260869565217,FBgn0016038
rna-NM_130494.4,58,1175,0.04936170212765958,NM_130494,FBgn0025640,FBgn0025640,5.28498023715415,FBgn0025640
rna-NM_144243.2,11,387,0.028423772609819122,NM_144243,FBgn0026879,FBgn0026879,21.043478260869566,FBgn0026879
rna-NM_143797.3,69,2256,0.030585106382978722,NM_143797,FBgn0025635,FBgn0025635,108.38735177865613,FBgn0025635
rna-NM_166852.3,67,2199,0.030468394724874944,NM_166852,FBgn0025635,FBgn0025635,108.38735177865613,FBgn0025635
rna-NM_166851.3,68,2197,0.030951297223486572,NM_166851,FBgn0025635,FBgn0025635,108.38735177865613,FBgn0025635
rna-NM_001297821.1,20,493,0.04056795131845842,NM_001297821,FBgn0002579,FBgn0002579,1022.9130434782609,FBgn0002579
rna-NM_057281.4,22,568,0.03873239436619718,NM_057281,FBgn0002579,FBgn0002579,1022.9130434782609,FBgn0002579
rna-NM_166855.2,22,535,0.041121495327102804,NM_166855,FBgn0002579,FBgn0002579,1022.9130434782609,FBgn0002579
rna-NM_166853.2,22,555,0.03963963963963964,NM_166853,FBgn0002579,FBgn0002579,1022.9130434782609,FBgn0002579
rna-NM_166854.2,22,592,0.037162162162162164,NM_166854,FBgn0002579,FBgn0002579,1022.9130434782609,FBgn0002579
rna-NM_057245.3,147,3680,0.03994565217391304,NM_057245,FBgn0001341,FBgn0001341,20.956521739130434,FBgn0001341
rna-NM_057903.4,72,1613,0.044637321760694355,NM_057903,FBgn0020381,FBgn0020381,2.652964426877475,FBgn0020381
rna-NM_057901.4,72,1631,0.04414469650521153,NM_057901,FBgn0020381,FBgn0020381,2.652964426877475,FBgn0020381
rna-NM_057902.4,73,1689,0.04322084073416223,NM_057902,FBgn0020381,FBgn0020381,2.652964426877475,FBgn0020381
rna-NM_001297822.1,73,1650,0.04424242424242424,NM_001297822,FBgn0020381,FBgn0020381,2.652964426877475,FBgn0020381
rna-NM_057406.4,187,4901,0.03815547847378086,NM_057406,FBgn0003575,FBgn0003575,162.82608695652175,FBgn0003575
rna-NM_001297823.1,187,4889,0.038249130701574964,NM_001297823,FBgn0003575,FBgn0003575,162.82608695652175,FBgn0003575
rna-NM_001297824.1,179,4657,0.03843676186386086,NM_001297824,FBgn0003575,FBgn0003575,162.82608695652175,FBgn0003575
rna-NM_130495.2,34,1550,0.02193548387096774,NM_130495,FBgn0025634,FBgn0025634,6.881422924901175,FBgn0025634
rna-NM_001144671.3,47,1229,0.03824247355573637,NM_001144671,FBgn0025638,FBgn0025638,207.94466403162056,FBgn0025638
rna-NM_001297825.1,38,1145,0.03318777292576419,NM_001297825,FBgn0025638,FBgn0025638,207.94466403162056,FBgn0025638
rna-NM_130496.4,21,696,0.03017241379310345,NM_130496,FBgn0025638,FBgn0025638,207.94466403162056,FBgn0025638
rna-NM_130497.4,196,6137,0.03193742871109663,NM_130497,FBgn0025639,FBgn0025639,204.08300395256916,FBgn0025639
rna-NM_001258524.1,170,5149,0.03301611963488056,NM_001258524,FBgn0025639,FBgn0025639,204.08300395256916,FBgn0025639
rna-NM_166858.3,52,1472,0.035326086956521736,NM_166858,FBgn0025637,FBgn0025637,110.52173913043478,FBgn0025637
rna-NM_058042.5,35,1087,0.03219871205151794,NM_058042,FBgn0025637,FBgn0025637,110.52173913043478,FBgn0025637
rna-NM_001038729.3,46,1544,0.029792746113989636,NM_001038729,FBgn0025637,FBgn0025637,110.52173913043478,FBgn0025637
rna-NM_166857.3,28,1050,0.02666666666666667,NM_166857,FBgn0025637,FBgn0025637,110.52173913043478,FBgn0025637
rna-NM_166856.3,26,935,0.027807486631016044,NM_166856,FBgn0025637,FBgn0025637,110.52173913043478,FBgn0025637
rna-NM_166861.3,24,845,0.028402366863905324,NM_166861,FBgn0025637,FBgn0025637,110.52173913043478,FBgn0025637
rna-NM_166860.3,26,913,0.028477546549835708,NM_166860,FBgn0025637,FBgn0025637,110.52173913043478,FBgn0025637
rna-NM_166859.3,25,869,0.028768699654775604,NM_166859,FBgn0025637,FBgn0025637,110.52173913043478,FBgn0025637
rna-NM_001297826.1,22,826,0.026634382566585957,NM_001297826,FBgn0025637,FBgn0025637,110.52173913043478,FBgn0025637
rna-NM_001169159.2,414,9406,0.04401445885604933,NM_001169159,FBgn0021764,FBgn0021764,98.9209486166008,FBgn0021764
rna-NM_057942.5,415,8984,0.046193232413178985,NM_057942,FBgn0021764,FBgn0021764,98.9209486166008,FBgn0021764
rna-NM_134315.4,414,8960,0.046205357142857145,NM_134315,FBgn0021764,FBgn0021764,98.9209486166008,FBgn0021764
rna-NM_001297827.1,419,9031,0.04639574797918281,NM_001297827,FBgn0021764,FBgn0021764,98.9209486166008,FBgn0021764
rna-NM_134314.4,414,8908,0.04647507858105074,NM_134314,FBgn0021764,FBgn0021764,98.9209486166008,FBgn0021764
rna-NM_001297828.1,414,8896,0.046537769784172664,NM_001297828,FBgn0021764,FBgn0021764,98.9209486166008,FBgn0021764
rna-NM_001297829.1,411,8740,0.04702517162471396,NM_001297829,FBgn0021764,FBgn0021764,98.9209486166008,FBgn0021764
rna-NM_057941.5,414,8843,0.0468166911681556,NM_057941,FBgn0021764,FBgn0021764,98.9209486166008,FBgn0021764
rna-NM_001169160.2,413,8774,0.04707089126966036,NM_001169160,FBgn0021764,FBgn0021764,98.9209486166008,FBgn0021764
rna-NM_001297830.1,69,1362,0.05066079295154185,NM_001297830,FBgn0040383,FBgn0040383,2.206324110671941,FBgn0040383
rna-NM_130500.4,65,1236,0.052588996763754045,NM_130500,FBgn0040383,FBgn0040383,2.206324110671941,FBgn0040383
rna-NM_166862.4,94,2193,0.04286365709074327,NM_166862,FBgn0040382,FBgn0040382,40.27707509881423,FBgn0040382
rna-NM_130501.6,92,2124,0.04331450094161959,NM_130501,FBgn0040382,FBgn0040382,40.27707509881423,FBgn0040382
rna-NM_166863.4,91,2103,0.0432715168806467,NM_166863,FBgn0040382,FBgn0040382,40.27707509881423,FBgn0040382
rna-NM_057786.5,65,1100,0.05909090909090909,NM_057786,FBgn0015288,FBgn0015288,468.699604743083,FBgn0015288
rna-NM_001297831.1,108,3250,0.03323076923076923,NM_001297831,FBgn0027343,FBgn0027343,15.14268774703556,FBgn0027343
rna-NM_080296.3,81,2249,0.03601600711427301,NM_080296,FBgn0027343,FBgn0027343,15.14268774703556,FBgn0027343
rna-NM_001103389.2,78,2304,0.033854166666666664,NM_001103389,FBgn0027343,FBgn0027343,15.14268774703556,FBgn0027343
rna-NM_001272173.1,77,2840,0.027112676056338027,NM_001272173,FBgn0086368,FBgn0086368,0.5604743083003958,FBgn0086368
rna-NM_130502.3,74,2671,0.027704979408461252,NM_130502,FBgn0086368,FBgn0086368,0.5604743083003958,FBgn0086368
rna-NM_001297832.1,212,3915,0.054150702426564494,NM_001297832,FBgn0025621,FBgn0025621,27.288537549407113,FBgn0025621
rna-NM_130504.3,187,3208,0.05829177057356608,NM_130504,FBgn0025621,FBgn0025621,27.288537549407113,FBgn0025621
rna-NM_080297.3,197,3619,0.054434926775352305,NM_080297,FBgn0015799,FBgn0015799,64.04743083003953,FBgn0015799
rna-NM_001272174.1,74,1749,0.04230989136649514,NM_001272174,FBgn0260855,FBgn0260855,168.6798418972332,FBgn0260855
rna-NM_130507.3,74,1743,0.042455536431440045,NM_130507,FBgn0260855,FBgn0260855,168.6798418972332,FBgn0260855
rna-NM_001272180.1,281,6920,0.04060693641618497,NM_001272180,FBgn0264449,FBgn0264449,33.15415019762846,FBgn0264449
rna-NM_001272178.2,298,7150,0.04167832167832168,NM_001272178,FBgn0264449,FBgn0264449,33.15415019762846,FBgn0264449
rna-NM_001272175.1,305,7402,0.04120507970818698,NM_001272175,FBgn0264449,FBgn0264449,33.15415019762846,FBgn0264449
rna-NM_001297833.1,305,7498,0.04067751400373433,NM_001297833,FBgn0264449,FBgn0264449,33.15415019762846,FBgn0264449
rna-NM_001272179.1,278,6794,0.04091845746246688,NM_001272179,FBgn0264449,FBgn0264449,33.15415019762846,FBgn0264449
rna-NM_001272177.1,289,6684,0.04323758228605625,NM_001272177,FBgn0264449,FBgn0264449,33.15415019762846,FBgn0264449
rna-NM_001103390.2,298,7135,0.04176594253679047,NM_001103390,FBgn0264449,FBgn0264449,33.15415019762846,FBgn0264449
rna-NM_001272176.1,258,6901,0.037385886103463266,NM_001272176,FBgn0264449,FBgn0264449,33.15415019762846,FBgn0264449
rna-NM_058041.4,265,7087,0.037392408635529846,NM_058041,FBgn0264449,FBgn0264449,33.15415019762846,FBgn0264449
rna-NM_001103391.1,233,6390,0.03646322378716745,NM_001103391,FBgn0264449,FBgn0264449,33.15415019762846,FBgn0264449
rna-NM_130513.4,218,4335,0.0502883506343714,NM_130513,FBgn0040344,FBgn0040344,5.2288537549407135,FBgn0040344
rna-NM_001272185.2,212,4056,0.05226824457593689,NM_001272185,FBgn0040344,FBgn0040344,5.2288537549407135,FBgn0040344
rna-NM_130514.5,23,602,0.03820598006644518,NM_130514,FBgn0040339,FBgn0040339,21.90513833992095,FBgn0040339
rna-NM_166867.2,163,2100,0.07761904761904762,NM_166867,FBgn0040340,FBgn0040340,83.300395256917,FBgn0040340
rna-NM_166866.2,145,1777,0.08159819921215532,NM_166866,FBgn0040340,FBgn0040340,83.300395256917,FBgn0040340
rna-NM_001272186.1,135,1656,0.08152173913043478,NM_001272186,FBgn0040340,FBgn0040340,83.300395256917,FBgn0040340
rna-NM_001258527.1,129,1623,0.07948243992606285,NM_001258527,FBgn0040340,FBgn0040340,83.300395256917,FBgn0040340
rna-NM_166868.1,167,1896,0.08808016877637131,NM_166868,FBgn0040340,FBgn0040340,83.300395256917,FBgn0040340
rna-NM_130516.4,79,1515,0.05214521452145215,NM_130516,FBgn0040346,FBgn0040346,25.063241106719367,FBgn0040346
rna-NM_130517.3,118,2155,0.054756380510440836,NM_130517,FBgn0040347,FBgn0040347,82.42687747035573,FBgn0040347
rna-NM_130519.3,22,839,0.026221692491060787,NM_130519,FBgn0040349,FBgn0040349,0.8019762845849803,FBgn0040349
rna-NM_001201591.3,259,4288,0.06040111940298507,NM_001201591,FBgn0003638,FBgn0003638,28.58893280632411,FBgn0003638
rna-NM_206600.3,318,4836,0.06575682382133995,NM_206600,FBgn0003638,FBgn0003638,28.58893280632411,FBgn0003638
rna-NM_206601.3,260,4056,0.0641025641025641,NM_206601,FBgn0003638,FBgn0003638,28.58893280632411,FBgn0003638
rna-NM_001272187.2,229,3355,0.06825633383010432,NM_001272187,FBgn0003638,FBgn0003638,28.58893280632411,FBgn0003638
rna-NM_001258529.2,231,3609,0.06400665004156277,NM_001258529,FBgn0003638,FBgn0003638,28.58893280632411,FBgn0003638
rna-NM_001258528.2,221,3478,0.06354226566992524,NM_001258528,FBgn0003638,FBgn0003638,28.58893280632411,FBgn0003638
rna-NM_057408.6,213,3199,0.0665833072835261,NM_057408,FBgn0003638,FBgn0003638,28.58893280632411,FBgn0003638
rna-NM_130523.3,115,2462,0.04670999187652315,NM_130523,FBgn0040351,FBgn0040351,1.8822134387351803,FBgn0040351
rna-NM_166869.4,103,1664,0.061899038461538464,NM_166869,FBgn0052814,FBgn0052814,1.0355731225296438,FBgn0052814
rna-NM_144382.4,87,1412,0.06161473087818697,NM_144382,FBgn0040337,FBgn0040337,30.731620553359686,FBgn0040337
rna-NM_130524.5,188,2214,0.08491418247515808,NM_130524,FBgn0026143,FBgn0026143,193.79841897233203,FBgn0026143
rna-NM_001042791.3,56,711,0.07876230661040788,NM_001042791,FBgn0266569,FBgn0266569,4.374308300395257,FBgn0266569
rna-NM_001258530.1,34,486,0.06995884773662552,NM_001258530,FBgn0266569,FBgn0266569,4.374308300395257,FBgn0266569
rna-NM_130525.4,43,1107,0.03884372177055104,NM_130525,FBgn0040398,FBgn0040398,2.1494071146245086,FBgn0040398
rna-NM_001103392.2,205,4995,0.04104104104104104,NM_001103392,FBgn0040397,FBgn0040397,34.715415019762844,FBgn0040397
rna-NM_001272190.2,175,4325,0.04046242774566474,NM_001272190,FBgn0040397,FBgn0040397,34.715415019762844,FBgn0040397
rna-NM_130526.3,201,4766,0.04217373059169115,NM_130526,FBgn0040397,FBgn0040397,34.715415019762844,FBgn0040397
rna-NM_001272189.2,201,4766,0.04217373059169115,NM_001272189,FBgn0040397,FBgn0040397,34.715415019762844,FBgn0040397
rna-NM_130539.3,104,1884,0.055201698513800426,NM_130539,FBgn0040367,FBgn0040367,5.06205533596838,FBgn0040367
rna-NM_001297839.1,101,1744,0.05791284403669725,NM_001297839,FBgn0040367,FBgn0040367,5.06205533596838,FBgn0040367
rna-NM_001272193.2,150,3018,0.04970178926441352,NM_001272193,FBgn0040366,FBgn0040366,19.05573122529646,FBgn0040366
rna-NM_130540.4,77,1487,0.05178211163416274,NM_130540,FBgn0040366,FBgn0040366,19.05573122529646,FBgn0040366
rna-NM_166874.3,320,8745,0.03659233847913093,NM_166874,FBgn0261444,FBgn0261444,92.28063241106719,FBgn0261444
rna-NM_166873.3,293,8332,0.035165626500240035,NM_166873,FBgn0261444,FBgn0261444,92.28063241106719,FBgn0261444
rna-NM_130541.4,226,6636,0.03405666063893912,NM_130541,FBgn0261444,FBgn0261444,92.28063241106719,FBgn0261444
rna-NM_001316632.1,226,6636,0.03405666063893912,NM_001316632,FBgn0261444,FBgn0261444,92.28063241106719,FBgn0261444
rna-NM_001272195.1,226,6755,0.033456698741672834,NM_001272195,FBgn0261444,FBgn0261444,92.28063241106719,FBgn0261444
rna-NM_001258531.2,190,6037,0.031472585721384796,NM_001258531,FBgn0261444,FBgn0261444,92.28063241106719,FBgn0261444
rna-NM_166872.3,186,6097,0.030506806626209613,NM_166872,FBgn0261444,FBgn0261444,92.28063241106719,FBgn0261444
rna-NM_001316631.1,186,6097,0.030506806626209613,NM_001316631,FBgn0261444,FBgn0261444,92.28063241106719,FBgn0261444
rna-NM_130542.4,171,2890,0.05916955017301038,NM_130542,FBgn0026876,FBgn0026876,21.359683794466417,FBgn0026876
rna-NM_001297840.1,460,6975,0.06594982078853047,NM_001297840,FBgn0028550,FBgn0028550,8.445059288537546,FBgn0028550
rna-NM_138988.4,463,7025,0.06590747330960854,NM_138988,FBgn0028550,FBgn0028550,8.445059288537546,FBgn0028550
rna-NM_001272196.2,463,7025,0.06590747330960854,NM_001272196,FBgn0028550,FBgn0028550,8.445059288537546,FBgn0028550
rna-NM_166875.3,335,5157,0.0649602482063215,NM_166875,FBgn0025641,FBgn0025641,81.4901185770751,FBgn0025641
rna-NM_001272197.1,354,5414,0.06538603620243813,NM_001272197,FBgn0025641,FBgn0025641,81.4901185770751,FBgn0025641
rna-NM_130544.4,291,4274,0.06808610201216658,NM_130544,FBgn0025641,FBgn0025641,81.4901185770751,FBgn0025641
rna-NM_001297842.1,342,5323,0.0642494833740372,NM_001297842,FBgn0025641,FBgn0025641,81.4901185770751,FBgn0025641
rna-NM_166876.3,343,5365,0.06393289841565704,NM_166876,FBgn0025641,FBgn0025641,81.4901185770751,FBgn0025641
rna-NM_001201593.2,359,5470,0.06563071297989032,NM_001201593,FBgn0025641,FBgn0025641,81.4901185770751,FBgn0025641
rna-NM_130545.3,342,6581,0.05196778605075217,NM_130545,FBgn0004650,FBgn0004650,24.483399209486244,FBgn0004650
rna-NM_001297843.1,273,4397,0.06208778712758699,NM_001297843,FBgn0024366,FBgn0024366,1.9474308300395278,FBgn0024366
rna-NM_130546.3,258,4457,0.05788647072021539,NM_130546,FBgn0024366,FBgn0024366,1.9474308300395278,FBgn0024366
rna-NM_166878.3,149,2347,0.06348530038346825,NM_166878,FBgn0024362,FBgn0024362,37.47430830039526,FBgn0024362
rna-NM_001272199.2,129,1989,0.06485671191553545,NM_001272199,FBgn0024362,FBgn0024362,37.47430830039526,FBgn0024362
rna-NM_001272200.1,124,2243,0.055283102987070884,NM_001272200,FBgn0024360,FBgn0024360,10.655335968379433,FBgn0024360
rna-NM_130548.3,131,2319,0.05648986632169038,NM_130548,FBgn0024360,FBgn0024360,10.655335968379433,FBgn0024360
rna-NM_206602.2,93,1374,0.06768558951965066,NM_206602,FBgn0024360,FBgn0024360,10.655335968379433,FBgn0024360
rna-NM_001297844.1,190,3887,0.04888088500128634,NM_001297844,FBgn0024365,FBgn0024365,51.798418972332016,FBgn0024365
rna-NM_001272202.1,176,3620,0.04861878453038674,NM_001272202,FBgn0024365,FBgn0024365,51.798418972332016,FBgn0024365
rna-NM_130549.3,176,3623,0.04857852608335633,NM_130549,FBgn0024365,FBgn0024365,51.798418972332016,FBgn0024365
rna-NM_130550.3,136,2460,0.055284552845528454,NM_130550,FBgn0024364,FBgn0024364,38.873517786561266,FBgn0024364
rna-NM_058144.3,81,1114,0.07271095152603231,NM_058144,FBgn0000826,FBgn0000826,31.096442687747057,FBgn0000826
rna-NM_001297846.1,210,3635,0.0577716643741403,NM_001297846,FBgn0024987,FBgn0024987,155.21343873517787,FBgn0024987
rna-NM_001297845.1,179,3096,0.05781653746770026,NM_001297845,FBgn0024987,FBgn0024987,155.21343873517787,FBgn0024987
rna-NM_206603.3,178,3055,0.058265139116202944,NM_206603,FBgn0024987,FBgn0024987,155.21343873517787,FBgn0024987
rna-NM_130552.3,174,2945,0.05908319185059423,NM_130552,FBgn0024987,FBgn0024987,155.21343873517787,FBgn0024987
rna-NM_166880.2,169,2853,0.05923589204346302,NM_166880,FBgn0023169,FBgn0023169,128.45454545454547,FBgn0023169
rna-NM_206604.2,164,2739,0.059875867104782765,NM_206604,FBgn0023169,FBgn0023169,128.45454545454547,FBgn0023169
rna-NM_057965.4,160,2708,0.059084194977843424,NM_057965,FBgn0023169,FBgn0023169,128.45454545454547,FBgn0023169
rna-NM_143733.2,44,831,0.052948255114320095,NM_143733,FBgn0024986,FBgn0024986,16.561264822134387,FBgn0024986
rna-NM_166885.3,154,3697,0.04165539626724371,NM_166885,FBgn0052813,FBgn0052813,1.4671936758893336,FBgn0052813
rna-NM_166881.4,147,3726,0.039452495974235106,NM_166881,FBgn0052813,FBgn0052813,1.4671936758893336,FBgn0052813
rna-NM_001297849.1,155,3585,0.043235704323570434,NM_001297849,FBgn0052813,FBgn0052813,1.4671936758893336,FBgn0052813
rna-NM_130553.4,152,3511,0.04329250925662204,NM_130553,FBgn0052813,FBgn0052813,1.4671936758893336,FBgn0052813
rna-NM_001382062.1,150,3484,0.04305396096440873,NM_001382062,FBgn0052813,FBgn0052813,1.4671936758893336,FBgn0052813
rna-NM_001297847.1,150,3484,0.04305396096440873,NM_001297847,FBgn0052813,FBgn0052813,1.4671936758893336,FBgn0052813
rna-NM_001297848.1,137,3220,0.04254658385093168,NM_001297848,FBgn0052813,FBgn0052813,1.4671936758893336,FBgn0052813
rna-NM_166883.4,192,4058,0.04731394775751602,NM_166883,FBgn0052813,FBgn0052813,1.4671936758893336,FBgn0052813
rna-NM_166884.4,156,3438,0.04537521815008726,NM_166884,FBgn0052813,FBgn0052813,1.4671936758893336,FBgn0052813
rna-NM_166882.3,143,3254,0.0439459127228027,NM_166882,FBgn0052813,FBgn0052813,1.4671936758893336,FBgn0052813
rna-NM_001272203.1,180,3799,0.04738088970781785,NM_001272203,FBgn0024985,FBgn0024985,133.39525691699606,FBgn0024985
rna-NM_130554.3,179,3784,0.04730443974630021,NM_130554,FBgn0024985,FBgn0024985,133.39525691699606,FBgn0024985
rna-NM_001272204.1,162,3603,0.044962531223980015,NM_001272204,FBgn0024985,FBgn0024985,133.39525691699606,FBgn0024985
rna-NM_001258532.1,1271,20736,0.061294367283950615,NM_001258532,FBgn0259108,FBgn0259108,0.8138339920948606,FBgn0259108
rna-NM_001169161.3,1380,22255,0.0620085374073242,NM_001169161,FBgn0259108,FBgn0259108,0.8138339920948606,FBgn0259108
rna-NM_001103394.3,1194,19300,0.061865284974093264,NM_001103394,FBgn0259108,FBgn0259108,0.8138339920948606,FBgn0259108
rna-NM_130556.2,100,1713,0.05837711617046118,NM_130556,FBgn0027795,FBgn0027795,2.162845849802372,FBgn0027795
rna-NM_130557.3,181,3382,0.05351862803075103,NM_130557,FBgn0027794,FBgn0027794,3.0039525691699622,FBgn0027794
rna-NM_130558.3,38,870,0.04367816091954023,NM_130558,FBgn0027793,FBgn0027793,1.5699604743083002,FBgn0027793
rna-NM_001297850.1,120,2176,0.05514705882352941,NM_001297850,FBgn0266284,FBgn0266284,26.65335968379447,FBgn0266284
rna-NM_130559.3,108,2040,0.052941176470588235,NM_130559,FBgn0266284,FBgn0266284,26.65335968379447,FBgn0266284
rna-NM_130560.4,112,1634,0.06854345165238677,NM_130560,FBgn0027791,FBgn0027791,18.04466403162055,FBgn0027791
rna-NM_166887.3,70,1399,0.05003573981415296,NM_166887,FBgn0013720,FBgn0013720,92.74308300395256,FBgn0013720
rna-NM_001038731.1,73,1360,0.05367647058823529,NM_001038731,FBgn0013720,FBgn0013720,92.74308300395256,FBgn0013720
rna-NM_130563.4,68,1289,0.05275407292474787,NM_130563,FBgn0013720,FBgn0013720,92.74308300395256,FBgn0013720
rna-NM_166888.3,84,1466,0.0572987721691678,NM_166888,FBgn0025382,FBgn0025382,2.9189723320158145,FBgn0025382
rna-NM_130565.4,90,1564,0.05754475703324808,NM_130565,FBgn0025382,FBgn0025382,2.9189723320158145,FBgn0025382
rna-NM_001347750.1,54,1493,0.0361687876758205,NM_001347750,FBgn0260986,FBgn0260986,27.640316205533598,FBgn0260986
rna-NM_001297854.1,47,1336,0.035179640718562874,NM_001297854,FBgn0260986,FBgn0260986,27.640316205533598,FBgn0260986
rna-NM_130566.3,47,1333,0.035258814703675916,NM_130566,FBgn0260986,FBgn0260986,27.640316205533598,FBgn0260986
rna-NM_130567.3,115,2082,0.05523535062439962,NM_130567,FBgn0025381,FBgn0025381,8.144268774703555,FBgn0025381
rna-NM_001297855.1,147,2672,0.05501497005988024,NM_001297855,FBgn0025381,FBgn0025381,8.144268774703555,FBgn0025381
rna-NM_166889.2,56,1083,0.05170821791320406,NM_166889,FBgn0003517,FBgn0003517,1022.7667984189724,FBgn0003517
rna-NM_001297856.1,64,1088,0.058823529411764705,NM_001297856,FBgn0003517,FBgn0003517,1022.7667984189724,FBgn0003517
rna-NM_057402.5,64,1109,0.057709648331830475,NM_057402,FBgn0003517,FBgn0003517,1022.7667984189724,FBgn0003517
rna-NM_166890.3,56,1035,0.05410628019323672,NM_166890,FBgn0003517,FBgn0003517,1022.7667984189724,FBgn0003517
rna-NM_001297857.1,228,4686,0.04865556978233035,NM_001297857,FBgn0025394,FBgn0025394,400.44268774703556,FBgn0025394
rna-NM_130570.3,136,3254,0.04179471419791026,NM_130570,FBgn0025394,FBgn0025394,400.44268774703556,FBgn0025394
rna-NM_001297858.1,119,2776,0.042867435158501443,NM_001297858,FBgn0025394,FBgn0025394,400.44268774703556,FBgn0025394
rna-NM_001201595.2,280,5100,0.054901960784313725,NM_001201595,FBgn0025390,FBgn0025390,2.896047430830042,FBgn0025390
rna-NM_001297860.1,391,6772,0.057737743650324864,NM_001297860,FBgn0025390,FBgn0025390,2.896047430830042,FBgn0025390
rna-NM_130571.3,378,6411,0.058961160505381374,NM_130571,FBgn0025390,FBgn0025390,2.896047430830042,FBgn0025390
rna-NM_057938.5,173,3161,0.054729515975956974,NM_057938,FBgn0000482,FBgn0000482,2.2391304347826115,FBgn0000482
rna-NM_130576.4,56,829,0.06755126658624849,NM_130576,FBgn0023530,FBgn0023530,5.532806324110658,FBgn0023530
rna-NM_001272206.1,187,3038,0.061553653719552334,NM_001272206,FBgn0001189,FBgn0001189,21.841897233201582,FBgn0001189
rna-NM_130577.4,170,2540,0.06692913385826772,NM_130577,FBgn0001189,FBgn0001189,21.841897233201582,FBgn0001189
rna-NM_001272211.3,292,6728,0.043400713436385255,NM_001272211,FBgn0023531,FBgn0023531,36.055335968379445,FBgn0023531
rna-NM_001272210.3,292,6791,0.04299808570166397,NM_001272210,FBgn0023531,FBgn0023531,36.055335968379445,FBgn0023531
rna-NM_001272208.2,292,6875,0.04247272727272727,NM_001272208,FBgn0023531,FBgn0023531,36.055335968379445,FBgn0023531
rna-NM_001258537.3,292,6941,0.042068866157614175,NM_001258537,FBgn0023531,FBgn0023531,36.055335968379445,FBgn0023531
rna-NM_130578.3,182,4653,0.03911454975284762,NM_130578,FBgn0023531,FBgn0023531,36.055335968379445,FBgn0023531
rna-NM_001272207.1,182,4653,0.03911454975284762,NM_001272207,FBgn0023531,FBgn0023531,36.055335968379445,FBgn0023531
rna-NM_001272209.3,181,4661,0.03883286848315812,NM_001272209,FBgn0023531,FBgn0023531,36.055335968379445,FBgn0023531
rna-NM_001258535.3,191,4697,0.040664253779007876,NM_001258535,FBgn0023531,FBgn0023531,36.055335968379445,FBgn0023531
rna-NM_001258538.3,191,4741,0.04028685931238135,NM_001258538,FBgn0023531,FBgn0023531,36.055335968379445,FBgn0023531
rna-NM_001258536.2,134,3799,0.03527244011581995,NM_001258536,FBgn0023531,FBgn0023531,36.055335968379445,FBgn0023531
rna-NM_166899.2,45,2636,0.01707132018209408,NM_166899,FBgn0023531,FBgn0023531,36.055335968379445,FBgn0023531
rna-NM_001272213.1,109,2047,0.05324865657059111,NM_001272213,FBgn0023130,FBgn0023130,51.49802371541502,FBgn0023130
rna-NM_057961.5,117,2210,0.052941176470588235,NM_057961,FBgn0023130,FBgn0023130,51.49802371541502,FBgn0023130
rna-NM_001272212.1,118,2218,0.05320108205590622,NM_001272212,FBgn0023130,FBgn0023130,51.49802371541502,FBgn0023130
rna-NM_001258549.1,166,3319,0.05001506477854775,NM_001258549,FBgn0283741,FBgn0283741,22.877470355731226,FBgn0283741
rna-NM_001258551.1,161,2821,0.05707196029776675,NM_001258551,FBgn0283741,FBgn0283741,22.877470355731226,FBgn0283741
rna-NM_001258552.1,200,3749,0.05334755934915977,NM_001258552,FBgn0283741,FBgn0283741,22.877470355731226,FBgn0283741
rna-NM_001201599.2,194,3629,0.053458252962248556,NM_001201599,FBgn0283741,FBgn0283741,22.877470355731226,FBgn0283741
rna-NM_001258550.1,144,2784,0.05172413793103448,NM_001258550,FBgn0283741,FBgn0283741,22.877470355731226,FBgn0283741
rna-NM_130589.3,162,3467,0.046726276319584654,NM_130589,FBgn0283741,FBgn0283741,22.877470355731226,FBgn0283741
rna-NM_166908.2,164,2934,0.05589638718473074,NM_166908,FBgn0283741,FBgn0283741,22.877470355731226,FBgn0283741
rna-NM_001272214.1,202,3700,0.05459459459459459,NM_001272214,FBgn0283741,FBgn0283741,22.877470355731226,FBgn0283741
rna-NM_001201600.2,203,3806,0.053336836573830794,NM_001201600,FBgn0283741,FBgn0283741,22.877470355731226,FBgn0283741
rna-NM_166907.2,155,3100,0.05,NM_166907,FBgn0283741,FBgn0283741,22.877470355731226,FBgn0283741
rna-NM_166906.2,149,2876,0.05180806675938804,NM_166906,FBgn0283741,FBgn0283741,22.877470355731226,FBgn0283741
rna-NM_001258548.2,265,6954,0.038107563991947084,NM_001258548,FBgn0026086,FBgn0026086,26.490118577075098,FBgn0026086
rna-NM_001297862.1,272,6823,0.03986516195222043,NM_001297862,FBgn0026086,FBgn0026086,26.490118577075098,FBgn0026086
rna-NM_166903.3,257,6645,0.03867569601203913,NM_166903,FBgn0026086,FBgn0026086,26.490118577075098,FBgn0026086
rna-NM_001258547.2,79,2839,0.027826699542092288,NM_001258547,FBgn0026086,FBgn0026086,26.490118577075098,FBgn0026086
rna-NM_001038732.3,125,3451,0.036221385105766446,NM_001038732,FBgn0026086,FBgn0026086,26.490118577075098,FBgn0026086
rna-NM_130584.4,75,2648,0.028323262839879154,NM_130584,FBgn0026086,FBgn0026086,26.490118577075098,FBgn0026086
rna-NM_001258545.2,82,2692,0.030460624071322436,NM_001258545,FBgn0026086,FBgn0026086,26.490118577075098,FBgn0026086
rna-NM_001258546.2,43,2042,0.021057786483839373,NM_001258546,FBgn0026086,FBgn0026086,26.490118577075098,FBgn0026086
rna-NM_001258542.2,49,2073,0.02363724071394115,NM_001258542,FBgn0026086,FBgn0026086,26.490118577075098,FBgn0026086
rna-NM_001258544.2,82,2867,0.0286013254272759,NM_001258544,FBgn0026086,FBgn0026086,26.490118577075098,FBgn0026086
rna-NM_001258543.2,32,1891,0.016922263352723427,NM_001258543,FBgn0026086,FBgn0026086,26.490118577075098,FBgn0026086
rna-NM_001297863.1,28,1851,0.015126958400864398,NM_001297863,FBgn0026086,FBgn0026086,26.490118577075098,FBgn0026086
rna-NM_001258541.2,39,1938,0.020123839009287926,NM_001258541,FBgn0026086,FBgn0026086,26.490118577075098,FBgn0026086
rna-NM_001258540.1,76,2727,0.027869453612027868,NM_001258540,FBgn0026086,FBgn0026086,26.490118577075098,FBgn0026086
rna-NM_001382020.1,63,2315,0.027213822894168467,NM_001382020,FBgn0026086,FBgn0026086,26.490118577075098,FBgn0026086
rna-NM_001272215.2,28,802,0.034912718204488775,NM_001272215,FBgn0026090,FBgn0026090,36.55335968379447,FBgn0026090
rna-NM_130590.5,24,720,0.03333333333333333,NM_130590,FBgn0026090,FBgn0026090,36.55335968379447,FBgn0026090
rna-NM_001169171.2,92,2167,0.042455006922012,NM_001169171,FBgn0028969,FBgn0028969,108.6086956521739,FBgn0028969
rna-NM_143755.4,92,2170,0.0423963133640553,NM_143755,FBgn0028969,FBgn0028969,108.6086956521739,FBgn0028969
rna-NM_001297864.1,207,3511,0.058957561948162915,NM_001297864,FBgn0023515,FBgn0023515,240.6600790513834,FBgn0023515
rna-NM_166909.3,201,3385,0.059379615952732646,NM_166909,FBgn0023515,FBgn0023515,240.6600790513834,FBgn0023515
rna-NM_130591.3,203,3451,0.058823529411764705,NM_130591,FBgn0023515,FBgn0023515,240.6600790513834,FBgn0023515
rna-NM_001144673.2,38,865,0.04393063583815029,NM_001144673,FBgn0026873,FBgn0026873,14.328063241106719,FBgn0026873
rna-NM_130592.4,37,842,0.043942992874109264,NM_130592,FBgn0026873,FBgn0026873,14.328063241106719,FBgn0026873
rna-NM_166910.2,123,2158,0.056997219647822055,NM_166910,FBgn0023516,FBgn0023516,7.839920948616588,FBgn0023516
rna-NM_130593.4,106,1972,0.0537525354969574,NM_130593,FBgn0023516,FBgn0023516,7.839920948616588,FBgn0023516
rna-NM_130594.2,165,3419,0.048259725065808716,NM_130594,FBgn0023513,FBgn0023513,41.56521739130435,FBgn0023513
rna-NM_001297865.1,165,3404,0.048472385428907167,NM_001297865,FBgn0023513,FBgn0023513,41.56521739130435,FBgn0023513
rna-NM_001297866.1,45,1097,0.04102096627164995,NM_001297866,FBgn0023517,FBgn0023517,103.9802371541502,FBgn0023517
rna-NM_130595.3,45,1100,0.04090909090909091,NM_130595,FBgn0023517,FBgn0023517,103.9802371541502,FBgn0023517
rna-NM_130596.3,126,2543,0.04954777821470704,NM_130596,FBgn0014411,FBgn0014411,263.0711462450593,FBgn0014411
rna-NM_001297867.1,70,920,0.07608695652173914,NM_001297867,FBgn0026089,FBgn0026089,24.50592885375494,FBgn0026089
rna-NM_130597.3,46,508,0.09055118110236221,NM_130597,FBgn0026089,FBgn0026089,24.50592885375494,FBgn0026089
rna-NM_130598.3,120,1704,0.07042253521126761,NM_130598,FBgn0023514,FBgn0023514,45.56126482213439,FBgn0023514
rna-NM_001272217.1,38,598,0.06354515050167224,NM_001272217,FBgn0026088,FBgn0026088,9.113438735177864,FBgn0026088
rna-NM_130599.3,29,501,0.05788423153692615,NM_130599,FBgn0026088,FBgn0026088,9.113438735177864,FBgn0026088
rna-NM_130600.2,57,1019,0.05593719332679097,NM_130600,FBgn0029594,FBgn0029594,15.312252964426877,FBgn0029594
rna-NM_001272218.1,49,770,0.06363636363636363,NM_001272218,FBgn0029594,FBgn0029594,15.312252964426877,FBgn0029594
rna-NM_080301.3,509,8251,0.061689492182765725,NM_080301,FBgn0023518,FBgn0023518,129.2411067193676,FBgn0023518
rna-NM_166911.4,510,8314,0.06134231416887178,NM_166911,FBgn0023518,FBgn0023518,129.2411067193676,FBgn0023518
rna-NM_001272219.1,63,1076,0.05855018587360595,NM_001272219,FBgn0023519,FBgn0023519,145.27667984189722,FBgn0023519
rna-NM_080302.3,50,869,0.05753739930955121,NM_080302,FBgn0023519,FBgn0023519,145.27667984189722,FBgn0023519
rna-NM_057317.4,53,3127,0.01694915254237288,NM_057317,FBgn0000117,FBgn0000117,1043.4387351778655,FBgn0000117
rna-NM_057318.4,53,3120,0.016987179487179486,NM_057318,FBgn0000117,FBgn0000117,1043.4387351778655,FBgn0000117
rna-NM_166912.2,52,3123,0.01665065642010887,NM_166912,FBgn0000117,FBgn0000117,1043.4387351778655,FBgn0000117
rna-NM_134273.2,53,3220,0.016459627329192546,NM_134273,FBgn0000117,FBgn0000117,1043.4387351778655,FBgn0000117
rna-NM_206605.2,53,3116,0.01700898587933248,NM_206605,FBgn0000117,FBgn0000117,1043.4387351778655,FBgn0000117
rna-NM_001272220.1,53,3211,0.0165057614450327,NM_001272220,FBgn0000117,FBgn0000117,1043.4387351778655,FBgn0000117
rna-NM_001272222.2,38,800,0.0475,NM_001272222,FBgn0052803,FBgn0052803,49.57707509881423,FBgn0052803
rna-NM_130601.5,39,818,0.04767726161369193,NM_130601,FBgn0052803,FBgn0052803,49.57707509881423,FBgn0052803
rna-NM_001272221.2,41,905,0.045303867403314914,NM_001272221,FBgn0052803,FBgn0052803,49.57707509881423,FBgn0052803
rna-NM_166915.2,250,4251,0.058809691837214774,NM_166915,FBgn0023511,FBgn0023511,22.64822134387352,FBgn0023511
rna-NM_001272223.2,235,3883,0.06052021632758177,NM_001272223,FBgn0023511,FBgn0023511,22.64822134387352,FBgn0023511
rna-NM_001258554.2,235,3935,0.05972045743329098,NM_001258554,FBgn0023511,FBgn0023511,22.64822134387352,FBgn0023511
rna-NM_130603.3,200,3221,0.06209251785159888,NM_130603,FBgn0023511,FBgn0023511,22.64822134387352,FBgn0023511
rna-NM_166914.2,234,3670,0.06376021798365122,NM_166914,FBgn0023511,FBgn0023511,22.64822134387352,FBgn0023511
rna-NM_130602.4,218,3459,0.06302399537438566,NM_130602,FBgn0023509,FBgn0023509,31.976284584980238,FBgn0023509
rna-NM_001297868.1,380,6716,0.05658129839189994,NM_001297868,FBgn0023510,FBgn0023510,77.61660079051383,FBgn0023510
rna-NM_130604.4,343,6065,0.056553998351195386,NM_130604,FBgn0023510,FBgn0023510,77.61660079051383,FBgn0023510
rna-NM_206606.3,145,2447,0.059256232120964446,NM_206606,FBgn0023512,FBgn0023512,37.73517786561265,FBgn0023512
rna-NM_130605.5,137,2297,0.05964301262516326,NM_130605,FBgn0023512,FBgn0023512,37.73517786561265,FBgn0023512
rna-NM_130606.3,181,3688,0.049078091106290675,NM_130606,FBgn0023508,FBgn0023508,90.51778656126483,FBgn0023508
rna-NM_001272224.1,174,3619,0.04807957999447361,NM_001272224,FBgn0023508,FBgn0023508,90.51778656126483,FBgn0023508
rna-NM_130607.3,80,1747,0.04579278763594734,NM_130607,FBgn0023522,FBgn0023522,74.26086956521739,FBgn0023522
rna-NM_166916.2,84,1791,0.04690117252931323,NM_166916,FBgn0023522,FBgn0023522,74.26086956521739,FBgn0023522
rna-NM_001272226.1,84,1765,0.04759206798866856,NM_001272226,FBgn0023522,FBgn0023522,74.26086956521739,FBgn0023522
rna-NM_166917.2,86,1648,0.05218446601941747,NM_166917,FBgn0023522,FBgn0023522,74.26086956521739,FBgn0023522
rna-NM_001272225.1,82,1544,0.05310880829015544,NM_001272225,FBgn0023522,FBgn0023522,74.26086956521739,FBgn0023522
rna-NM_206607.2,96,2341,0.04100811618966254,NM_206607,FBgn0023520,FBgn0023520,14.861660079051383,FBgn0023520
rna-NM_130609.4,49,1105,0.044343891402714934,NM_130609,FBgn0023521,FBgn0023521,13.798418972332016,FBgn0023521
rna-NM_001272234.1,637,12551,0.05075292805354155,NM_001272234,FBgn0264562,FBgn0264562,37.758893280632414,FBgn0264562
rna-NM_001272233.2,513,10003,0.051284614615615315,NM_001272233,FBgn0264562,FBgn0264562,37.758893280632414,FBgn0264562
rna-NM_001272230.1,434,8596,0.050488599348534204,NM_001272230,FBgn0264562,FBgn0264562,37.758893280632414,FBgn0264562
rna-NM_001272227.1,475,9386,0.05060728744939271,NM_001272227,FBgn0264562,FBgn0264562,37.758893280632414,FBgn0264562
rna-NM_001272231.1,428,8406,0.050916012372115155,NM_001272231,FBgn0264562,FBgn0264562,37.758893280632414,FBgn0264562
rna-NM_001272232.1,424,8338,0.050851523147037656,NM_001272232,FBgn0264562,FBgn0264562,37.758893280632414,FBgn0264562
rna-NM_001038734.2,428,8403,0.05093419017017732,NM_001038734,FBgn0264562,FBgn0264562,37.758893280632414,FBgn0264562
rna-NM_001272229.1,485,9374,0.05173885214422872,NM_001272229,FBgn0264562,FBgn0264562,37.758893280632414,FBgn0264562
rna-NM_001272228.1,431,8417,0.05120589283592729,NM_001272228,FBgn0264562,FBgn0264562,37.758893280632414,FBgn0264562
rna-NM_130612.4,74,1203,0.06151288445552785,NM_130612,FBgn0023545,FBgn0023545,29.47826086956522,FBgn0023545
rna-NM_001258555.1,438,7498,0.05841557748732996,NM_001258555,FBgn0261954,FBgn0261954,493.8814229249012,FBgn0261954
rna-NM_001201601.2,443,7521,0.05890174178965563,NM_001201601,FBgn0261954,FBgn0261954,493.8814229249012,FBgn0261954
rna-NM_080125.5,427,7368,0.05795331161780673,NM_080125,FBgn0261954,FBgn0261954,493.8814229249012,FBgn0261954
rna-NM_001258556.2,561,9407,0.05963644094823004,NM_001258556,FBgn0261954,FBgn0261954,493.8814229249012,FBgn0261954
rna-NM_001201602.2,451,7579,0.059506531204644414,NM_001201602,FBgn0261954,FBgn0261954,493.8814229249012,FBgn0261954
rna-NM_001297869.1,459,7954,0.05770681418154388,NM_001297869,FBgn0261954,FBgn0261954,493.8814229249012,FBgn0261954
rna-NM_058137.6,232,4868,0.047658175842235,NM_058137,FBgn0000667,FBgn0000667,165.61660079051384,FBgn0000667
rna-NM_001272235.1,187,3877,0.04823316997678617,NM_001272235,FBgn0000667,FBgn0000667,165.61660079051384,FBgn0000667
rna-NM_058136.4,170,3511,0.0484192537738536,NM_058136,FBgn0000667,FBgn0000667,165.61660079051384,FBgn0000667
rna-NM_166920.2,169,3511,0.048134434634007406,NM_166920,FBgn0000667,FBgn0000667,165.61660079051384,FBgn0000667
rna-NM_001272237.1,171,3351,0.051029543419874666,NM_001272237,FBgn0000667,FBgn0000667,165.61660079051384,FBgn0000667
rna-NM_001272238.1,171,3366,0.05080213903743316,NM_001272238,FBgn0000667,FBgn0000667,165.61660079051384,FBgn0000667
rna-NM_001272236.1,171,3369,0.05075690115761353,NM_001272236,FBgn0000667,FBgn0000667,165.61660079051384,FBgn0000667
rna-NM_001201603.2,168,3306,0.050816696914700546,NM_001201603,FBgn0000667,FBgn0000667,165.61660079051384,FBgn0000667
rna-NM_001201604.2,174,3516,0.04948805460750853,NM_001201604,FBgn0000667,FBgn0000667,165.61660079051384,FBgn0000667
rna-NM_001272239.2,94,3038,0.030941408821593155,NM_001272239,FBgn0003964,FBgn0003964,290.3478260869565,FBgn0003964
rna-NM_057433.4,87,2515,0.03459244532803181,NM_057433,FBgn0003964,FBgn0003964,290.3478260869565,FBgn0003964
rna-NM_001297871.1,55,1951,0.028190671450538187,NM_001297871,FBgn0025632,FBgn0025632,4.858498023715414,FBgn0025632
rna-NM_001297870.1,61,2021,0.030183077684314694,NM_001297870,FBgn0025632,FBgn0025632,4.858498023715414,FBgn0025632
rna-NM_130615.3,87,2157,0.04033379694019471,NM_130615,FBgn0025632,FBgn0025632,4.858498023715414,FBgn0025632
rna-NM_001201607.2,211,3780,0.05582010582010582,NM_001201607,FBgn0025631,FBgn0025631,6.589723320158102,FBgn0025631
rna-NM_001201605.2,211,3782,0.05579058699101005,NM_001201605,FBgn0025631,FBgn0025631,6.589723320158102,FBgn0025631
rna-NM_001272241.2,154,2937,0.052434456928838954,NM_001272241,FBgn0025631,FBgn0025631,6.589723320158102,FBgn0025631
rna-NM_001201606.2,154,2939,0.052398775093569244,NM_001201606,FBgn0025631,FBgn0025631,6.589723320158102,FBgn0025631
rna-NM_130614.4,154,2941,0.05236314178850731,NM_130614,FBgn0025631,FBgn0025631,6.589723320158102,FBgn0025631
rna-NM_001272242.2,156,3014,0.051758460517584606,NM_001272242,FBgn0025631,FBgn0025631,6.589723320158102,FBgn0025631
rna-NM_130617.4,126,2664,0.0472972972972973,NM_130617,FBgn0025626,FBgn0025626,115.18181818181819,FBgn0025626
rna-NM_130619.5,68,1097,0.06198723792160438,NM_130619,FBgn0025627,FBgn0025627,1.7620553359683775,FBgn0025627
rna-NM_130621.3,92,2070,0.044444444444444446,NM_130621,FBgn0025630,FBgn0025630,2.375098814229255,FBgn0025630
rna-NM_001297872.1,90,2042,0.04407443682664055,NM_001297872,FBgn0025630,FBgn0025630,2.375098814229255,FBgn0025630
rna-NM_130622.3,68,923,0.07367280606717226,NM_130622,FBgn0025629,FBgn0025629,14.837944664031621,FBgn0025629
rna-NM_130623.3,50,1240,0.04032258064516129,NM_130623,FBgn0025624,FBgn0025624,12.4901185770751,FBgn0025624
rna-NM_130624.3,91,1936,0.04700413223140496,NM_130624,FBgn0040394,FBgn0040394,30.50197628458498,FBgn0040394
rna-NM_001272243.1,171,3825,0.04470588235294118,NM_001272243,FBgn0040395,FBgn0040395,22.766798418972346,FBgn0040395
rna-NM_130625.3,132,2970,0.044444444444444446,NM_130625,FBgn0040395,FBgn0040395,22.766798418972346,FBgn0040395
rna-NM_166927.2,127,2860,0.044405594405594405,NM_166927,FBgn0040395,FBgn0040395,22.766798418972346,FBgn0040395
rna-NM_001272244.1,104,2191,0.04746691008671839,NM_001272244,FBgn0040395,FBgn0040395,22.766798418972346,FBgn0040395
rna-NM_001272245.1,239,7119,0.03357213091726366,NM_001272245,FBgn0000382,FBgn0000382,119.91699604743083,FBgn0000382
rna-NM_057782.5,221,4560,0.04846491228070175,NM_057782,FBgn0000382,FBgn0000382,119.91699604743083,FBgn0000382
rna-NM_057783.3,199,7664,0.025965553235908143,NM_057783,FBgn0000382,FBgn0000382,119.91699604743083,FBgn0000382
rna-NM_166928.2,196,4106,0.047735021919142716,NM_166928,FBgn0000382,FBgn0000382,119.91699604743083,FBgn0000382
rna-NM_001103395.2,122,6020,0.02026578073089701,NM_001103395,FBgn0004860,FBgn0004860,9.06403162055336,FBgn0004860
rna-NM_080055.3,106,5821,0.018209929565366774,NM_080055,FBgn0004860,FBgn0004860,9.06403162055336,FBgn0004860
rna-NM_001297874.1,210,6048,0.034722222222222224,NM_001297874,FBgn0004861,FBgn0004861,15.938339920948618,FBgn0004861
rna-NM_001169173.1,210,5724,0.03668763102725367,NM_001169173,FBgn0004861,FBgn0004861,15.938339920948618,FBgn0004861
rna-NM_001297873.1,206,5695,0.03617208077260755,NM_001297873,FBgn0004861,FBgn0004861,15.938339920948618,FBgn0004861
rna-NM_057523.5,210,5940,0.03535353535353535,NM_057523,FBgn0004861,FBgn0004861,15.938339920948618,FBgn0004861
rna-NM_057512.3,74,1895,0.03905013192612137,NM_057512,FBgn0004654,FBgn0004654,46.26758893280633,FBgn0004654
rna-NM_001272246.1,65,1668,0.03896882494004796,NM_001272246,FBgn0004654,FBgn0004654,46.26758893280633,FBgn0004654
rna-NM_057711.3,21,748,0.02807486631016043,NM_057711,FBgn0013432,FBgn0013432,18.193675889328063,FBgn0013432
rna-NM_001297875.1,198,6939,0.028534370946822308,NM_001297875,FBgn0004655,FBgn0004655,163.11462450592884,FBgn0004655
rna-NM_080303.3,187,6768,0.02763002364066194,NM_080303,FBgn0004655,FBgn0004655,163.11462450592884,FBgn0004655
rna-NM_166931.2,162,5067,0.03197158081705151,NM_166931,FBgn0004655,FBgn0004655,163.11462450592884,FBgn0004655
rna-NM_001272249.1,98,1672,0.05861244019138756,NM_001272249,FBgn0023540,FBgn0023540,18.734387351778697,FBgn0023540
rna-NM_130627.4,109,1948,0.05595482546201232,NM_130627,FBgn0023540,FBgn0023540,18.734387351778697,FBgn0023540
rna-NM_001272247.2,104,1783,0.05832865956253505,NM_001272247,FBgn0023540,FBgn0023540,18.734387351778697,FBgn0023540
rna-NM_001272248.2,101,1786,0.05655095184770437,NM_001272248,FBgn0023540,FBgn0023540,18.734387351778697,FBgn0023540
rna-NM_001297876.1,42,807,0.05204460966542751,NM_001297876,FBgn0025839,FBgn0025839,19.881422924901187,FBgn0025839
rna-NM_130628.4,25,512,0.048828125,NM_130628,FBgn0025839,FBgn0025839,19.881422924901187,FBgn0025839
rna-NM_057336.5,81,1638,0.04945054945054945,NM_057336,FBgn0003116,FBgn0003116,14.727272727272727,FBgn0003116
rna-NM_057984.5,87,1791,0.048576214405360134,NM_057984,FBgn0023542,FBgn0023542,14.939525691699602,FBgn0023542
rna-NM_001297878.1,40,534,0.0749063670411985,NM_001297878,FBgn0040899,FBgn0040899,21.349407114624526,FBgn0040899
rna-NM_144252.4,19,372,0.051075268817204304,NM_144252,FBgn0040899,FBgn0040899,21.349407114624526,FBgn0040899
rna-NM_001297880.1,40,1100,0.03636363636363636,NM_001297880,FBgn0024984,FBgn0024984,187.72727272727272,FBgn0024984
rna-NM_130629.3,36,891,0.04040404040404041,NM_130629,FBgn0024984,FBgn0024984,187.72727272727272,FBgn0024984
rna-NM_001297881.1,124,2738,0.045288531775018265,NM_001297881,FBgn0023549,FBgn0023549,1.4853754940711537,FBgn0023549
rna-NM_057986.4,126,2955,0.04263959390862944,NM_057986,FBgn0023549,FBgn0023549,1.4853754940711537,FBgn0023549
rna-NM_001272251.2,95,1766,0.05379388448471121,NM_001272251,FBgn0029603,FBgn0029603,2.934387351778661,FBgn0029603
rna-NM_130630.2,74,1109,0.06672678088367899,NM_130630,FBgn0029603,FBgn0029603,2.934387351778661,FBgn0029603
rna-NM_001297884.1,111,3744,0.029647435897435896,NM_001297884,FBgn0004397,FBgn0004397,67.4790513833992,FBgn0004397
rna-NM_057472.3,115,3766,0.030536378120021242,NM_057472,FBgn0004397,FBgn0004397,67.4790513833992,FBgn0004397
rna-NM_001297885.1,119,3838,0.031005732152162586,NM_001297885,FBgn0004397,FBgn0004397,67.4790513833992,FBgn0004397
rna-NM_001272254.2,301,12119,0.02483703275847842,NM_001272254,FBgn0003048,FBgn0003048,58.6798418972332,FBgn0003048
rna-NM_001272253.1,301,12107,0.024861650284959114,NM_001272253,FBgn0003048,FBgn0003048,58.6798418972332,FBgn0003048
rna-NM_080306.4,297,12023,0.024702653247941447,NM_080306,FBgn0003048,FBgn0003048,58.6798418972332,FBgn0003048
rna-NM_057243.4,139,3927,0.03539597657244716,NM_057243,FBgn0001330,FBgn0001330,3.7948616600790537,FBgn0001330
rna-NM_001297886.1,133,3741,0.035551991446137396,NM_001297886,FBgn0001330,FBgn0001330,3.7948616600790537,FBgn0001330
rna-NM_058143.4,159,3052,0.05209698558322411,NM_058143,FBgn0000810,FBgn0000810,13.731225296442688,FBgn0000810
rna-NM_057770.5,104,2332,0.044596912521440824,NM_057770,FBgn0000377,FBgn0000377,9.055335968379447,FBgn0000377
rna-NM_130636.3,118,2163,0.0545538603791031,NM_130636,FBgn0027296,FBgn0027296,44.83794466403162,FBgn0027296
rna-NM_001297889.1,97,1791,0.05415968732551647,NM_001297889,FBgn0027296,FBgn0027296,44.83794466403162,FBgn0027296
rna-NM_130637.4,111,1921,0.05778240499739719,NM_130637,FBgn0023527,FBgn0023527,42.869565217391305,FBgn0023527
rna-NM_001297890.1,204,2928,0.06967213114754098,NM_001297890,FBgn0023528,FBgn0023528,263.4861660079051,FBgn0023528
rna-NM_166935.3,169,2656,0.06362951807228916,NM_166935,FBgn0023528,FBgn0023528,263.4861660079051,FBgn0023528
rna-NM_130638.4,175,2717,0.06440927493559072,NM_130638,FBgn0023528,FBgn0023528,263.4861660079051,FBgn0023528
rna-NM_001297891.1,166,2606,0.0636991557943208,NM_001297891,FBgn0023528,FBgn0023528,263.4861660079051,FBgn0023528
rna-NM_001169174.2,168,3387,0.049601417183348095,NM_001169174,FBgn0023529,FBgn0023529,84.92885375494072,FBgn0023529
rna-NM_130639.4,151,3175,0.04755905511811023,NM_130639,FBgn0023529,FBgn0023529,84.92885375494072,FBgn0023529
rna-NM_001272255.1,236,5515,0.04279238440616501,NM_001272255,FBgn0023526,FBgn0023526,399.7826086956522,FBgn0023526
rna-NM_130641.3,77,2079,0.037037037037037035,NM_130641,FBgn0023526,FBgn0023526,399.7826086956522,FBgn0023526
rna-NM_001103397.3,191,4247,0.044972922062632446,NM_001103397,FBgn0003079,FBgn0003079,98.76284584980237,FBgn0003079
rna-NM_080308.4,183,3247,0.05635971666153372,NM_080308,FBgn0003079,FBgn0003079,98.76284584980237,FBgn0003079
rna-NM_001258558.1,57,1385,0.04115523465703971,NM_001258558,FBgn0040392,FBgn0040392,0.9683794466403164,FBgn0040392
rna-NM_130642.2,31,952,0.032563025210084036,NM_130642,FBgn0040392,FBgn0040392,0.9683794466403164,FBgn0040392
rna-NM_130644.4,95,1908,0.04979035639412998,NM_130644,FBgn0044047,FBgn0044047,6.566403162055335,FBgn0044047
rna-NM_001201610.2,49,941,0.052072263549415514,NM_001201610,FBgn0044047,FBgn0044047,6.566403162055335,FBgn0044047
rna-NM_001201609.1,27,634,0.04258675078864353,NM_001201609,FBgn0044047,FBgn0044047,6.566403162055335,FBgn0044047
rna-NM_001272256.1,31,702,0.04415954415954416,NM_001272256,FBgn0044047,FBgn0044047,6.566403162055335,FBgn0044047
rna-NM_001272257.2,35,597,0.05862646566164154,NM_001272257,FBgn0040389,FBgn0040389,29.67193675889328,FBgn0040389
rna-NM_080309.4,36,653,0.055130168453292494,NM_080309,FBgn0040389,FBgn0040389,29.67193675889328,FBgn0040389
rna-NM_001258559.2,264,4955,0.053279515640766904,NM_001258559,FBgn0003159,FBgn0003159,28.49920948616604,FBgn0003159
rna-NM_166938.2,273,5069,0.05385677648451371,NM_166938,FBgn0003159,FBgn0003159,28.49920948616604,FBgn0003159
rna-NM_166937.2,243,4599,0.05283757338551859,NM_166937,FBgn0003159,FBgn0003159,28.49920948616604,FBgn0003159
rna-NM_001297892.1,246,4653,0.052869116698903935,NM_001297892,FBgn0003159,FBgn0003159,28.49920948616604,FBgn0003159
rna-NM_001258560.1,221,4207,0.052531495127169,NM_001258560,FBgn0003159,FBgn0003159,28.49920948616604,FBgn0003159
rna-NM_080022.4,223,4269,0.05223705785898337,NM_080022,FBgn0003159,FBgn0003159,28.49920948616604,FBgn0003159
rna-NM_130645.6,348,9913,0.035105417129022494,NM_130645,FBgn0264598,FBgn0264598,2.2667984189723325,FBgn0264598
rna-NM_001272259.1,336,9240,0.03636363636363636,NM_001272259,FBgn0264598,FBgn0264598,2.2667984189723325,FBgn0264598
rna-NM_001272258.1,348,9605,0.03623112961998959,NM_001272258,FBgn0264598,FBgn0264598,2.2667984189723325,FBgn0264598
rna-NM_206610.5,346,9439,0.03665642546879966,NM_206610,FBgn0264598,FBgn0264598,2.2667984189723325,FBgn0264598
rna-NM_001272260.1,233,6425,0.036264591439688715,NM_001272260,FBgn0264598,FBgn0264598,2.2667984189723325,FBgn0264598
rna-NM_001169176.2,221,6858,0.032225138524351125,NM_001169176,FBgn0264598,FBgn0264598,2.2667984189723325,FBgn0264598
rna-NM_130646.3,227,6966,0.03258685041630778,NM_130646,FBgn0264598,FBgn0264598,2.2667984189723325,FBgn0264598
rna-NM_001169175.2,112,2838,0.03946441155743481,NM_001169175,FBgn0264598,FBgn0264598,2.2667984189723325,FBgn0264598
rna-NM_130647.3,39,1537,0.025374105400130124,NM_130647,FBgn0040385,FBgn0040385,1.7454545454545458,FBgn0040385
rna-NM_080310.3,73,1780,0.04101123595505618,NM_080310,FBgn0001150,FBgn0001150,63.558498023715416,FBgn0001150
rna-NM_080311.3,25,663,0.03770739064856712,NM_080311,FBgn0003714,FBgn0003714,20.04387351778656,FBgn0003714
rna-NM_001258561.1,47,1596,0.02944862155388471,NM_001258561,FBgn0003714,FBgn0003714,20.04387351778656,FBgn0003714
rna-NM_166940.3,181,4223,0.04286052569263557,NM_166940,FBgn0040388,FBgn0040388,41.612648221343875,FBgn0040388
rna-NM_001103398.4,186,4544,0.0409330985915493,NM_001103398,FBgn0040388,FBgn0040388,41.612648221343875,FBgn0040388
rna-NM_001201611.2,189,4316,0.043790546802595,NM_001201611,FBgn0040388,FBgn0040388,41.612648221343875,FBgn0040388
rna-NM_001201612.2,192,4509,0.04258150365934797,NM_001201612,FBgn0040388,FBgn0040388,41.612648221343875,FBgn0040388
rna-NM_166941.3,120,2721,0.044101433296582136,NM_166941,FBgn0040388,FBgn0040388,41.612648221343875,FBgn0040388
rna-NM_080312.2,112,2599,0.04309349749903809,NM_080312,FBgn0004050,FBgn0004050,171.72727272727272,FBgn0004050
rna-NM_001038738.2,92,2412,0.03814262023217247,NM_001038738,FBgn0004050,FBgn0004050,171.72727272727272,FBgn0004050
rna-NM_001272261.2,92,2412,0.03814262023217247,NM_001272261,FBgn0004050,FBgn0004050,171.72727272727272,FBgn0004050
rna-NM_001258565.3,573,12378,0.046291808046534176,NM_001258565,FBgn0284408,FBgn0284408,1.3596837944664022,FBgn0284408
rna-NM_001297894.2,604,12798,0.04719487419909361,NM_001297894,FBgn0284408,FBgn0284408,1.3596837944664022,FBgn0284408
rna-NM_001103399.4,601,12846,0.0467849914370232,NM_001103399,FBgn0284408,FBgn0284408,1.3596837944664022,FBgn0284408
rna-NM_001297893.2,584,12294,0.04750284691719538,NM_001297893,FBgn0284408,FBgn0284408,1.3596837944664022,FBgn0284408
rna-NM_001031864.4,582,12540,0.046411483253588515,NM_001031864,FBgn0284408,FBgn0284408,1.3596837944664022,FBgn0284408
rna-NM_001297896.2,635,13488,0.04707888493475682,NM_001297896,FBgn0284408,FBgn0284408,1.3596837944664022,FBgn0284408
rna-NM_001258570.3,649,13776,0.04711091753774681,NM_001258570,FBgn0284408,FBgn0284408,1.3596837944664022,FBgn0284408
rna-NM_001258564.3,657,14181,0.046329595938227205,NM_001258564,FBgn0284408,FBgn0284408,1.3596837944664022,FBgn0284408
rna-NM_001031862.4,615,12900,0.047674418604651166,NM_001031862,FBgn0284408,FBgn0284408,1.3596837944664022,FBgn0284408
rna-NM_001258562.3,656,14232,0.04609331084879146,NM_001258562,FBgn0284408,FBgn0284408,1.3596837944664022,FBgn0284408
rna-NM_001258563.3,557,11515,0.048371689101172385,NM_001258563,FBgn0284408,FBgn0284408,1.3596837944664022,FBgn0284408
rna-NM_001258567.3,576,12022,0.04791216103809682,NM_001258567,FBgn0284408,FBgn0284408,1.3596837944664022,FBgn0284408
rna-NM_001258569.3,560,11749,0.04766363094731466,NM_001258569,FBgn0284408,FBgn0284408,1.3596837944664022,FBgn0284408
rna-NM_001258568.3,598,12232,0.04888816219751472,NM_001258568,FBgn0284408,FBgn0284408,1.3596837944664022,FBgn0284408
rna-NM_001258571.3,614,12781,0.04804005946326578,NM_001258571,FBgn0284408,FBgn0284408,1.3596837944664022,FBgn0284408
rna-NM_001169177.4,639,13564,0.0471099970510174,NM_001169177,FBgn0284408,FBgn0284408,1.3596837944664022,FBgn0284408
rna-NM_001258566.4,558,12866,0.043370122804290374,NM_001258566,FBgn0284408,FBgn0284408,1.3596837944664022,FBgn0284408
rna-NM_001031863.5,560,13023,0.043000844659448666,NM_001031863,FBgn0284408,FBgn0284408,1.3596837944664022,FBgn0284408
rna-NM_001031866.4,608,12679,0.04795330862055367,NM_001031866,FBgn0284408,FBgn0284408,1.3596837944664022,FBgn0284408
rna-NM_001031867.4,642,13666,0.046977901361042004,NM_001031867,FBgn0284408,FBgn0284408,1.3596837944664022,FBgn0284408
rna-NM_001382068.1,582,12178,0.04779109870257842,NM_001382068,FBgn0284408,FBgn0284408,1.3596837944664022,FBgn0284408
rna-NM_001297895.2,605,13213,0.045788238855672445,NM_001297895,FBgn0284408,FBgn0284408,1.3596837944664022,FBgn0284408
rna-NM_001031865.4,540,10611,0.05089058524173028,NM_001031865,FBgn0284408,FBgn0284408,1.3596837944664022,FBgn0284408
rna-NM_130654.3,82,1524,0.05380577427821522,NM_130654,FBgn0040375,FBgn0040375,71.03675889328062,FBgn0040375
rna-NM_001258573.2,66,1389,0.047516198704103674,NM_001258573,FBgn0040375,FBgn0040375,71.03675889328062,FBgn0040375
rna-NM_001258574.2,105,1973,0.05321844906234161,NM_001258574,FBgn0040066,FBgn0040066,404.89328063241106,FBgn0040066
rna-NM_080245.5,81,1634,0.04957160342717258,NM_080245,FBgn0040066,FBgn0040066,404.89328063241106,FBgn0040066
rna-NM_080313.3,227,3595,0.06314325452016689,NM_080313,FBgn0001404,FBgn0001404,133.66403162055337,FBgn0001404
rna-NM_166946.2,221,3303,0.06690887072358462,NM_166946,FBgn0001404,FBgn0001404,133.66403162055337,FBgn0001404
rna-NM_001297900.1,189,2946,0.06415478615071284,NM_001297900,FBgn0001404,FBgn0001404,133.66403162055337,FBgn0001404
rna-NM_080314.3,260,4527,0.05743317870554451,NM_080314,FBgn0011606,FBgn0011606,43.47430830039526,FBgn0011606
rna-NM_001297901.1,228,4090,0.05574572127139364,NM_001297901,FBgn0011606,FBgn0011606,43.47430830039526,FBgn0011606
rna-NM_080162.4,106,2567,0.04129333852746397,NM_080162,FBgn0004643,FBgn0004643,36.04861660079052,FBgn0004643
rna-NM_080029.4,89,1762,0.05051078320090806,NM_080029,FBgn0011566,FBgn0011566,13.288932806324107,FBgn0011566
rna-NM_130655.2,37,1027,0.03602726387536514,NM_130655,FBgn0029629,FBgn0029629,59.387351778656125,FBgn0029629
rna-NM_001258575.1,110,1798,0.06117908787541713,NM_001258575,FBgn0040334,FBgn0040334,39.03162055335969,FBgn0040334
rna-NM_080315.3,81,1280,0.06328125,NM_080315,FBgn0040334,FBgn0040334,39.03162055335969,FBgn0040334
rna-NM_130656.4,132,2045,0.06454767726161369,NM_130656,FBgn0040336,FBgn0040336,8.45335968379446,FBgn0040336
rna-NM_001272262.2,317,7054,0.04493904167848029,NM_001272262,FBgn0267350,FBgn0267350,216.97628458498025,FBgn0267350
rna-NM_130658.3,302,6675,0.045243445692883896,NM_130658,FBgn0267350,FBgn0267350,216.97628458498025,FBgn0267350
rna-NM_057366.5,255,2929,0.08706043018094912,NM_057366,FBgn0003371,FBgn0003371,495.399209486166,FBgn0003371
rna-NM_206613.3,268,3218,0.08328154133001865,NM_206613,FBgn0003371,FBgn0003371,495.399209486166,FBgn0003371
rna-NM_166948.4,313,4244,0.073751178133836,NM_166948,FBgn0003371,FBgn0003371,495.399209486166,FBgn0003371
rna-NM_206614.3,228,3091,0.07376253639598836,NM_206614,FBgn0003371,FBgn0003371,495.399209486166,FBgn0003371
rna-NM_166947.3,228,3055,0.07463175122749591,NM_166947,FBgn0003371,FBgn0003371,495.399209486166,FBgn0003371
rna-NM_057367.5,213,2847,0.07481559536354057,NM_057367,FBgn0003371,FBgn0003371,495.399209486166,FBgn0003371
rna-NM_206615.2,217,3021,0.07183051969546508,NM_206615,FBgn0003371,FBgn0003371,495.399209486166,FBgn0003371
rna-NM_134278.3,220,3110,0.0707395498392283,NM_134278,FBgn0003371,FBgn0003371,495.399209486166,FBgn0003371
rna-NM_001169178.1,224,3182,0.07039597737272156,NM_001169178,FBgn0003371,FBgn0003371,495.399209486166,FBgn0003371
rna-NM_001042794.4,391,5004,0.07813749000799361,NM_001042794,FBgn0003371,FBgn0003371,495.399209486166,FBgn0003371
rna-NM_206612.3,242,3174,0.07624448645242596,NM_206612,FBgn0003371,FBgn0003371,495.399209486166,FBgn0003371
rna-NM_001169179.1,162,2166,0.07479224376731301,NM_001169179,FBgn0003371,FBgn0003371,495.399209486166,FBgn0003371
rna-NM_206611.2,192,2745,0.06994535519125683,NM_206611,FBgn0003371,FBgn0003371,495.399209486166,FBgn0003371
rna-NM_001272264.1,298,4499,0.06623694154256501,NM_001272264,FBgn0003371,FBgn0003371,495.399209486166,FBgn0003371
rna-NM_001272263.1,309,4750,0.06505263157894736,NM_001272263,FBgn0003371,FBgn0003371,495.399209486166,FBgn0003371
rna-NM_057368.5,287,4805,0.059729448491155045,NM_057368,FBgn0003371,FBgn0003371,495.399209486166,FBgn0003371
rna-NM_001103400.2,219,2903,0.07543920082673097,NM_001103400,FBgn0003371,FBgn0003371,495.399209486166,FBgn0003371
rna-NM_206616.2,191,3360,0.056845238095238095,NM_206616,FBgn0024992,FBgn0024992,18.24901185770751,FBgn0024992
rna-NM_130661.2,174,3029,0.05744470122152526,NM_130661,FBgn0024992,FBgn0024992,18.24901185770751,FBgn0024992
rna-NM_001297903.1,90,1765,0.05099150141643059,NM_001297903,FBgn0024993,FBgn0024993,56.134387351778656,FBgn0024993
rna-NM_130662.3,86,1645,0.052279635258358666,NM_130662,FBgn0024993,FBgn0024993,56.134387351778656,FBgn0024993
rna-NM_001297904.1,112,2120,0.052830188679245285,NM_001297904,FBgn0024994,FBgn0024994,22.977470355731246,FBgn0024994
rna-NM_130663.4,109,2013,0.05414803775459513,NM_130663,FBgn0024994,FBgn0024994,22.977470355731246,FBgn0024994
rna-NM_001144677.3,115,2110,0.054502369668246446,NM_001144677,FBgn0024994,FBgn0024994,22.977470355731246,FBgn0024994
rna-NM_130664.4,56,1357,0.04126750184229919,NM_130664,FBgn0024996,FBgn0024996,70.2094861660079,FBgn0024996
rna-NM_130667.4,124,1952,0.06352459016393443,NM_130667,FBgn0024998,FBgn0024998,23.17391304347826,FBgn0024998
rna-NM_130668.4,157,3152,0.04980964467005076,NM_130668,FBgn0024991,FBgn0024991,34.29367588932807,FBgn0024991
rna-NM_166950.3,152,3066,0.04957599478147423,NM_166950,FBgn0024991,FBgn0024991,34.29367588932807,FBgn0024991
rna-NM_166949.3,152,3075,0.04943089430894309,NM_166949,FBgn0024991,FBgn0024991,34.29367588932807,FBgn0024991
rna-NM_130669.4,146,2425,0.06020618556701031,NM_130669,FBgn0024973,FBgn0024973,33.205533596837945,FBgn0024973
rna-NM_058145.4,153,2235,0.06845637583892618,NM_058145,FBgn0000927,FBgn0000927,60.878260869565246,FBgn0000927
rna-NM_057990.4,124,2002,0.061938061938061936,NM_057990,FBgn0000520,FBgn0000520,4.233992094861662,FBgn0000520
rna-NM_001316628.1,81,1868,0.04336188436830835,NM_001316628,FBgn0250874,FBgn0250874,30.304743083003952,FBgn0250874
rna-NM_130671.3,79,1728,0.045717592592592594,NM_130671,FBgn0250874,FBgn0250874,30.304743083003952,FBgn0250874
rna-NM_130672.3,73,1804,0.040465631929046564,NM_130672,FBgn0024975,FBgn0024975,7.531620553359678,FBgn0024975
rna-NM_166951.2,213,3837,0.05551211884284597,NM_166951,FBgn0000376,FBgn0000376,422.0158102766798,FBgn0000376
rna-NM_057757.4,209,3780,0.055291005291005293,NM_057757,FBgn0000376,FBgn0000376,422.0158102766798,FBgn0000376
rna-NM_001258578.1,249,4366,0.057031607879065506,NM_001258578,FBgn0028369,FBgn0028369,10.653754940711462,FBgn0028369
rna-NM_001258579.3,358,5977,0.0598962690312866,NM_001258579,FBgn0028369,FBgn0028369,10.653754940711462,FBgn0028369
rna-NM_080320.4,298,5433,0.05484999079698141,NM_080320,FBgn0028369,FBgn0028369,10.653754940711462,FBgn0028369
rna-NM_001272267.1,274,4953,0.055320008075913585,NM_001272267,FBgn0028369,FBgn0028369,10.653754940711462,FBgn0028369
rna-NM_001258576.1,251,4031,0.062267427437360454,NM_001258576,FBgn0028369,FBgn0028369,10.653754940711462,FBgn0028369
rna-NM_001258577.1,259,4055,0.06387176325524044,NM_001258577,FBgn0028369,FBgn0028369,10.653754940711462,FBgn0028369
rna-NM_166958.2,225,3426,0.06567425569176882,NM_166958,FBgn0028369,FBgn0028369,10.653754940711462,FBgn0028369
rna-NM_001258580.1,89,2070,0.042995169082125605,NM_001258580,FBgn0040384,FBgn0040384,92.66086956521738,FBgn0040384
rna-NM_166952.1,69,1845,0.03739837398373984,NM_166952,FBgn0040384,FBgn0040384,92.66086956521738,FBgn0040384
rna-NM_206617.2,65,1829,0.035538545653362494,NM_206617,FBgn0040384,FBgn0040384,92.66086956521738,FBgn0040384
rna-NM_130673.4,65,1866,0.03483386923901393,NM_130673,FBgn0040384,FBgn0040384,92.66086956521738,FBgn0040384
rna-NM_001297905.1,59,1592,0.03706030150753769,NM_001297905,FBgn0040384,FBgn0040384,92.66086956521738,FBgn0040384
rna-NM_057439.2,131,2352,0.055697278911564625,NM_057439,FBgn0003996,FBgn0003996,1.9118577075098835,FBgn0003996
rna-NM_001297906.1,172,6251,0.027515597504399296,NM_001297906,FBgn0003285,FBgn0003285,22.367984189723323,FBgn0003285
rna-NM_080319.5,122,4818,0.0253217102532171,NM_080319,FBgn0003285,FBgn0003285,22.367984189723323,FBgn0003285
rna-NM_057511.4,435,10150,0.04285714285714286,NM_057511,FBgn0004647,FBgn0004647,107.49802371541502,FBgn0004647
rna-NM_001258581.2,420,9611,0.043699927166788055,NM_001258581,FBgn0004647,FBgn0004647,107.49802371541502,FBgn0004647
rna-NM_001297907.1,58,816,0.07107843137254902,NM_001297907,FBgn0028746,FBgn0028746,45.28853754940712,FBgn0028746
rna-NM_144464.3,47,630,0.0746031746031746,NM_144464,FBgn0028746,FBgn0028746,45.28853754940712,FBgn0028746
rna-NM_130692.4,41,931,0.04403866809881848,NM_130692,FBgn0040396,FBgn0040396,13.089723320158097,FBgn0040396
rna-NM_001297908.1,36,747,0.04819277108433735,NM_001297908,FBgn0040396,FBgn0040396,13.089723320158097,FBgn0040396
rna-NM_166959.2,458,9576,0.04782790309106098,NM_166959,FBgn0000479,FBgn0000479,124.41897233201581,FBgn0000479
rna-NM_001272274.1,444,9456,0.046954314720812185,NM_001272274,FBgn0000479,FBgn0000479,124.41897233201581,FBgn0000479
rna-NM_166963.2,394,8691,0.045334253825796804,NM_166963,FBgn0000479,FBgn0000479,124.41897233201581,FBgn0000479
rna-NM_166960.3,194,4093,0.04739799657952602,NM_166960,FBgn0000479,FBgn0000479,124.41897233201581,FBgn0000479
rna-NM_001272272.1,449,10159,0.04419726351018801,NM_001272272,FBgn0000479,FBgn0000479,124.41897233201581,FBgn0000479
rna-NM_166968.3,518,11128,0.04654924514737599,NM_166968,FBgn0000479,FBgn0000479,124.41897233201581,FBgn0000479
rna-NM_166961.2,167,3834,0.043557642149191445,NM_166961,FBgn0000479,FBgn0000479,124.41897233201581,FBgn0000479
rna-NM_166964.2,166,3828,0.04336468129571578,NM_166964,FBgn0000479,FBgn0000479,124.41897233201581,FBgn0000479
rna-NM_166965.2,167,3831,0.0435917515009136,NM_166965,FBgn0000479,FBgn0000479,124.41897233201581,FBgn0000479
rna-NM_166962.2,167,3792,0.04404008438818566,NM_166962,FBgn0000479,FBgn0000479,124.41897233201581,FBgn0000479
rna-NM_001272273.1,367,8328,0.044068203650336216,NM_001272273,FBgn0000479,FBgn0000479,124.41897233201581,FBgn0000479
rna-NM_166966.3,354,7521,0.04706820901475867,NM_166966,FBgn0000479,FBgn0000479,124.41897233201581,FBgn0000479
rna-NM_166967.2,124,2841,0.043646603308694125,NM_166967,FBgn0000479,FBgn0000479,124.41897233201581,FBgn0000479
rna-NM_166969.2,101,2386,0.04233025984911987,NM_166969,FBgn0000479,FBgn0000479,124.41897233201581,FBgn0000479
rna-NM_166970.2,111,2604,0.04262672811059908,NM_166970,FBgn0000479,FBgn0000479,124.41897233201581,FBgn0000479
rna-NM_080322.3,111,2435,0.045585215605749484,NM_080322,FBgn0000479,FBgn0000479,124.41897233201581,FBgn0000479
rna-NM_166971.2,84,2167,0.03876326718966313,NM_166971,FBgn0000479,FBgn0000479,124.41897233201581,FBgn0000479
rna-NM_001272275.1,636,9166,0.06938686449923631,NM_001272275,FBgn0262656,FBgn0262656,202.77075098814228,FBgn0262656
rna-NM_080323.4,265,3484,0.07606199770378874,NM_080323,FBgn0262656,FBgn0262656,202.77075098814228,FBgn0262656
rna-NM_001297909.1,344,5934,0.057971014492753624,NM_001297909,FBgn0029657,FBgn0029657,1.2814229249011846,FBgn0029657
rna-NM_130699.2,79,1603,0.049282595134123516,NM_130699,FBgn0029657,FBgn0029657,1.2814229249011846,FBgn0029657
rna-NM_166972.2,66,1392,0.04741379310344827,NM_166972,FBgn0029657,FBgn0029657,1.2814229249011846,FBgn0029657
rna-NM_001272276.1,101,1824,0.05537280701754386,NM_001272276,FBgn0029657,FBgn0029657,1.2814229249011846,FBgn0029657
rna-NM_001272277.1,80,1643,0.048691418137553254,NM_001272277,FBgn0029657,FBgn0029657,1.2814229249011846,FBgn0029657
rna-NM_130706.3,111,1472,0.07540760869565218,NM_130706,FBgn0029664,FBgn0029664,5.719367588932803,FBgn0029664
rna-NM_001272283.1,104,1400,0.07428571428571429,NM_001272283,FBgn0029664,FBgn0029664,5.719367588932803,FBgn0029664
rna-NM_130707.2,44,774,0.056847545219638244,NM_130707,FBgn0029665,FBgn0029665,18.047430830039527,FBgn0029665
rna-NM_001272287.1,325,4744,0.06850758853288365,NM_001272287,FBgn0029666,FBgn0029666,67.44268774703558,FBgn0029666
rna-NM_001272286.1,331,4798,0.06898707794914548,NM_001272286,FBgn0029666,FBgn0029666,67.44268774703558,FBgn0029666
rna-NM_001272284.2,186,2896,0.06422651933701658,NM_001272284,FBgn0029666,FBgn0029666,67.44268774703558,FBgn0029666
rna-NM_001272285.2,185,2890,0.06401384083044982,NM_001272285,FBgn0029666,FBgn0029666,67.44268774703558,FBgn0029666
rna-NM_130708.4,177,2794,0.06335003579098067,NM_130708,FBgn0029666,FBgn0029666,67.44268774703558,FBgn0029666
rna-NM_001272289.1,413,7668,0.05386019822639541,NM_001272289,FBgn0052791,FBgn0052791,6.666798418972333,FBgn0052791
rna-NM_001272288.2,260,4540,0.05726872246696035,NM_001272288,FBgn0052791,FBgn0052791,6.666798418972333,FBgn0052791
rna-NM_166976.3,198,3576,0.05536912751677853,NM_166976,FBgn0052791,FBgn0052791,6.666798418972333,FBgn0052791
rna-NM_001272290.1,151,1975,0.07645569620253165,NM_001272290,FBgn0029672,FBgn0029672,28.68774703557312,FBgn0029672
rna-NM_166981.2,129,1710,0.07543859649122807,NM_166981,FBgn0029672,FBgn0029672,28.68774703557312,FBgn0029672
rna-NM_130713.3,131,1713,0.07647402218330414,NM_130713,FBgn0029672,FBgn0029672,28.68774703557312,FBgn0029672
rna-NM_057973.4,208,2599,0.08003078106964218,NM_057973,FBgn0023216,FBgn0023216,6.064426877470347,FBgn0023216
rna-NM_001258582.2,206,2521,0.08171360571201904,NM_001258582,FBgn0023216,FBgn0023216,6.064426877470347,FBgn0023216
rna-NM_001169180.1,222,3280,0.0676829268292683,NM_001169180,FBgn0023215,FBgn0023215,234.37154150197628,FBgn0023215
rna-NM_001258583.2,285,4097,0.06956309494752258,NM_001258583,FBgn0023215,FBgn0023215,234.37154150197628,FBgn0023215
rna-NM_001169182.3,284,4094,0.06936980947728383,NM_001169182,FBgn0023215,FBgn0023215,234.37154150197628,FBgn0023215
rna-NM_001169181.3,190,3242,0.05860579888957434,NM_001169181,FBgn0023215,FBgn0023215,234.37154150197628,FBgn0023215
rna-NM_166984.3,177,2581,0.06857807051530415,NM_166984,FBgn0023215,FBgn0023215,234.37154150197628,FBgn0023215
rna-NM_001169183.2,177,2578,0.0686578743211792,NM_001169183,FBgn0023215,FBgn0023215,234.37154150197628,FBgn0023215
rna-NM_001297913.1,236,3734,0.06320299946438136,NM_001297913,FBgn0023215,FBgn0023215,234.37154150197628,FBgn0023215
rna-NM_001258584.2,198,3335,0.05937031484257871,NM_001258584,FBgn0023215,FBgn0023215,234.37154150197628,FBgn0023215
rna-NM_130715.4,218,3064,0.07114882506527415,NM_130715,FBgn0023215,FBgn0023215,234.37154150197628,FBgn0023215
rna-NM_166983.3,154,2440,0.06311475409836066,NM_166983,FBgn0023215,FBgn0023215,234.37154150197628,FBgn0023215
rna-NM_080324.4,123,2555,0.04814090019569472,NM_080324,FBgn0015286,FBgn0015286,91.18577075098814,FBgn0015286
rna-NM_166985.3,91,2057,0.04423918327661643,NM_166985,FBgn0015286,FBgn0015286,91.18577075098814,FBgn0015286
rna-NM_166986.3,102,2377,0.04291123264619268,NM_166986,FBgn0015286,FBgn0015286,91.18577075098814,FBgn0015286
rna-NM_001144680.3,390,6513,0.059880239520958084,NM_001144680,FBgn0283657,FBgn0283657,192.1818181818182,FBgn0283657
rna-NM_001382078.1,343,5890,0.05823429541595925,NM_001382078,FBgn0283657,FBgn0283657,192.1818181818182,FBgn0283657
rna-NM_001144682.2,343,5890,0.05823429541595925,NM_001144682,FBgn0283657,FBgn0283657,192.1818181818182,FBgn0283657
rna-NM_001272292.1,258,4308,0.05988857938718663,NM_001272292,FBgn0283657,FBgn0283657,192.1818181818182,FBgn0283657
rna-NM_001169184.2,273,4882,0.05591970503891847,NM_001169184,FBgn0283657,FBgn0283657,192.1818181818182,FBgn0283657
rna-NM_206620.6,335,5537,0.060502076936969476,NM_206620,FBgn0283657,FBgn0283657,192.1818181818182,FBgn0283657
rna-NM_001272291.1,493,7403,0.0665946238011617,NM_001272291,FBgn0283657,FBgn0283657,192.1818181818182,FBgn0283657
rna-NM_001103403.1,264,4624,0.05709342560553633,NM_001103403,FBgn0283657,FBgn0283657,192.1818181818182,FBgn0283657
rna-NM_001297914.1,255,4355,0.05855338691159587,NM_001297914,FBgn0283657,FBgn0283657,192.1818181818182,FBgn0283657
rna-NM_001272293.1,497,7490,0.06635514018691589,NM_001272293,FBgn0283657,FBgn0283657,192.1818181818182,FBgn0283657
rna-NM_001144681.3,442,7243,0.061024437387822726,NM_001144681,FBgn0283657,FBgn0283657,192.1818181818182,FBgn0283657
rna-NM_001144683.1,292,4673,0.06248662529424353,NM_001144683,FBgn0283657,FBgn0283657,192.1818181818182,FBgn0283657
rna-NM_130717.5,342,5849,0.05847153359548641,NM_130717,FBgn0283657,FBgn0283657,192.1818181818182,FBgn0283657
rna-NM_166988.4,156,2085,0.07482014388489208,NM_166988,FBgn0029676,FBgn0029676,91.22134387351778,FBgn0029676
rna-NM_166989.5,157,2065,0.07602905569007264,NM_166989,FBgn0029676,FBgn0029676,91.22134387351778,FBgn0029676
rna-NM_001014719.2,151,2006,0.07527417746759721,NM_001014719,FBgn0029676,FBgn0029676,91.22134387351778,FBgn0029676
rna-NM_130718.5,105,2050,0.05121951219512195,NM_130718,FBgn0260484,FBgn0260484,114.25296442687747,FBgn0260484
rna-NM_130722.4,473,6863,0.06892029724610228,NM_130722,FBgn0000542,FBgn0000542,15.460079051383397,FBgn0000542
rna-NM_166992.3,449,6759,0.06642994525817429,NM_166992,FBgn0000542,FBgn0000542,15.460079051383397,FBgn0000542
rna-NM_001103407.3,490,6681,0.07334231402484657,NM_001103407,FBgn0000542,FBgn0000542,15.460079051383397,FBgn0000542
rna-NM_001297915.1,134,2670,0.050187265917602995,NM_001297915,FBgn0265575,FBgn0265575,74.16166007905122,FBgn0265575
rna-NM_057799.4,136,2752,0.04941860465116279,NM_057799,FBgn0265575,FBgn0265575,74.16166007905122,FBgn0265575
rna-NM_166993.2,112,2565,0.04366471734892788,NM_166993,FBgn0265575,FBgn0265575,74.16166007905122,FBgn0265575
rna-NM_057800.4,113,2574,0.043900543900543904,NM_057800,FBgn0265575,FBgn0265575,74.16166007905122,FBgn0265575
rna-NM_001297917.1,258,3701,0.06971088894893272,NM_001297917,FBgn0028491,FBgn0028491,5.829249011857708,FBgn0028491
rna-NM_176682.2,224,2703,0.0828708842027377,NM_176682,FBgn0028491,FBgn0028491,5.829249011857708,FBgn0028491
rna-NM_176684.3,218,2818,0.0773598296664301,NM_176684,FBgn0028491,FBgn0028491,5.829249011857708,FBgn0028491
rna-NM_176683.3,214,2773,0.07717273710782546,NM_176683,FBgn0028491,FBgn0028491,5.829249011857708,FBgn0028491
rna-NM_001297916.1,210,2683,0.07827059262020127,NM_001297916,FBgn0028491,FBgn0028491,5.829249011857708,FBgn0028491
rna-NM_130724.4,147,1792,0.08203125,NM_130724,FBgn0285910,FBgn0285910,298.85375494071144,FBgn0285910
rna-NM_001297918.1,269,3775,0.07125827814569537,NM_001297918,FBgn0029685,FBgn0029685,36.33873517786562,FBgn0029685
rna-NM_001272297.2,254,3759,0.06757116254322958,NM_001272297,FBgn0029685,FBgn0029685,36.33873517786562,FBgn0029685
rna-NM_130729.4,247,3619,0.06825089803813209,NM_130729,FBgn0029685,FBgn0029685,36.33873517786562,FBgn0029685
rna-NM_001297919.1,295,3954,0.0746079919069297,NM_001297919,FBgn0029686,FBgn0029686,27.0197628458498,FBgn0029686
rna-NM_130730.2,266,3378,0.07874481941977501,NM_130730,FBgn0029686,FBgn0029686,27.0197628458498,FBgn0029686
rna-NM_166997.2,200,3307,0.06047777441790142,NM_166997,FBgn0052786,FBgn0052786,0.884584980237154,FBgn0052786
rna-NM_206623.2,233,3897,0.05978958172953554,NM_206623,FBgn0029687,FBgn0029687,298.14624505928856,FBgn0029687
rna-NM_130731.3,125,2541,0.04919323101141283,NM_130731,FBgn0029687,FBgn0029687,298.14624505928856,FBgn0029687
rna-NM_206625.2,119,2439,0.04879048790487905,NM_206625,FBgn0029687,FBgn0029687,298.14624505928856,FBgn0029687
rna-NM_206624.2,218,3607,0.060438037149986135,NM_206624,FBgn0029687,FBgn0029687,298.14624505928856,FBgn0029687
rna-NM_001297920.1,605,8925,0.06778711484593837,NM_001297920,FBgn0029688,FBgn0029688,43.16600790513834,FBgn0029688
rna-NM_080325.4,645,9245,0.06976744186046512,NM_080325,FBgn0029688,FBgn0029688,43.16600790513834,FBgn0029688
rna-NM_130732.2,158,2699,0.05854020007410152,NM_130732,FBgn0029689,FBgn0029689,39.490118577075116,FBgn0029689
rna-NM_001370021.1,466,7099,0.06564304831666432,NM_001370021,FBgn0263772,FBgn0263772,1.7320158102766836,FBgn0263772
rna-NM_001297921.1,445,6858,0.06488772236803733,NM_001297921,FBgn0263772,FBgn0263772,1.7320158102766836,FBgn0263772
rna-NM_001272301.2,467,7038,0.06635407786302927,NM_001272301,FBgn0263772,FBgn0263772,1.7320158102766836,FBgn0263772
rna-NM_001272300.2,450,6864,0.06555944055944056,NM_001272300,FBgn0263772,FBgn0263772,1.7320158102766836,FBgn0263772
rna-NM_001272298.2,367,5781,0.06348382632762498,NM_001272298,FBgn0263772,FBgn0263772,1.7320158102766836,FBgn0263772
rna-NM_001272299.2,317,4749,0.06675089492524743,NM_001272299,FBgn0263772,FBgn0263772,1.7320158102766836,FBgn0263772
rna-NM_167000.4,311,4680,0.06645299145299145,NM_167000,FBgn0263772,FBgn0263772,1.7320158102766836,FBgn0263772
rna-NM_001297922.1,140,3339,0.041928721174004195,NM_001297922,FBgn0029693,FBgn0029693,16.363241106719364,FBgn0029693
rna-NM_131920.4,131,3013,0.043478260869565216,NM_131920,FBgn0029693,FBgn0029693,16.363241106719364,FBgn0029693
rna-NM_057518.4,85,1178,0.07215619694397284,NM_057518,FBgn0004832,FBgn0004832,2.894466403162062,FBgn0004832
rna-NM_057553.5,93,1450,0.06413793103448276,NM_057553,FBgn0000221,FBgn0000221,6.5845849802371506,FBgn0000221
rna-NM_001297923.1,54,911,0.059275521405049394,NM_001297923,FBgn0026084,FBgn0026084,751.2648221343874,FBgn0026084
rna-NM_167001.3,54,896,0.060267857142857144,NM_167001,FBgn0026084,FBgn0026084,751.2648221343874,FBgn0026084
rna-NM_167002.3,52,885,0.05875706214689266,NM_167002,FBgn0026084,FBgn0026084,751.2648221343874,FBgn0026084
rna-NM_080326.4,77,1173,0.06564364876385337,NM_080326,FBgn0026084,FBgn0026084,751.2648221343874,FBgn0026084
rna-NM_001258587.1,85,1502,0.05659121171770972,NM_001258587,FBgn0026084,FBgn0026084,751.2648221343874,FBgn0026084
rna-NM_143750.3,101,2444,0.04132569558101473,NM_143750,FBgn0026079,FBgn0026079,14.604743083003953,FBgn0026079
rna-NM_001272302.1,36,1101,0.0326975476839237,NM_001272302,FBgn0026085,FBgn0026085,15.59288537549407,FBgn0026085
rna-NM_001272303.1,35,986,0.035496957403651115,NM_001272303,FBgn0026085,FBgn0026085,15.59288537549407,FBgn0026085
rna-NM_131922.3,25,729,0.03429355281207133,NM_131922,FBgn0026085,FBgn0026085,15.59288537549407,FBgn0026085
rna-NM_131923.4,118,2390,0.049372384937238493,NM_131923,FBgn0026080,FBgn0026080,16.66798418972332,FBgn0026080
rna-NM_001272304.1,116,2368,0.048986486486486486,NM_001272304,FBgn0026080,FBgn0026080,16.66798418972332,FBgn0026080
rna-NM_001272305.1,83,1852,0.044816414686825054,NM_001272305,FBgn0026080,FBgn0026080,16.66798418972332,FBgn0026080
rna-NM_001169186.2,626,9329,0.06710258334226606,NM_001169186,FBgn0026083,FBgn0026083,79.14624505928853,FBgn0026083
rna-NM_131924.3,470,7079,0.06639355841220511,NM_131924,FBgn0026083,FBgn0026083,79.14624505928853,FBgn0026083
rna-NM_001169187.2,447,6752,0.06620260663507109,NM_001169187,FBgn0026083,FBgn0026083,79.14624505928853,FBgn0026083
rna-NM_001297924.2,760,10482,0.07250524709024996,NM_001297924,FBgn0026083,FBgn0026083,79.14624505928853,FBgn0026083
rna-NM_001258590.2,445,6722,0.06620053555489437,NM_001258590,FBgn0026083,FBgn0026083,79.14624505928853,FBgn0026083
rna-NM_001258591.2,675,9545,0.07071765322158198,NM_001258591,FBgn0026083,FBgn0026083,79.14624505928853,FBgn0026083
rna-NM_001169189.3,523,8145,0.06421117249846532,NM_001169189,FBgn0026083,FBgn0026083,79.14624505928853,FBgn0026083
rna-NM_001258592.2,339,5573,0.06082899694957832,NM_001258592,FBgn0026083,FBgn0026083,79.14624505928853,FBgn0026083
rna-NM_001258589.2,521,8146,0.06395777068499878,NM_001258589,FBgn0026083,FBgn0026083,79.14624505928853,FBgn0026083
rna-NM_001258588.2,520,8130,0.06396063960639606,NM_001258588,FBgn0026083,FBgn0026083,79.14624505928853,FBgn0026083
rna-NM_001169188.3,380,6082,0.062479447550147976,NM_001169188,FBgn0026083,FBgn0026083,79.14624505928853,FBgn0026083
rna-NM_167003.3,79,1560,0.05064102564102564,NM_167003,FBgn0066114,FBgn0066114,17.47154150197629,FBgn0066114
rna-NM_001272308.2,279,4893,0.05702023298589822,NM_001272308,FBgn0000635,FBgn0000635,33.83399209486166,FBgn0000635
rna-NM_001272306.1,180,3352,0.05369928400954654,NM_001272306,FBgn0000635,FBgn0000635,33.83399209486166,FBgn0000635
rna-NM_080327.3,193,3439,0.05612096539691771,NM_080327,FBgn0000635,FBgn0000635,33.83399209486166,FBgn0000635
rna-NM_001297925.1,197,3475,0.05669064748201439,NM_001297925,FBgn0000635,FBgn0000635,33.83399209486166,FBgn0000635
rna-NM_001297926.1,192,3260,0.05889570552147239,NM_001297926,FBgn0000635,FBgn0000635,33.83399209486166,FBgn0000635
rna-NM_167004.2,158,2894,0.05459571527297857,NM_167004,FBgn0000635,FBgn0000635,33.83399209486166,FBgn0000635
rna-NM_167005.2,295,4225,0.06982248520710059,NM_167005,FBgn0000635,FBgn0000635,33.83399209486166,FBgn0000635
rna-NM_080329.3,149,3606,0.04132002218524681,NM_080329,FBgn0002707,FBgn0002707,39.12252964426877,FBgn0002707
rna-NM_001297930.1,142,3491,0.040676024061873386,NM_001297930,FBgn0002707,FBgn0002707,39.12252964426877,FBgn0002707
rna-NM_131932.4,89,2246,0.0396260017809439,NM_131932,FBgn0266570,FBgn0266570,139.2173913043478,FBgn0266570
rna-NM_167007.3,89,2242,0.03969669937555754,NM_167007,FBgn0266570,FBgn0266570,139.2173913043478,FBgn0266570
rna-NM_080242.4,19,349,0.054441260744985676,NM_080242,FBgn0040907,FBgn0040907,21.027667984189723,FBgn0040907
rna-NM_001169190.2,534,7910,0.0675094816687737,NM_001169190,FBgn0262738,FBgn0262738,41.92490118577075,FBgn0262738
rna-NM_001014720.2,519,7641,0.0679230467216333,NM_001014720,FBgn0262738,FBgn0262738,41.92490118577075,FBgn0262738
rna-NM_167008.2,484,7112,0.06805399325084364,NM_167008,FBgn0262738,FBgn0262738,41.92490118577075,FBgn0262738
rna-NM_001297931.1,497,7304,0.06804490690032859,NM_001297931,FBgn0262738,FBgn0262738,41.92490118577075,FBgn0262738
rna-NM_080330.4,502,7179,0.06992617356177741,NM_080330,FBgn0262738,FBgn0262738,41.92490118577075,FBgn0262738
rna-NM_001014721.3,473,6650,0.07112781954887218,NM_001014721,FBgn0262738,FBgn0262738,41.92490118577075,FBgn0262738
rna-NM_131934.2,232,3785,0.06129458388375165,NM_131934,FBgn0029706,FBgn0029706,8.383003952569153,FBgn0029706
rna-NM_080331.3,204,4048,0.05039525691699605,NM_080331,FBgn0000179,FBgn0000179,1.6324110671936745,FBgn0000179
rna-NM_001297932.1,279,5613,0.049706039551042226,NM_001297932,FBgn0000179,FBgn0000179,1.6324110671936745,FBgn0000179
rna-NM_001169191.1,228,4421,0.05157204252431576,NM_001169191,FBgn0000179,FBgn0000179,1.6324110671936745,FBgn0000179
rna-NM_001272309.2,228,4421,0.05157204252431576,NM_001272309,FBgn0000179,FBgn0000179,1.6324110671936745,FBgn0000179
rna-NM_001258598.3,257,5402,0.04757497223250648,NM_001258598,FBgn0000179,FBgn0000179,1.6324110671936745,FBgn0000179
rna-NM_001258599.2,257,5390,0.04768089053803339,NM_001258599,FBgn0000179,FBgn0000179,1.6324110671936745,FBgn0000179
rna-NM_001169192.2,218,4388,0.04968094804010939,NM_001169192,FBgn0000179,FBgn0000179,1.6324110671936745,FBgn0000179
rna-NM_001272310.1,6,4243,0.0014140938015555031,NM_001272310,FBgn0003210,FBgn0003210,82.41501976284584,FBgn0003210
rna-NM_080332.4,6,4813,0.001246623727404945,NM_080332,FBgn0003210,FBgn0003210,82.41501976284584,FBgn0003210
rna-NM_001169193.2,6,4432,0.0013537906137184115,NM_001169193,FBgn0003210,FBgn0003210,82.41501976284584,FBgn0003210
rna-NM_167010.3,72,3617,0.01990599944705557,NM_167010,FBgn0029711,FBgn0029711,66.3399209486166,FBgn0029711
rna-NM_131939.6,72,2954,0.024373730534867976,NM_131939,FBgn0029711,FBgn0029711,66.3399209486166,FBgn0029711
rna-NM_131940.2,29,888,0.03265765765765766,NM_131940,FBgn0029712,FBgn0029712,2.838735177865617,FBgn0029712
rna-NM_131941.4,45,1996,0.022545090180360723,NM_131941,FBgn0029713,FBgn0029713,14.122529644268775,FBgn0029713
rna-NM_131942.3,22,970,0.02268041237113402,NM_131942,FBgn0029714,FBgn0029714,11.620553359683795,FBgn0029714
rna-NM_001297934.1,33,1282,0.02574102964118565,NM_001297934,FBgn0029715,FBgn0029715,380.5494071146245,FBgn0029715
rna-NM_131943.5,26,1081,0.024051803885291396,NM_131943,FBgn0029715,FBgn0029715,380.5494071146245,FBgn0029715
rna-NM_001014722.2,388,7441,0.05214352909555167,NM_001014722,FBgn0003053,FBgn0003053,25.313438735177865,FBgn0003053
rna-NM_057326.5,321,6344,0.05059899117276166,NM_057326,FBgn0003053,FBgn0003053,25.313438735177865,FBgn0003053
rna-NM_131946.3,191,3292,0.05801944106925881,NM_131946,FBgn0025387,FBgn0025387,2.2972332015810277,FBgn0025387
rna-NM_001272311.1,192,3310,0.05800604229607251,NM_001272311,FBgn0025387,FBgn0025387,2.2972332015810277,FBgn0025387
rna-NM_001297935.1,164,2876,0.05702364394993046,NM_001297935,FBgn0025387,FBgn0025387,2.2972332015810277,FBgn0025387
rna-NM_167011.4,180,4689,0.03838771593090211,NM_167011,FBgn0025388,FBgn0025388,75.08695652173913,FBgn0025388
rna-NM_131947.4,168,4368,0.038461538461538464,NM_131947,FBgn0025388,FBgn0025388,75.08695652173913,FBgn0025388
rna-NM_080333.3,77,2601,0.02960399846212995,NM_080333,FBgn0025739,FBgn0025739,15.809881422924903,FBgn0025739
rna-NM_080334.4,33,696,0.04741379310344827,NM_080334,FBgn0029718,FBgn0029718,44.12252964426877,FBgn0029718
rna-NM_001297937.1,61,1383,0.044107013738250184,NM_001297937,FBgn0025615,FBgn0025615,35.50197628458498,FBgn0025615
rna-NM_131950.4,50,1184,0.04222972972972973,NM_131950,FBgn0025615,FBgn0025615,35.50197628458498,FBgn0025615
rna-NM_167012.3,235,3017,0.07789194564136559,NM_167012,FBgn0022942,FBgn0022942,253.2806324110672,FBgn0022942
rna-NM_080011.3,256,3236,0.07911001236093942,NM_080011,FBgn0022942,FBgn0022942,253.2806324110672,FBgn0022942
rna-NM_080113.3,65,2610,0.02490421455938697,NM_080113,FBgn0262699,FBgn0262699,126.90513833992095,FBgn0262699
rna-NM_167013.2,52,2516,0.02066772655007949,NM_167013,FBgn0262699,FBgn0262699,126.90513833992095,FBgn0262699
rna-NM_001297938.1,411,5675,0.07242290748898679,NM_001297938,FBgn0022768,FBgn0022768,37.24901185770751,FBgn0022768
rna-NM_080335.3,365,5259,0.06940482981555429,NM_080335,FBgn0022768,FBgn0022768,37.24901185770751,FBgn0022768
rna-NM_167014.3,92,1597,0.057608015028177834,NM_167014,FBgn0011760,FBgn0011760,272.05533596837944,FBgn0011760
rna-NM_167015.3,311,4416,0.07042572463768115,NM_167015,FBgn0011760,FBgn0011760,272.05533596837944,FBgn0011760
rna-NM_001258601.3,295,4061,0.072642206353115,NM_001258601,FBgn0011760,FBgn0011760,272.05533596837944,FBgn0011760
rna-NM_001370042.1,84,1483,0.056641942009440324,NM_001370042,FBgn0011760,FBgn0011760,272.05533596837944,FBgn0011760
rna-NM_080336.5,84,1483,0.056641942009440324,NM_080336,FBgn0011760,FBgn0011760,272.05533596837944,FBgn0011760
rna-NM_167018.2,105,1667,0.0629874025194961,NM_167018,FBgn0028325,FBgn0028325,95.19762845849803,FBgn0028325
rna-NM_167017.3,136,2034,0.06686332350049164,NM_167017,FBgn0028325,FBgn0028325,95.19762845849803,FBgn0028325
rna-NM_167019.2,132,1992,0.06626506024096386,NM_167019,FBgn0028325,FBgn0028325,95.19762845849803,FBgn0028325
rna-NM_131953.5,119,1760,0.06761363636363636,NM_131953,FBgn0028325,FBgn0028325,95.19762845849803,FBgn0028325
rna-NM_131966.2,156,1868,0.0835117773019272,NM_131966,FBgn0029733,FBgn0029733,111.68577075098811,FBgn0029733
rna-NM_001297941.1,158,3105,0.05088566827697263,NM_001297941,FBgn0052772,FBgn0052772,59.69209486166008,FBgn0052772
rna-NM_131968.5,157,3037,0.051695752387224236,NM_131968,FBgn0052772,FBgn0052772,59.69209486166008,FBgn0052772
rna-NM_001297942.1,135,2345,0.057569296375266525,NM_001297942,FBgn0052772,FBgn0052772,59.69209486166008,FBgn0052772
rna-NM_001103409.2,123,2145,0.057342657342657345,NM_001103409,FBgn0052772,FBgn0052772,59.69209486166008,FBgn0052772
rna-NM_131969.5,192,2723,0.07051046639735586,NM_131969,FBgn0029736,FBgn0029736,26.59683794466403,FBgn0029736
rna-NM_001103410.3,234,3384,0.06914893617021277,NM_001103410,FBgn0266000,FBgn0266000,1113.2727272727273,FBgn0266000
rna-NM_206627.3,220,3387,0.06495423678771775,NM_206627,FBgn0266000,FBgn0266000,1113.2727272727273,FBgn0266000
rna-NM_001272319.1,210,3403,0.06171025565677343,NM_001272319,FBgn0266000,FBgn0266000,1113.2727272727273,FBgn0266000
rna-NM_001103411.3,221,3388,0.06523022432113341,NM_001103411,FBgn0266000,FBgn0266000,1113.2727272727273,FBgn0266000
rna-NM_001103412.2,215,3377,0.06366597571809299,NM_001103412,FBgn0266000,FBgn0266000,1113.2727272727273,FBgn0266000
rna-NM_131971.4,216,3387,0.0637732506643047,NM_131971,FBgn0266000,FBgn0266000,1113.2727272727273,FBgn0266000
rna-NM_001272318.2,220,3530,0.06232294617563739,NM_001272318,FBgn0266000,FBgn0266000,1113.2727272727273,FBgn0266000
rna-NM_001297945.1,206,3173,0.0649227860069335,NM_001297945,FBgn0266000,FBgn0266000,1113.2727272727273,FBgn0266000
rna-NM_001169198.2,259,6672,0.0388189448441247,NM_001169198,FBgn0004368,FBgn0004368,127.33201581027669,FBgn0004368
rna-NM_080337.3,259,6568,0.03943361753958587,NM_080337,FBgn0004368,FBgn0004368,127.33201581027669,FBgn0004368
rna-NM_001169200.2,240,6060,0.039603960396039604,NM_001169200,FBgn0004368,FBgn0004368,127.33201581027669,FBgn0004368
rna-NM_001297946.1,244,6059,0.04027067172800792,NM_001297946,FBgn0004368,FBgn0004368,127.33201581027669,FBgn0004368
rna-NM_167024.3,236,5480,0.043065693430656936,NM_167024,FBgn0004368,FBgn0004368,127.33201581027669,FBgn0004368
rna-NM_001169201.2,255,6591,0.03868912152935822,NM_001169201,FBgn0004368,FBgn0004368,127.33201581027669,FBgn0004368
rna-NM_001169199.2,255,6590,0.038694992412746584,NM_001169199,FBgn0004368,FBgn0004368,127.33201581027669,FBgn0004368
rna-NM_001169202.2,262,6763,0.03874020405145646,NM_001169202,FBgn0003028,FBgn0003028,197.3399209486166,FBgn0003028
rna-NM_167026.4,236,6606,0.03572509839539812,NM_167026,FBgn0003028,FBgn0003028,197.3399209486166,FBgn0003028
rna-NM_167027.4,248,5518,0.0449438202247191,NM_167027,FBgn0003028,FBgn0003028,197.3399209486166,FBgn0003028
rna-NM_080338.5,260,5946,0.04372687521022536,NM_080338,FBgn0003028,FBgn0003028,197.3399209486166,FBgn0003028
rna-NM_001038742.3,239,5948,0.040181573638197715,NM_001038742,FBgn0003028,FBgn0003028,197.3399209486166,FBgn0003028
rna-NM_001272321.1,586,11438,0.0512327329952789,NM_001272321,FBgn0052767,FBgn0052767,330.00395256916994,FBgn0052767
rna-NM_206628.2,341,6886,0.04952076677316294,NM_206628,FBgn0052767,FBgn0052767,330.00395256916994,FBgn0052767
rna-NM_001272320.1,348,6993,0.049764049764049766,NM_001272320,FBgn0052767,FBgn0052767,330.00395256916994,FBgn0052767
rna-NM_001169204.2,349,7005,0.04982155603140614,NM_001169204,FBgn0052767,FBgn0052767,330.00395256916994,FBgn0052767
rna-NM_131975.5,368,7365,0.049966055668703324,NM_131975,FBgn0052767,FBgn0052767,330.00395256916994,FBgn0052767
rna-NM_001169203.2,281,5584,0.05032234957020057,NM_001169203,FBgn0052767,FBgn0052767,330.00395256916994,FBgn0052767
rna-NM_131982.3,135,2628,0.05136986301369863,NM_131982,FBgn0029750,FBgn0029750,0.8885375494071143,FBgn0029750
rna-NM_078489.3,53,1448,0.03660220994475138,NM_078489,FBgn0263237,FBgn0263237,56.569169960474305,FBgn0263237
rna-NM_078490.4,26,835,0.031137724550898204,NM_078490,FBgn0003449,FBgn0003449,130.69565217391303,FBgn0003449
rna-NM_001297953.1,41,952,0.0430672268907563,NM_001297953,FBgn0011761,FBgn0011761,1115.6245059288538,FBgn0011761
rna-NM_078491.3,36,772,0.046632124352331605,NM_078491,FBgn0011761,FBgn0011761,1115.6245059288538,FBgn0011761
rna-NM_131985.3,117,1867,0.06266738082485271,NM_131985,FBgn0029753,FBgn0029753,1.7877470355731286,FBgn0029753
rna-NM_001297954.1,117,1864,0.06276824034334764,NM_001297954,FBgn0029753,FBgn0029753,1.7877470355731286,FBgn0029753
rna-NM_131987.4,42,1663,0.025255562236921228,NM_131987,FBgn0029755,FBgn0029755,44.762845849802375,FBgn0029755
rna-NM_001103414.3,56,3146,0.017800381436745075,NM_001103414,FBgn0014024,FBgn0014024,13.254940711462446,FBgn0014024
rna-NM_206630.3,56,3242,0.01727328809376928,NM_206630,FBgn0014024,FBgn0014024,13.254940711462446,FBgn0014024
rna-NM_078492.4,62,3323,0.01865783930183569,NM_078492,FBgn0014024,FBgn0014024,13.254940711462446,FBgn0014024
rna-NM_001103413.3,54,3116,0.017329910141206675,NM_001103413,FBgn0014024,FBgn0014024,13.254940711462446,FBgn0014024
rna-NM_078493.4,57,2747,0.02074990899162723,NM_078493,FBgn0284442,FBgn0284442,26.09881422924901,FBgn0284442
rna-NM_001297955.1,57,2744,0.02077259475218659,NM_001297955,FBgn0284442,FBgn0284442,26.09881422924901,FBgn0284442
rna-NM_001297956.1,163,2611,0.062428188433550365,NM_001297956,FBgn0029756,FBgn0029756,143.48616600790513,FBgn0029756
rna-NM_131988.3,163,2614,0.06235654169854629,NM_131988,FBgn0029756,FBgn0029756,143.48616600790513,FBgn0029756
rna-NM_131989.4,128,2319,0.055196205260888316,NM_131989,FBgn0026751,FBgn0026751,26.75098814229249,FBgn0026751
rna-NM_167034.2,240,4509,0.05322687957418496,NM_167034,FBgn0263987,FBgn0263987,699.0553359683795,FBgn0263987
rna-NM_131993.4,130,3341,0.038910505836575876,NM_131993,FBgn0263987,FBgn0263987,699.0553359683795,FBgn0263987
rna-NM_167033.3,155,3668,0.04225736095965103,NM_167033,FBgn0263987,FBgn0263987,699.0553359683795,FBgn0263987
rna-NM_001258603.2,132,3179,0.04152249134948097,NM_001258603,FBgn0263987,FBgn0263987,699.0553359683795,FBgn0263987
rna-NM_167037.2,292,4117,0.07092543113917901,NM_167037,FBgn0029763,FBgn0029763,58.44268774703557,FBgn0029763
rna-NM_001297961.1,323,4454,0.07251908396946564,NM_001297961,FBgn0029763,FBgn0029763,58.44268774703557,FBgn0029763
rna-NM_131992.3,291,4141,0.07027288094663126,NM_131992,FBgn0029763,FBgn0029763,58.44268774703557,FBgn0029763
rna-NM_167035.2,288,4066,0.07083128381701918,NM_167035,FBgn0029763,FBgn0029763,58.44268774703557,FBgn0029763
rna-NM_167036.2,290,4093,0.07085267529929147,NM_167036,FBgn0029763,FBgn0029763,58.44268774703557,FBgn0029763
rna-NM_001297967.1,142,1892,0.07505285412262157,NM_001297967,FBgn0029771,FBgn0029771,7.789328063241106,FBgn0029771
rna-NM_132000.3,99,1241,0.07977437550362611,NM_132000,FBgn0029771,FBgn0029771,7.789328063241106,FBgn0029771
rna-NM_001297969.1,201,3633,0.05532617671345995,NM_001297969,FBgn0263511,FBgn0263511,0.5881422924901192,FBgn0263511
rna-NM_132004.3,177,2983,0.059336238685886694,NM_132004,FBgn0263511,FBgn0263511,0.5881422924901192,FBgn0263511
rna-NM_132007.4,145,1905,0.07611548556430446,NM_132007,FBgn0029778,FBgn0029778,115.05533596837945,FBgn0029778
rna-NM_167040.4,146,1933,0.07553026383859286,NM_167040,FBgn0029778,FBgn0029778,115.05533596837945,FBgn0029778
rna-NM_078494.4,81,1302,0.06221198156682028,NM_078494,FBgn0004687,FBgn0004687,143.35177865612647,FBgn0004687
rna-NM_001258604.2,69,1248,0.055288461538461536,NM_001258604,FBgn0004687,FBgn0004687,143.35177865612647,FBgn0004687
rna-NM_132008.4,302,2779,0.10867218423893486,NM_132008,FBgn0026702,FBgn0026702,7.630039525691698,FBgn0026702
rna-NM_001272326.1,428,6757,0.06334171969809087,NM_001272326,FBgn0259994,FBgn0259994,1.5114624505928844,FBgn0259994
rna-NM_001272325.1,391,5914,0.06611430503889076,NM_001272325,FBgn0259994,FBgn0259994,1.5114624505928844,FBgn0259994
rna-NM_132009.4,283,4210,0.06722090261282661,NM_132009,FBgn0259994,FBgn0259994,1.5114624505928844,FBgn0259994
rna-NM_001272328.1,282,4154,0.06788637457871931,NM_001272328,FBgn0259994,FBgn0259994,1.5114624505928844,FBgn0259994
rna-NM_001272327.1,294,4355,0.06750861079219288,NM_001272327,FBgn0259994,FBgn0259994,1.5114624505928844,FBgn0259994
rna-NM_001169205.2,285,4253,0.06701152127909711,NM_001169205,FBgn0259994,FBgn0259994,1.5114624505928844,FBgn0259994
rna-NM_132013.3,40,1112,0.03597122302158273,NM_132013,FBgn0029783,FBgn0029783,5.573517786561253,FBgn0029783
rna-NM_167041.3,42,1198,0.035058430717863104,NM_167041,FBgn0029783,FBgn0029783,5.573517786561253,FBgn0029783
rna-NM_167042.3,45,1253,0.035913806863527534,NM_167042,FBgn0029783,FBgn0029783,5.573517786561253,FBgn0029783
rna-NM_001297970.1,161,3857,0.041742286751361164,NM_001297970,FBgn0028474,FBgn0028474,73.38735177865613,FBgn0028474
rna-NM_132014.3,154,3697,0.04165539626724371,NM_132014,FBgn0028474,FBgn0028474,73.38735177865613,FBgn0028474
rna-NM_080005.4,32,833,0.03841536614645858,NM_080005,FBgn0015794,FBgn0015794,8.080632411067175,FBgn0015794
rna-NM_001297971.1,26,590,0.04406779661016949,NM_001297971,FBgn0029785,FBgn0029785,798.6719367588933,FBgn0029785
rna-NM_132015.3,25,507,0.04930966469428008,NM_132015,FBgn0029785,FBgn0029785,798.6719367588933,FBgn0029785
rna-NM_167043.3,29,606,0.04785478547854786,NM_167043,FBgn0029785,FBgn0029785,798.6719367588933,FBgn0029785
rna-NM_080053.4,93,1634,0.056915544675642596,NM_080053,FBgn0046687,FBgn0046687,31.612648221343875,FBgn0046687
rna-NM_001297972.1,93,1655,0.056193353474320244,NM_001297972,FBgn0046687,FBgn0046687,31.612648221343875,FBgn0046687
rna-NM_001258605.1,92,1499,0.061374249499666446,NM_001258605,FBgn0046687,FBgn0046687,31.612648221343875,FBgn0046687
rna-NM_078495.3,78,1490,0.052348993288590606,NM_078495,FBgn0003747,FBgn0003747,1.3545454545454532,FBgn0003747
rna-NM_001169206.2,71,1217,0.05834018077239113,NM_001169206,FBgn0259926,FBgn0259926,0.890513833992095,FBgn0259926
rna-NM_132016.3,67,1146,0.05846422338568935,NM_132016,FBgn0259926,FBgn0259926,0.890513833992095,FBgn0259926
rna-NM_132017.2,188,3674,0.05117038649972782,NM_132017,FBgn0029789,FBgn0029789,38.58656126482214,FBgn0029789
rna-NM_080525.3,111,1893,0.058637083993660855,NM_080525,FBgn0000394,FBgn0000394,4.9003952569169975,FBgn0000394
rna-NM_001297974.1,114,1742,0.06544202066590127,NM_001297974,FBgn0000394,FBgn0000394,4.9003952569169975,FBgn0000394
rna-NM_001297973.1,91,1308,0.06957186544342507,NM_001297973,FBgn0000394,FBgn0000394,4.9003952569169975,FBgn0000394
rna-NM_132018.3,100,2020,0.04950495049504951,NM_132018,FBgn0027564,FBgn0027564,10.079446640316204,FBgn0027564
rna-NM_132019.3,204,3920,0.05204081632653061,NM_132019,FBgn0029791,FBgn0029791,0.5814229249011862,FBgn0029791
rna-NM_001169207.1,174,3372,0.051601423487544484,NM_001169207,FBgn0029791,FBgn0029791,0.5814229249011862,FBgn0029791
rna-NM_001297977.1,126,3596,0.035038932146829814,NM_001297977,FBgn0052758,FBgn0052758,85.28853754940711,FBgn0052758
rna-NM_001272329.2,115,3273,0.03513596089214788,NM_001272329,FBgn0052758,FBgn0052758,85.28853754940711,FBgn0052758
rna-NM_167045.3,113,2904,0.038911845730027546,NM_167045,FBgn0052758,FBgn0052758,85.28853754940711,FBgn0052758
rna-NM_001272332.1,293,5403,0.05422913196372386,NM_001272332,FBgn0261383,FBgn0261383,132.3913043478261,FBgn0261383
rna-NM_001272331.1,331,5747,0.05759526709587611,NM_001272331,FBgn0261383,FBgn0261383,132.3913043478261,FBgn0261383
rna-NM_132025.3,307,5733,0.05354962497819641,NM_132025,FBgn0261383,FBgn0261383,132.3913043478261,FBgn0261383
rna-NM_001272330.1,345,6077,0.056771433272996545,NM_001272330,FBgn0261383,FBgn0261383,132.3913043478261,FBgn0261383
rna-NM_167047.2,334,5767,0.05791572741460031,NM_167047,FBgn0261383,FBgn0261383,132.3913043478261,FBgn0261383
rna-NM_001272333.1,219,3603,0.06078268109908409,NM_001272333,FBgn0029798,FBgn0029798,12.013438735177864,FBgn0029798
rna-NM_132026.2,210,3308,0.06348246674727932,NM_132026,FBgn0029798,FBgn0029798,12.013438735177864,FBgn0029798
rna-NM_001297979.1,89,1360,0.06544117647058824,NM_001297979,FBgn0029800,FBgn0029800,42.52569169960474,FBgn0029800
rna-NM_132028.3,31,721,0.04299583911234397,NM_132028,FBgn0029800,FBgn0029800,42.52569169960474,FBgn0029800
rna-NM_001297980.1,130,2464,0.052759740259740256,NM_001297980,FBgn0029801,FBgn0029801,124.32806324110672,FBgn0029801
rna-NM_132029.4,109,2290,0.04759825327510917,NM_132029,FBgn0029801,FBgn0029801,124.32806324110672,FBgn0029801
rna-NM_176687.3,102,2292,0.04450261780104712,NM_176687,FBgn0029801,FBgn0029801,124.32806324110672,FBgn0029801
rna-NM_080030.5,65,2020,0.03217821782178218,NM_080030,FBgn0013987,FBgn0013987,102.17391304347827,FBgn0013987
rna-NM_176688.3,66,2045,0.03227383863080684,NM_176688,FBgn0013987,FBgn0013987,102.17391304347827,FBgn0013987
rna-NM_001201618.1,66,2060,0.03203883495145631,NM_001201618,FBgn0013987,FBgn0013987,102.17391304347827,FBgn0013987
rna-NM_001258607.2,60,1913,0.03136434918975431,NM_001258607,FBgn0013987,FBgn0013987,102.17391304347827,FBgn0013987
rna-NM_132035.3,270,4296,0.06284916201117319,NM_132035,FBgn0261610,FBgn0261610,10.486561264822134,FBgn0261610
rna-NM_132031.3,80,1983,0.040342914775592535,NM_132031,FBgn0029804,FBgn0029804,2.5679841897233198,FBgn0029804
rna-NM_132040.2,54,957,0.05642633228840126,NM_132040,FBgn0029813,FBgn0029813,5.0075098814229,FBgn0029813
rna-NM_132045.4,151,2388,0.06323283082077052,NM_132045,FBgn0029818,FBgn0029818,20.353754940711468,FBgn0029818
rna-NM_078496.3,165,3014,0.05474452554744526,NM_078496,FBgn0014340,FBgn0014340,13.708300395256916,FBgn0014340
rna-NM_132046.3,151,2436,0.06198686371100164,NM_132046,FBgn0029819,FBgn0029819,42.41106719367589,FBgn0029819
rna-NM_001297983.1,129,2267,0.05690339655932951,NM_001297983,FBgn0029819,FBgn0029819,42.41106719367589,FBgn0029819
rna-NM_132047.3,170,2546,0.06677140612725845,NM_132047,FBgn0029820,FBgn0029820,39.22529644268775,FBgn0029820
rna-NM_001297984.1,161,2442,0.06592956592956593,NM_001297984,FBgn0029820,FBgn0029820,39.22529644268775,FBgn0029820
rna-NM_001297985.1,160,2321,0.06893580353295993,NM_001297985,FBgn0029820,FBgn0029820,39.22529644268775,FBgn0029820
rna-NM_001297986.1,172,2863,0.06007684247293049,NM_001297986,FBgn0000042,FBgn0000042,3351.0592885375495,FBgn0000042
rna-NM_001014726.2,145,2252,0.06438721136767318,NM_001014726,FBgn0000042,FBgn0000042,3351.0592885375495,FBgn0000042
rna-NM_001014725.2,125,1928,0.06483402489626557,NM_001014725,FBgn0000042,FBgn0000042,3351.0592885375495,FBgn0000042
rna-NM_167053.2,106,1637,0.064752596212584,NM_167053,FBgn0000042,FBgn0000042,3351.0592885375495,FBgn0000042
rna-NM_078497.4,168,2653,0.0633245382585752,NM_078497,FBgn0000042,FBgn0000042,3351.0592885375495,FBgn0000042
rna-NM_001272335.1,109,1886,0.057794273594909865,NM_001272335,FBgn0029821,FBgn0029821,2.0118577075098822,FBgn0029821
rna-NM_132048.3,102,1750,0.05828571428571429,NM_132048,FBgn0029821,FBgn0029821,2.0118577075098822,FBgn0029821
rna-NM_167054.2,107,2335,0.04582441113490364,NM_167054,FBgn0029822,FBgn0029822,51.952569169960476,FBgn0029822
rna-NM_132049.5,142,3038,0.0467412771560237,NM_132049,FBgn0029822,FBgn0029822,51.952569169960476,FBgn0029822
rna-NM_132050.2,93,2001,0.046476761619190406,NM_132050,FBgn0029823,FBgn0029823,27.064822134387374,FBgn0029823
rna-NM_001297987.1,76,1592,0.04773869346733668,NM_001297987,FBgn0029823,FBgn0029823,27.064822134387374,FBgn0029823
rna-NM_001144690.2,91,2054,0.04430379746835443,NM_001144690,FBgn0029823,FBgn0029823,27.064822134387374,FBgn0029823
rna-NM_001297988.1,167,3129,0.05337168424416747,NM_001297988,FBgn0029824,FBgn0029824,12.494071146245052,FBgn0029824
rna-NM_132051.2,154,2901,0.053085143054119266,NM_132051,FBgn0029824,FBgn0029824,12.494071146245052,FBgn0029824
rna-NM_001297989.1,110,2374,0.04633529907329402,NM_001297989,FBgn0029825,FBgn0029825,76.14229249011858,FBgn0029825
rna-NM_132052.4,79,1746,0.04524627720504009,NM_132052,FBgn0029825,FBgn0029825,76.14229249011858,FBgn0029825
rna-NM_001297990.1,86,2397,0.035878181059657906,NM_001297990,FBgn0052756,FBgn0052756,66.9407114624506,FBgn0052756
rna-NM_167055.3,79,1895,0.041688654353562005,NM_167055,FBgn0052756,FBgn0052756,66.9407114624506,FBgn0052756
rna-NM_132056.5,344,5690,0.06045694200351494,NM_132056,FBgn0005390,FBgn0005390,8.735968379446618,FBgn0005390
rna-NM_132057.3,151,3764,0.040116896918172155,NM_132057,FBgn0029830,FBgn0029830,7.755731225296435,FBgn0029830
rna-NM_001297991.1,147,3626,0.04054054054054054,NM_001297991,FBgn0029830,FBgn0029830,7.755731225296435,FBgn0029830
rna-NM_001297992.1,145,3577,0.04053676265026559,NM_001297992,FBgn0029830,FBgn0029830,7.755731225296435,FBgn0029830
rna-NM_001297993.1,98,3751,0.026126366302319383,NM_001297993,FBgn0029831,FBgn0029831,6.317391304347807,FBgn0029831
rna-NM_132058.3,78,2619,0.029782359679266894,NM_132058,FBgn0029831,FBgn0029831,6.317391304347807,FBgn0029831
rna-NM_001258611.1,58,1319,0.04397270659590599,NM_001258611,FBgn0003302,FBgn0003302,12.040711462450588,FBgn0003302
rna-NM_078498.4,62,1420,0.04366197183098591,NM_078498,FBgn0003302,FBgn0003302,12.040711462450588,FBgn0003302
rna-NM_132060.4,47,1245,0.03775100401606426,NM_132060,FBgn0029833,FBgn0029833,61.1897233201581,FBgn0029833
rna-NM_001258612.2,34,798,0.042606516290726815,NM_001258612,FBgn0029833,FBgn0029833,61.1897233201581,FBgn0029833
rna-NM_001297995.1,351,7097,0.04945751726081443,NM_001297995,FBgn0029840,FBgn0029840,21.462450592885375,FBgn0029840
rna-NM_132066.2,351,7072,0.04963235294117647,NM_132066,FBgn0029840,FBgn0029840,21.462450592885375,FBgn0029840
rna-NM_132071.3,83,1801,0.04608550805108273,NM_132071,FBgn0029849,FBgn0029849,16.964426877470427,FBgn0029849
rna-NM_167062.3,75,1598,0.04693366708385482,NM_167062,FBgn0029849,FBgn0029849,16.964426877470427,FBgn0029849
rna-NM_078502.3,53,1117,0.047448522829006266,NM_078502,FBgn0003514,FBgn0003514,185.68774703557312,FBgn0003514
rna-NM_001298001.1,52,1097,0.04740200546946217,NM_001298001,FBgn0003514,FBgn0003514,185.68774703557312,FBgn0003514
rna-NM_001298000.1,71,1403,0.05060584461867427,NM_001298000,FBgn0003514,FBgn0003514,185.68774703557312,FBgn0003514
rna-NM_001297999.1,55,1093,0.05032021957913998,NM_001297999,FBgn0003514,FBgn0003514,185.68774703557312,FBgn0003514
rna-NM_001298002.1,47,1024,0.0458984375,NM_001298002,FBgn0003514,FBgn0003514,185.68774703557312,FBgn0003514
rna-NM_001258618.2,481,6600,0.07287878787878788,NM_001258618,FBgn0262730,FBgn0262730,178.37944664031622,FBgn0262730
rna-NM_001298003.1,654,9366,0.06982703395259449,NM_001298003,FBgn0262730,FBgn0262730,178.37944664031622,FBgn0262730
rna-NM_001298004.1,456,6311,0.07225479321819046,NM_001298004,FBgn0262730,FBgn0262730,178.37944664031622,FBgn0262730
rna-NM_132072.4,643,9144,0.07031933508311461,NM_132072,FBgn0262730,FBgn0262730,178.37944664031622,FBgn0262730
rna-NM_132074.3,686,11139,0.061585420594308285,NM_132074,FBgn0023458,FBgn0023458,30.077470355731233,FBgn0023458
rna-NM_078503.5,85,1643,0.051734631771150334,NM_078503,FBgn0015818,FBgn0015818,130.49802371541503,FBgn0015818
rna-NM_167063.3,104,2201,0.04725124943207633,NM_167063,FBgn0040918,FBgn0040918,390.14229249011856,FBgn0040918
rna-NM_144269.4,119,2487,0.04784881383192602,NM_144269,FBgn0040918,FBgn0040918,390.14229249011856,FBgn0040918
rna-NM_132075.4,39,951,0.04100946372239748,NM_132075,FBgn0029853,FBgn0029853,4.975098814229252,FBgn0029853
rna-NM_143705.3,372,6166,0.06033084657800843,NM_143705,FBgn0028982,FBgn0028982,71.03952569169961,FBgn0028982
rna-NM_001298007.1,361,6070,0.059472817133443164,NM_001298007,FBgn0028982,FBgn0028982,71.03952569169961,FBgn0028982
rna-NM_132076.7,34,550,0.06181818181818182,NM_132076,FBgn0029854,FBgn0029854,11.501976284584966,FBgn0029854
rna-NM_001258619.2,45,770,0.05844155844155844,NM_001258619,FBgn0029854,FBgn0029854,11.501976284584966,FBgn0029854
rna-NM_206632.3,94,1607,0.05849408836341008,NM_206632,FBgn0029854,FBgn0029854,11.501976284584966,FBgn0029854
rna-NM_001298008.1,186,2390,0.07782426778242678,NM_001298008,FBgn0086558,FBgn0086558,807.3675889328064,FBgn0086558
rna-NM_167065.3,131,1916,0.06837160751565761,NM_167065,FBgn0086558,FBgn0086558,807.3675889328064,FBgn0086558
rna-NM_001298009.1,187,3296,0.056735436893203886,NM_001298009,FBgn0026015,FBgn0026015,74.24505928853755,FBgn0026015
rna-NM_078504.4,150,2963,0.05062436719541006,NM_078504,FBgn0026015,FBgn0026015,74.24505928853755,FBgn0026015
rna-NM_132079.4,75,1463,0.05126452494873548,NM_132079,FBgn0029857,FBgn0029857,18.284584980237153,FBgn0029857
rna-NM_132080.4,75,1465,0.051194539249146756,NM_132080,FBgn0028685,FBgn0028685,93.37154150197628,FBgn0028685
rna-NM_001258620.2,195,2809,0.06941972232111071,NM_001258620,FBgn0029858,FBgn0029858,7.734387351778653,FBgn0029858
rna-NM_132081.4,117,1785,0.06554621848739496,NM_132081,FBgn0029858,FBgn0029858,7.734387351778653,FBgn0029858
rna-NM_001298010.1,36,829,0.04342581423401689,NM_001298010,FBgn0029860,FBgn0029860,17.16363636363636,FBgn0029860
rna-NM_167069.2,32,599,0.05342237061769616,NM_167069,FBgn0029860,FBgn0029860,17.16363636363636,FBgn0029860
rna-NM_132083.4,214,3232,0.06621287128712872,NM_132083,FBgn0029861,FBgn0029861,105.93675889328063,FBgn0029861
rna-NM_132084.3,112,2018,0.05550049554013875,NM_132084,FBgn0043796,FBgn0043796,18.25731225296443,FBgn0043796
rna-NM_001298013.1,55,2187,0.025148605395518976,NM_001298013,FBgn0250869,FBgn0250869,267.00395256916994,FBgn0250869
rna-NM_001272340.2,51,1909,0.02671555788370875,NM_001272340,FBgn0250869,FBgn0250869,267.00395256916994,FBgn0250869
rna-NM_001144692.2,51,1909,0.02671555788370875,NM_001144692,FBgn0250869,FBgn0250869,267.00395256916994,FBgn0250869
rna-NM_001272342.2,107,2655,0.040301318267419964,NM_001272342,FBgn0029866,FBgn0029866,21.898418972332063,FBgn0029866
rna-NM_001272341.1,90,2049,0.043923865300146414,NM_001272341,FBgn0029866,FBgn0029866,21.898418972332063,FBgn0029866
rna-NM_132088.3,74,1765,0.041926345609065156,NM_132088,FBgn0029866,FBgn0029866,21.898418972332063,FBgn0029866
rna-NM_206633.3,87,1875,0.0464,NM_206633,FBgn0029866,FBgn0029866,21.898418972332063,FBgn0029866
rna-NM_132089.4,119,2134,0.05576382380506092,NM_132089,FBgn0029867,FBgn0029867,196.1818181818182,FBgn0029867
rna-NM_001316630.1,54,1265,0.042687747035573126,NM_001316630,FBgn0029868,FBgn0029868,147.13833992094862,FBgn0029868
rna-NM_132090.3,36,957,0.03761755485893417,NM_132090,FBgn0029868,FBgn0029868,147.13833992094862,FBgn0029868
rna-NM_001298014.1,17,713,0.023842917251051893,NM_001298014,FBgn0029868,FBgn0029868,147.13833992094862,FBgn0029868
rna-NM_167072.2,125,2636,0.04742033383915023,NM_167072,FBgn0261955,FBgn0261955,948.5454545454545,FBgn0261955
rna-NM_132091.3,116,2510,0.046215139442231074,NM_132091,FBgn0261955,FBgn0261955,948.5454545454545,FBgn0261955
rna-NM_132092.3,187,3617,0.051700304119436,NM_132092,FBgn0029870,FBgn0029870,134.58893280632412,FBgn0029870
rna-NM_206634.2,186,3605,0.05159500693481276,NM_206634,FBgn0029870,FBgn0029870,134.58893280632412,FBgn0029870
rna-NM_206635.3,179,3444,0.051974448315911734,NM_206635,FBgn0029870,FBgn0029870,134.58893280632412,FBgn0029870
rna-NM_001272344.1,100,1599,0.06253908692933083,NM_001272344,FBgn0003139,FBgn0003139,213.1106719367589,FBgn0003139
rna-NM_001272345.1,103,1622,0.06350184956843404,NM_001272345,FBgn0003139,FBgn0003139,213.1106719367589,FBgn0003139
rna-NM_001272343.1,101,1603,0.0630068621334997,NM_001272343,FBgn0003139,FBgn0003139,213.1106719367589,FBgn0003139
rna-NM_078506.3,105,1675,0.0626865671641791,NM_078506,FBgn0003139,FBgn0003139,213.1106719367589,FBgn0003139
rna-NM_132095.4,81,1808,0.04480088495575221,NM_132095,FBgn0029873,FBgn0029873,151.65612648221344,FBgn0029873
rna-NM_132096.5,124,1709,0.07255705090696314,NM_132096,FBgn0029874,FBgn0029874,25.845849802371543,FBgn0029874
rna-NM_001298016.1,63,1130,0.05575221238938053,NM_001298016,FBgn0014026,FBgn0014026,366.2173913043478,FBgn0014026
rna-NM_167073.3,62,1124,0.05516014234875445,NM_167073,FBgn0014026,FBgn0014026,366.2173913043478,FBgn0014026
rna-NM_078508.6,59,1100,0.053636363636363635,NM_078508,FBgn0014026,FBgn0014026,366.2173913043478,FBgn0014026
rna-NM_001298015.1,56,1011,0.05539070227497527,NM_001298015,FBgn0014026,FBgn0014026,366.2173913043478,FBgn0014026
rna-NM_167075.2,54,971,0.055612770339855816,NM_167075,FBgn0014026,FBgn0014026,366.2173913043478,FBgn0014026
rna-NM_078509.3,179,3828,0.046760710553814006,NM_078509,FBgn0000524,FBgn0000524,114.6403162055336,FBgn0000524
rna-NM_001169208.3,701,11940,0.05871021775544388,NM_001169208,FBgn0085446,FBgn0085446,2.0490118577075114,FBgn0085446
rna-NM_001272350.1,705,11914,0.05917408091321135,NM_001272350,FBgn0085446,FBgn0085446,2.0490118577075114,FBgn0085446
rna-NM_001272354.1,1116,17577,0.06349206349206349,NM_001272354,FBgn0085446,FBgn0085446,2.0490118577075114,FBgn0085446
rna-NM_001169209.3,1114,17542,0.06350473150153917,NM_001169209,FBgn0085446,FBgn0085446,2.0490118577075114,FBgn0085446
rna-NM_001272353.1,1043,16863,0.061851390618513906,NM_001272353,FBgn0085446,FBgn0085446,2.0490118577075114,FBgn0085446
rna-NM_001272351.1,1031,16701,0.061732830369438954,NM_001272351,FBgn0085446,FBgn0085446,2.0490118577075114,FBgn0085446
rna-NM_001272352.1,697,11811,0.05901278469223605,NM_001272352,FBgn0085446,FBgn0085446,2.0490118577075114,FBgn0085446
rna-NM_001103423.3,682,11466,0.059480202337345196,NM_001103423,FBgn0085446,FBgn0085446,2.0490118577075114,FBgn0085446
rna-NM_001103425.3,673,11318,0.059462802615303054,NM_001103425,FBgn0085446,FBgn0085446,2.0490118577075114,FBgn0085446
rna-NM_001272355.1,682,11463,0.05949576899589985,NM_001272355,FBgn0085446,FBgn0085446,2.0490118577075114,FBgn0085446
rna-NM_001103426.3,1092,17795,0.06136555212138241,NM_001103426,FBgn0085446,FBgn0085446,2.0490118577075114,FBgn0085446
rna-NM_001201620.2,1054,17444,0.06042192157761981,NM_001201620,FBgn0085446,FBgn0085446,2.0490118577075114,FBgn0085446
rna-NM_001103422.2,164,3189,0.051426779554719346,NM_001103422,FBgn0085446,FBgn0085446,2.0490118577075114,FBgn0085446
rna-NM_001298018.1,1105,17271,0.0639800822187482,NM_001298018,FBgn0085446,FBgn0085446,2.0490118577075114,FBgn0085446
rna-NM_001201619.3,673,11195,0.06011612326931666,NM_001201619,FBgn0085446,FBgn0085446,2.0490118577075114,FBgn0085446
rna-NM_001272347.1,413,6686,0.06177086449297039,NM_001272347,FBgn0085446,FBgn0085446,2.0490118577075114,FBgn0085446
rna-NM_001298019.1,635,10844,0.05855772777572851,NM_001298019,FBgn0085446,FBgn0085446,2.0490118577075114,FBgn0085446
rna-NM_001272348.1,375,6335,0.05919494869771113,NM_001272348,FBgn0085446,FBgn0085446,2.0490118577075114,FBgn0085446
rna-NM_001272349.1,247,4199,0.058823529411764705,NM_001272349,FBgn0085446,FBgn0085446,2.0490118577075114,FBgn0085446
rna-NM_001298017.1,1045,17173,0.06085133640016305,NM_001298017,FBgn0085446,FBgn0085446,2.0490118577075114,FBgn0085446
rna-NM_206636.2,159,1956,0.08128834355828221,NM_206636,FBgn0085446,FBgn0085446,2.0490118577075114,FBgn0085446
rna-NM_132100.5,247,3716,0.06646932185145317,NM_132100,FBgn0029878,FBgn0029878,19.42687747035573,FBgn0029878
rna-NM_001272357.2,244,3659,0.06668488658103307,NM_001272357,FBgn0029878,FBgn0029878,19.42687747035573,FBgn0029878
rna-NM_001272356.2,202,3389,0.059604603127766304,NM_001272356,FBgn0029878,FBgn0029878,19.42687747035573,FBgn0029878
rna-NM_132101.4,179,2242,0.07983942908117753,NM_132101,FBgn0029879,FBgn0029879,130.34387351778656,FBgn0029879
rna-NM_167079.2,176,2217,0.07938655841226883,NM_167079,FBgn0029879,FBgn0029879,130.34387351778656,FBgn0029879
rna-NM_001298020.1,218,6318,0.03450459006014561,NM_001298020,FBgn0029881,FBgn0029881,8.524901185770744,FBgn0029881
rna-NM_132103.3,201,5401,0.0372153304943529,NM_132103,FBgn0029881,FBgn0029881,8.524901185770744,FBgn0029881
rna-NM_001258621.2,197,6272,0.0314094387755102,NM_001258621,FBgn0029881,FBgn0029881,8.524901185770744,FBgn0029881
rna-NM_132104.4,13,894,0.0145413870246085,NM_132104,FBgn0029882,FBgn0029882,40.03162055335969,FBgn0029882
rna-NM_167080.2,100,3103,0.03222687721559781,NM_167080,FBgn0028360,FBgn0028360,81.00790513833992,FBgn0028360
rna-NM_001298021.1,93,2962,0.03139770425388251,NM_001298021,FBgn0028360,FBgn0028360,81.00790513833992,FBgn0028360
rna-NM_132107.4,15,851,0.01762632197414806,NM_132107,FBgn0029885,FBgn0029885,14.65612648221344,FBgn0029885
rna-NM_132108.3,66,2103,0.03138373751783167,NM_132108,FBgn0062413,FBgn0062413,7.273517786561257,FBgn0062413
rna-NM_001258622.2,37,1575,0.02349206349206349,NM_001258622,FBgn0062413,FBgn0062413,7.273517786561257,FBgn0062413
rna-NM_001258623.2,40,1601,0.024984384759525295,NM_001258623,FBgn0062413,FBgn0062413,7.273517786561257,FBgn0062413
rna-NM_001258624.1,37,1503,0.024617431803060547,NM_001258624,FBgn0062413,FBgn0062413,7.273517786561257,FBgn0062413
rna-NM_132109.2,140,4996,0.02802241793434748,NM_132109,FBgn0029887,FBgn0029887,169.53754940711462,FBgn0029887
rna-NM_078510.3,90,2790,0.03225806451612903,NM_078510,FBgn0025815,FBgn0025815,378.102766798419,FBgn0025815
rna-NM_132110.2,36,1321,0.02725208175624527,NM_132110,FBgn0029888,FBgn0029888,48.90909090909091,FBgn0029888
rna-NM_001031877.2,29,805,0.03602484472049689,NM_001031877,FBgn0029888,FBgn0029888,48.90909090909091,FBgn0029888
rna-NM_001298022.1,25,706,0.03541076487252125,NM_001298022,FBgn0029888,FBgn0029888,48.90909090909091,FBgn0029888
rna-NM_132111.3,50,1740,0.028735632183908046,NM_132111,FBgn0286222,FBgn0286222,37.45889328063241,FBgn0286222
rna-NM_167081.3,51,1668,0.030575539568345324,NM_167081,FBgn0286222,FBgn0286222,37.45889328063241,FBgn0286222
rna-NM_001031878.2,82,2894,0.028334485141672427,NM_001031878,FBgn0029891,FBgn0029891,36.91304347826087,FBgn0029891
rna-NM_001031880.3,89,3158,0.02818239392020266,NM_001031880,FBgn0029891,FBgn0029891,36.91304347826087,FBgn0029891
rna-NM_001031879.3,82,2921,0.028072577884286205,NM_001031879,FBgn0029891,FBgn0029891,36.91304347826087,FBgn0029891
rna-NM_001031881.3,79,2864,0.027583798882681563,NM_001031881,FBgn0029891,FBgn0029891,36.91304347826087,FBgn0029891
rna-NM_001031883.3,78,2865,0.027225130890052355,NM_001031883,FBgn0029891,FBgn0029891,36.91304347826087,FBgn0029891
rna-NM_132112.5,78,2859,0.02728226652675761,NM_132112,FBgn0029891,FBgn0029891,36.91304347826087,FBgn0029891
rna-NM_167083.4,71,2779,0.025548758546239655,NM_167083,FBgn0029891,FBgn0029891,36.91304347826087,FBgn0029891
rna-NM_001031882.3,71,2773,0.02560403894698882,NM_001031882,FBgn0029891,FBgn0029891,36.91304347826087,FBgn0029891
rna-NM_001298023.1,61,2411,0.025300705101617586,NM_001298023,FBgn0029891,FBgn0029891,36.91304347826087,FBgn0029891
rna-NM_001298024.1,11,398,0.02763819095477387,NM_001298024,FBgn0265362,FBgn0265362,6.5810276679841895,FBgn0265362
rna-NM_132113.4,45,1179,0.03816793893129771,NM_132113,FBgn0029892,FBgn0029892,3.9996047430830073,FBgn0029892
rna-NM_132114.2,223,4658,0.04787462430227565,NM_132114,FBgn0029893,FBgn0029893,106.15415019762845,FBgn0029893
rna-NM_001298027.1,217,4412,0.049184043517679056,NM_001298027,FBgn0029893,FBgn0029893,106.15415019762845,FBgn0029893
rna-NM_001298025.1,222,4562,0.04866286716352477,NM_001298025,FBgn0029893,FBgn0029893,106.15415019762845,FBgn0029893
rna-NM_001169210.2,213,4388,0.04854147675478578,NM_001169210,FBgn0029893,FBgn0029893,106.15415019762845,FBgn0029893
rna-NM_001298026.1,155,2983,0.0519611129735166,NM_001298026,FBgn0029893,FBgn0029893,106.15415019762845,FBgn0029893
rna-NM_132115.3,129,2638,0.04890068233510235,NM_132115,FBgn0029894,FBgn0029894,108.1189723320158,FBgn0029894
rna-NM_001272358.1,98,1802,0.05438401775804662,NM_001272358,FBgn0029894,FBgn0029894,108.1189723320158,FBgn0029894
rna-NM_132116.4,378,7047,0.05363984674329502,NM_132116,FBgn0029895,FBgn0029895,9.037154150197628,FBgn0029895
rna-NM_001272361.2,271,4754,0.05700462768195204,NM_001272361,FBgn0029895,FBgn0029895,9.037154150197628,FBgn0029895
rna-NM_001272360.2,267,4612,0.057892454466608845,NM_001272360,FBgn0029895,FBgn0029895,9.037154150197628,FBgn0029895
rna-NM_001272359.2,252,4433,0.05684637942702459,NM_001272359,FBgn0029895,FBgn0029895,9.037154150197628,FBgn0029895
rna-NM_167088.2,60,854,0.0702576112412178,NM_167088,FBgn0029897,FBgn0029897,1038.901185770751,FBgn0029897
rna-NM_167089.2,68,941,0.07226354941551541,NM_167089,FBgn0029897,FBgn0029897,1038.901185770751,FBgn0029897
rna-NM_132118.3,77,1100,0.07,NM_132118,FBgn0029897,FBgn0029897,1038.901185770751,FBgn0029897
rna-NM_167087.1,60,837,0.07168458781362007,NM_167087,FBgn0029897,FBgn0029897,1038.901185770751,FBgn0029897
rna-NM_001298032.1,57,830,0.06867469879518072,NM_001298032,FBgn0029897,FBgn0029897,1038.901185770751,FBgn0029897
rna-NM_132120.2,666,10768,0.06184992570579495,NM_132120,FBgn0287725,FBgn0287725,112.41106719367589,FBgn0287725
rna-NM_167090.2,632,10332,0.061169183120402634,NM_167090,FBgn0287725,FBgn0287725,112.41106719367589,FBgn0287725
rna-NM_001298033.1,632,10329,0.0611869493658631,NM_001298033,FBgn0287725,FBgn0287725,112.41106719367589,FBgn0287725
rna-NM_143710.3,41,899,0.04560622914349277,NM_143710,FBgn0029502,FBgn0029502,5.414624505928844,FBgn0029502
rna-NM_001298037.1,304,6103,0.049811568081271504,NM_001298037,FBgn0259228,FBgn0259228,64.58102766798419,FBgn0259228
rna-NM_176694.3,346,7553,0.045809612074672316,NM_176694,FBgn0259228,FBgn0259228,64.58102766798419,FBgn0259228
rna-NM_001272362.1,291,5648,0.051522662889518414,NM_001272362,FBgn0259228,FBgn0259228,64.58102766798419,FBgn0259228
rna-NM_001144695.3,261,5651,0.04618651566094496,NM_001144695,FBgn0259228,FBgn0259228,64.58102766798419,FBgn0259228
rna-NM_001272364.1,266,5804,0.04583046175051689,NM_001272364,FBgn0259228,FBgn0259228,64.58102766798419,FBgn0259228
rna-NM_001144696.3,267,5804,0.04600275671950379,NM_001144696,FBgn0259228,FBgn0259228,64.58102766798419,FBgn0259228
rna-NM_001144697.2,261,5244,0.04977116704805492,NM_001144697,FBgn0259228,FBgn0259228,64.58102766798419,FBgn0259228
rna-NM_001144694.2,267,5397,0.049471928849360754,NM_001144694,FBgn0259228,FBgn0259228,64.58102766798419,FBgn0259228
rna-NM_001272363.1,234,5027,0.046548637358265366,NM_001272363,FBgn0259228,FBgn0259228,64.58102766798419,FBgn0259228
rna-NM_132122.5,282,6467,0.04360599969073759,NM_132122,FBgn0259228,FBgn0259228,64.58102766798419,FBgn0259228
rna-NM_001258625.2,449,6374,0.07044242234075933,NM_001258625,FBgn0029903,FBgn0029903,158.98418972332016,FBgn0029903
rna-NM_167091.3,392,5798,0.06760952052431873,NM_167091,FBgn0029903,FBgn0029903,158.98418972332016,FBgn0029903
rna-NM_001103427.3,426,6031,0.07063505223014425,NM_001103427,FBgn0029903,FBgn0029903,158.98418972332016,FBgn0029903
rna-NM_167092.3,389,5797,0.0671036743143005,NM_167092,FBgn0029903,FBgn0029903,158.98418972332016,FBgn0029903
rna-NM_167093.2,383,5737,0.06675963046888618,NM_167093,FBgn0029903,FBgn0029903,158.98418972332016,FBgn0029903
rna-NM_132124.5,391,5837,0.06698646565016275,NM_132124,FBgn0029903,FBgn0029903,158.98418972332016,FBgn0029903
rna-NM_167094.2,396,5806,0.06820530485704444,NM_167094,FBgn0029903,FBgn0029903,158.98418972332016,FBgn0029903
rna-NM_132126.3,213,2522,0.084456780333069,NM_132126,FBgn0029905,FBgn0029905,162.8893280632411,FBgn0029905
rna-NM_132127.4,67,1640,0.04085365853658537,NM_132127,FBgn0029906,FBgn0029906,38.43873517786561,FBgn0029906
rna-NM_132128.3,84,890,0.09438202247191012,NM_132128,FBgn0029907,FBgn0029907,54.070750988142294,FBgn0029907
rna-NM_001298038.1,723,10621,0.06807268618774127,NM_001298038,FBgn0263968,FBgn0263968,13.126482213438734,FBgn0263968
rna-NM_167095.3,662,10039,0.06594282299033769,NM_167095,FBgn0263968,FBgn0263968,13.126482213438734,FBgn0263968
rna-NM_001169211.2,244,3831,0.06369094231271208,NM_001169211,FBgn0029911,FBgn0029911,104.53754940711462,FBgn0029911
rna-NM_132131.4,201,2573,0.078118927322192,NM_132131,FBgn0029911,FBgn0029911,104.53754940711462,FBgn0029911
rna-NM_132132.3,226,3240,0.06975308641975309,NM_132132,FBgn0029912,FBgn0029912,9.897628458498016,FBgn0029912
rna-NM_132133.3,124,1576,0.07868020304568528,NM_132133,FBgn0029913,FBgn0029913,13.641897233201576,FBgn0029913
rna-NM_132134.4,186,2115,0.08794326241134752,NM_132134,FBgn0029914,FBgn0029914,43.93754940711463,FBgn0029914
rna-NM_001169212.2,174,1868,0.09314775160599571,NM_001169212,FBgn0029914,FBgn0029914,43.93754940711463,FBgn0029914
rna-NM_001298040.1,132,1507,0.08759124087591241,NM_001298040,FBgn0029915,FBgn0029915,28.91699604743083,FBgn0029915
rna-NM_001298039.1,81,987,0.08206686930091185,NM_001298039,FBgn0029915,FBgn0029915,28.91699604743083,FBgn0029915
rna-NM_132135.2,72,730,0.09863013698630137,NM_132135,FBgn0029915,FBgn0029915,28.91699604743083,FBgn0029915
rna-NM_001298042.1,118,2425,0.04865979381443299,NM_001298042,FBgn0263993,FBgn0263993,203.2806324110672,FBgn0263993
rna-NM_001298041.1,112,2393,0.046803175929795236,NM_001298041,FBgn0263993,FBgn0263993,203.2806324110672,FBgn0263993
rna-NM_001298043.1,150,7668,0.019561815336463225,NM_001298043,FBgn0263993,FBgn0263993,203.2806324110672,FBgn0263993
rna-NM_001272369.2,132,7387,0.017869229727900365,NM_001272369,FBgn0263993,FBgn0263993,203.2806324110672,FBgn0263993
rna-NM_001272367.2,116,5815,0.01994840928632846,NM_001272367,FBgn0263993,FBgn0263993,203.2806324110672,FBgn0263993
rna-NM_001031888.2,116,4330,0.02678983833718245,NM_001031888,FBgn0263993,FBgn0263993,203.2806324110672,FBgn0263993
rna-NM_001272365.1,122,2469,0.049412717699473474,NM_001272365,FBgn0263993,FBgn0263993,203.2806324110672,FBgn0263993
rna-NM_001272366.1,134,2805,0.04777183600713013,NM_001272366,FBgn0263993,FBgn0263993,203.2806324110672,FBgn0263993
rna-NM_001272368.2,23,5533,0.004156876920296404,NM_001272368,FBgn0263993,FBgn0263993,203.2806324110672,FBgn0263993
rna-NM_001031887.2,11,4258,0.0025833724753405356,NM_001031887,FBgn0263993,FBgn0263993,203.2806324110672,FBgn0263993
rna-NM_001031889.2,23,4382,0.005248744865358284,NM_001031889,FBgn0263993,FBgn0263993,203.2806324110672,FBgn0263993
rna-NM_001298044.1,252,7289,0.03457264370969955,NM_001298044,FBgn0029922,FBgn0029922,2.9671936758893356,FBgn0029922
rna-NM_001382030.1,166,5458,0.030414071088310738,NM_001382030,FBgn0029922,FBgn0029922,2.9671936758893356,FBgn0029922
rna-NM_132141.5,164,5404,0.030347890451517395,NM_132141,FBgn0029922,FBgn0029922,2.9671936758893356,FBgn0029922
rna-NM_167100.3,112,2189,0.05116491548652353,NM_167100,FBgn0052732,FBgn0052732,7.552964426877449,FBgn0052732
rna-NM_132143.3,148,2240,0.06607142857142857,NM_132143,FBgn0029924,FBgn0029924,32.513043478260926,FBgn0029924
rna-NM_132144.3,60,1070,0.056074766355140186,NM_132144,FBgn0029925,FBgn0029925,17.086956521739125,FBgn0029925
rna-NM_001258628.3,101,2158,0.04680259499536608,NM_001258628,FBgn0004646,FBgn0004646,152.9604743083004,FBgn0004646
rna-NM_001258629.2,152,2794,0.05440229062276306,NM_001258629,FBgn0004646,FBgn0004646,152.9604743083004,FBgn0004646
rna-NM_001272371.1,161,3068,0.05247718383311604,NM_001272371,FBgn0004646,FBgn0004646,152.9604743083004,FBgn0004646
rna-NM_080085.5,93,2161,0.043035631652012955,NM_080085,FBgn0004646,FBgn0004646,152.9604743083004,FBgn0004646
rna-NM_167101.3,87,1802,0.04827968923418424,NM_167101,FBgn0004646,FBgn0004646,152.9604743083004,FBgn0004646
rna-NM_001272370.1,76,1689,0.044997039668442866,NM_001272370,FBgn0004646,FBgn0004646,152.9604743083004,FBgn0004646
rna-NM_132145.4,47,703,0.06685633001422475,NM_132145,FBgn0261284,FBgn0261284,11.77905138339921,FBgn0261284
rna-NM_001272372.1,370,5266,0.07026205848841625,NM_001272372,FBgn0027108,FBgn0027108,722.6482213438735,FBgn0027108
rna-NM_167104.3,191,2758,0.06925308194343727,NM_167104,FBgn0027108,FBgn0027108,722.6482213438735,FBgn0027108
rna-NM_132147.4,156,2316,0.06735751295336788,NM_132147,FBgn0027108,FBgn0027108,722.6482213438735,FBgn0027108
rna-NM_001169213.2,140,1832,0.07641921397379912,NM_001169213,FBgn0027108,FBgn0027108,722.6482213438735,FBgn0027108
rna-NM_001272373.1,102,1774,0.05749718151071026,NM_001272373,FBgn0000330,FBgn0000330,52.43478260869565,FBgn0000330
rna-NM_176700.3,90,1469,0.06126616746085772,NM_176700,FBgn0000330,FBgn0000330,52.43478260869565,FBgn0000330
rna-NM_001298045.1,118,1643,0.07181984175289105,NM_001298045,FBgn0029928,FBgn0029928,2.1573122529644357,FBgn0029928
rna-NM_132148.2,108,1424,0.07584269662921349,NM_132148,FBgn0029928,FBgn0029928,2.1573122529644357,FBgn0029928
rna-NM_132149.4,79,1123,0.07034728406055209,NM_132149,FBgn0029929,FBgn0029929,147.6600790513834,FBgn0029929
rna-NM_001298046.1,46,889,0.05174353205849269,NM_001298046,FBgn0029929,FBgn0029929,147.6600790513834,FBgn0029929
rna-NM_132150.3,142,2529,0.05614867536575722,NM_132150,FBgn0029930,FBgn0029930,1.163636363636365,FBgn0029930
rna-NM_001042797.2,107,1752,0.06107305936073059,NM_001042797,FBgn0029930,FBgn0029930,1.163636363636365,FBgn0029930
rna-NM_132151.2,92,1167,0.07883461868037704,NM_132151,FBgn0029931,FBgn0029931,41.46403162055336,FBgn0029931
rna-NM_078512.5,37,846,0.04373522458628842,NM_078512,FBgn0004143,FBgn0004143,15.73636363636362,FBgn0004143
rna-NM_001031891.3,432,5964,0.07243460764587525,NM_001031891,FBgn0264270,FBgn0264270,297.4822134387352,FBgn0264270
rna-NM_001272374.1,379,5164,0.07339271882261812,NM_001272374,FBgn0264270,FBgn0264270,297.4822134387352,FBgn0264270
rna-NM_167114.2,379,5164,0.07339271882261812,NM_167114,FBgn0264270,FBgn0264270,297.4822134387352,FBgn0264270
rna-NM_001169215.2,301,4077,0.07382879568310032,NM_001169215,FBgn0264270,FBgn0264270,297.4822134387352,FBgn0264270
rna-NM_001272375.2,301,4077,0.07382879568310032,NM_001272375,FBgn0264270,FBgn0264270,297.4822134387352,FBgn0264270
rna-NM_001031893.2,328,4309,0.07611974936180088,NM_001031893,FBgn0264270,FBgn0264270,297.4822134387352,FBgn0264270
rna-NM_001169217.2,289,3738,0.07731407169609417,NM_001169217,FBgn0264270,FBgn0264270,297.4822134387352,FBgn0264270
rna-NM_167111.3,195,2892,0.06742738589211618,NM_167111,FBgn0264270,FBgn0264270,297.4822134387352,FBgn0264270
rna-NM_167112.2,193,3097,0.06231837261866322,NM_167112,FBgn0264270,FBgn0264270,297.4822134387352,FBgn0264270
rna-NM_167117.2,216,3263,0.0661967514557156,NM_167117,FBgn0264270,FBgn0264270,297.4822134387352,FBgn0264270
rna-NM_001272376.1,224,3317,0.06753090141694303,NM_001272376,FBgn0264270,FBgn0264270,297.4822134387352,FBgn0264270
rna-NM_167116.2,203,3227,0.06290672451193059,NM_167116,FBgn0264270,FBgn0264270,297.4822134387352,FBgn0264270
rna-NM_167113.3,205,2863,0.07160321341250436,NM_167113,FBgn0264270,FBgn0264270,297.4822134387352,FBgn0264270
rna-NM_167115.3,213,2933,0.0726218888510058,NM_167115,FBgn0264270,FBgn0264270,297.4822134387352,FBgn0264270
rna-NM_001031892.2,181,2758,0.06562726613488035,NM_001031892,FBgn0264270,FBgn0264270,297.4822134387352,FBgn0264270
rna-NM_001316622.1,113,1776,0.06362612612612613,NM_001316622,FBgn0264270,FBgn0264270,297.4822134387352,FBgn0264270
rna-NM_001169218.3,113,1800,0.06277777777777778,NM_001169218,FBgn0264270,FBgn0264270,297.4822134387352,FBgn0264270
rna-NM_001031894.1,115,1854,0.06202804746494067,NM_001031894,FBgn0264270,FBgn0264270,297.4822134387352,FBgn0264270
rna-NM_167118.2,138,2020,0.06831683168316832,NM_167118,FBgn0264270,FBgn0264270,297.4822134387352,FBgn0264270
rna-NM_001272377.1,145,2068,0.07011605415860735,NM_001272377,FBgn0264270,FBgn0264270,297.4822134387352,FBgn0264270
rna-NM_001169216.2,151,2112,0.07149621212121213,NM_001169216,FBgn0264270,FBgn0264270,297.4822134387352,FBgn0264270
rna-NM_167110.3,117,1886,0.06203605514316013,NM_167110,FBgn0264270,FBgn0264270,297.4822134387352,FBgn0264270
rna-NM_001169219.1,118,1910,0.061780104712041886,NM_001169219,FBgn0264270,FBgn0264270,297.4822134387352,FBgn0264270
rna-NM_001031895.1,149,2130,0.06995305164319249,NM_001031895,FBgn0264270,FBgn0264270,297.4822134387352,FBgn0264270
rna-NM_080052.4,103,1515,0.06798679867986798,NM_080052,FBgn0264270,FBgn0264270,297.4822134387352,FBgn0264270
rna-NM_132154.3,118,1973,0.05980739989863153,NM_132154,FBgn0029935,FBgn0029935,29.454545454545453,FBgn0029935
rna-NM_132155.3,142,1694,0.08382526564344746,NM_132155,FBgn0029936,FBgn0029936,17.035968379446636,FBgn0029936
rna-NM_001272379.1,151,1819,0.08301264431006047,NM_001272379,FBgn0029936,FBgn0029936,17.035968379446636,FBgn0029936
rna-NM_132156.3,59,1060,0.05566037735849057,NM_132156,FBgn0029937,FBgn0029937,10.696837944664027,FBgn0029937
rna-NM_167119.3,306,3674,0.08328796951551443,NM_167119,FBgn0027342,FBgn0027342,36.94664031620555,FBgn0027342
rna-NM_078513.3,315,3927,0.08021390374331551,NM_078513,FBgn0027342,FBgn0027342,36.94664031620555,FBgn0027342
rna-NM_001103429.5,390,6154,0.06337341566460838,NM_001103429,FBgn0029939,FBgn0029939,6.669169960474311,FBgn0029939
rna-NM_132157.2,360,5637,0.06386375731772219,NM_132157,FBgn0029939,FBgn0029939,6.669169960474311,FBgn0029939
rna-NM_167121.3,431,6934,0.06215748485722527,NM_167121,FBgn0029939,FBgn0029939,6.669169960474311,FBgn0029939
rna-NM_001370055.1,364,5755,0.06324934839270199,NM_001370055,FBgn0029939,FBgn0029939,6.669169960474311,FBgn0029939
rna-NM_001103430.4,364,5755,0.06324934839270199,NM_001103430,FBgn0029939,FBgn0029939,6.669169960474311,FBgn0029939
rna-NM_167124.3,240,4077,0.05886681383370125,NM_167124,FBgn0029941,FBgn0029941,1219.1422924901185,FBgn0029941
rna-NM_132159.3,218,3679,0.05925523240010872,NM_132159,FBgn0029941,FBgn0029941,1219.1422924901185,FBgn0029941
rna-NM_001298048.1,249,4100,0.06073170731707317,NM_001298048,FBgn0029941,FBgn0029941,1219.1422924901185,FBgn0029941
rna-NM_001298047.1,214,3461,0.06183184050852355,NM_001298047,FBgn0029941,FBgn0029941,1219.1422924901185,FBgn0029941
rna-NM_001201624.1,71,1141,0.06222611744084137,NM_001201624,FBgn0029942,FBgn0029942,36.873517786561266,FBgn0029942
rna-NM_132160.3,72,1197,0.06015037593984962,NM_132160,FBgn0029942,FBgn0029942,36.873517786561266,FBgn0029942
rna-NM_001298049.1,121,2340,0.051709401709401706,NM_001298049,FBgn0025549,FBgn0025549,336.0355731225296,FBgn0025549
rna-NM_132161.5,106,2031,0.052191038897095025,NM_132161,FBgn0025549,FBgn0025549,336.0355731225296,FBgn0025549
rna-NM_078514.4,112,3194,0.03506574827802129,NM_078514,FBgn0024250,FBgn0024250,48.60711462450593,FBgn0024250
rna-NM_132162.4,70,1418,0.04936530324400564,NM_132162,FBgn0029943,FBgn0029943,32.95652173913044,FBgn0029943
rna-NM_132163.4,175,3487,0.050186406653283624,NM_132163,FBgn0029944,FBgn0029944,60.58102766798419,FBgn0029944
rna-NM_078515.4,130,2185,0.059496567505720827,NM_078515,FBgn0026144,FBgn0026144,105.7905138339921,FBgn0026144
rna-NM_001272380.2,130,2185,0.059496567505720827,NM_001272380,FBgn0026144,FBgn0026144,105.7905138339921,FBgn0026144
rna-NM_206638.3,125,2225,0.056179775280898875,NM_206638,FBgn0026144,FBgn0026144,105.7905138339921,FBgn0026144
rna-NM_001272381.2,756,11755,0.06431305827307529,NM_001272381,FBgn0004198,FBgn0004198,3.011462450592884,FBgn0004198
rna-NM_080025.2,684,10438,0.0655297949798812,NM_080025,FBgn0004198,FBgn0004198,3.011462450592884,FBgn0004198
rna-NM_001258636.2,700,10732,0.06522549385016772,NM_001258636,FBgn0004198,FBgn0004198,3.011462450592884,FBgn0004198
rna-NM_001272383.1,391,7773,0.050302328573266435,NM_001272383,FBgn0029504,FBgn0029504,32.19407114624506,FBgn0029504
rna-NM_206639.3,330,6451,0.05115485971167261,NM_206639,FBgn0029504,FBgn0029504,32.19407114624506,FBgn0029504
rna-NM_001272382.1,329,6398,0.05142231947483589,NM_001272382,FBgn0029504,FBgn0029504,32.19407114624506,FBgn0029504
rna-NM_078516.3,246,5064,0.0485781990521327,NM_078516,FBgn0029504,FBgn0029504,32.19407114624506,FBgn0029504
rna-NM_132173.3,177,3420,0.05175438596491228,NM_132173,FBgn0022786,FBgn0022786,63.05612648221344,FBgn0022786
rna-NM_132174.3,121,2226,0.05435759209344115,NM_132174,FBgn0027553,FBgn0027553,35.458498023715414,FBgn0027553
rna-NM_132175.3,71,2688,0.026413690476190476,NM_132175,FBgn0029957,FBgn0029957,154.901185770751,FBgn0029957
rna-NM_001258638.2,22,2170,0.010138248847926268,NM_001258638,FBgn0029958,FBgn0029958,19.843083003952565,FBgn0029958
rna-NM_132176.4,22,1957,0.011241696474195196,NM_132176,FBgn0029958,FBgn0029958,19.843083003952565,FBgn0029958
rna-NM_001272384.1,24,2395,0.010020876826722338,NM_001272384,FBgn0016041,FBgn0016041,364.9130434782609,FBgn0016041
rna-NM_206640.2,20,1861,0.010746910263299301,NM_206640,FBgn0016041,FBgn0016041,364.9130434782609,FBgn0016041
rna-NM_143746.5,20,1676,0.011933174224343675,NM_143746,FBgn0016041,FBgn0016041,364.9130434782609,FBgn0016041
rna-NM_001298058.1,97,1656,0.058574879227053143,NM_001298058,FBgn0029969,FBgn0029969,23.174703557312327,FBgn0029969
rna-NM_132186.2,90,1517,0.05932762030323006,NM_132186,FBgn0029969,FBgn0029969,23.174703557312327,FBgn0029969
rna-NM_132187.3,86,2581,0.03332041844246416,NM_132187,FBgn0029970,FBgn0029970,18.272727272727273,FBgn0029970
rna-NM_001298063.1,115,2961,0.03883823032759203,NM_001298063,FBgn0040087,FBgn0040087,27.699604743083004,FBgn0040087
rna-NM_132189.3,97,2756,0.03519593613933237,NM_132189,FBgn0040087,FBgn0040087,27.699604743083004,FBgn0040087
rna-NM_078518.3,46,960,0.04791666666666667,NM_078518,FBgn0261592,FBgn0261592,823.5138339920949,FBgn0261592
rna-NM_167136.2,55,1195,0.04602510460251046,NM_167136,FBgn0261592,FBgn0261592,823.5138339920949,FBgn0261592
rna-NM_078519.3,77,1518,0.050724637681159424,NM_078519,FBgn0010292,FBgn0010292,42.976284584980235,FBgn0010292
rna-NM_132192.3,100,1705,0.05865102639296188,NM_132192,FBgn0029975,FBgn0029975,62.798418972332016,FBgn0029975
rna-NM_001298064.1,330,5250,0.06285714285714286,NM_001298064,FBgn0029976,FBgn0029976,61.15573122529645,FBgn0029976
rna-NM_132193.2,264,4246,0.06217616580310881,NM_132193,FBgn0029976,FBgn0029976,61.15573122529645,FBgn0029976
rna-NM_132195.3,114,1469,0.07760381211708646,NM_132195,FBgn0260858,FBgn0260858,74.92885375494072,FBgn0260858
rna-NM_132196.3,427,8365,0.05104602510460251,NM_132196,FBgn0029979,FBgn0029979,285.0671936758893,FBgn0029979
rna-NM_001298065.1,319,6384,0.049968671679197996,NM_001298065,FBgn0029979,FBgn0029979,285.0671936758893,FBgn0029979
rna-NM_001272387.1,86,1251,0.06874500399680256,NM_001272387,FBgn0029980,FBgn0029980,68.65612648221344,FBgn0029980
rna-NM_132197.3,89,1346,0.06612184249628529,NM_132197,FBgn0029980,FBgn0029980,68.65612648221344,FBgn0029980
rna-NM_167137.2,47,877,0.053591790193842644,NM_167137,FBgn0004403,FBgn0004403,488.3399209486166,FBgn0004403
rna-NM_080145.5,23,643,0.03576982892690513,NM_080145,FBgn0004403,FBgn0004403,488.3399209486166,FBgn0004403
rna-NM_080427.4,37,594,0.06228956228956229,NM_080427,FBgn0004404,FBgn0004404,75.57707509881423,FBgn0004404
rna-NM_001298066.1,36,562,0.06405693950177936,NM_001298066,FBgn0004404,FBgn0004404,75.57707509881423,FBgn0004404
rna-NM_132200.4,561,9371,0.059865542631522786,NM_132200,FBgn0260970,FBgn0260970,231.65612648221344,FBgn0260970
rna-NM_001272388.1,561,9371,0.059865542631522786,NM_001272388,FBgn0260970,FBgn0260970,231.65612648221344,FBgn0260970
rna-NM_001272389.1,561,9308,0.06027073485174044,NM_001272389,FBgn0260970,FBgn0260970,231.65612648221344,FBgn0260970
rna-NM_132199.4,162,2453,0.06604158173664901,NM_132199,FBgn0027280,FBgn0027280,249.04743083003953,FBgn0027280
rna-NM_206643.2,163,2559,0.06369675654552559,NM_206643,FBgn0027280,FBgn0027280,249.04743083003953,FBgn0027280
rna-NM_167140.2,383,5571,0.06874887811882965,NM_167140,FBgn0003656,FBgn0003656,208.901185770751,FBgn0003656
rna-NM_078520.3,370,5571,0.06641536528450906,NM_078520,FBgn0003656,FBgn0003656,208.901185770751,FBgn0003656
rna-NM_167141.3,135,1928,0.0700207468879668,NM_167141,FBgn0003656,FBgn0003656,208.901185770751,FBgn0003656
rna-NM_078521.3,124,2322,0.053402239448751075,NM_078521,FBgn0003447,FBgn0003447,205.62055335968378,FBgn0003447
rna-NM_167143.3,191,3358,0.05687909469922573,NM_167143,FBgn0003447,FBgn0003447,205.62055335968378,FBgn0003447
rna-NM_167142.3,179,3101,0.05772331505965817,NM_167142,FBgn0003447,FBgn0003447,205.62055335968378,FBgn0003447
rna-NM_001169226.2,138,2451,0.056303549571603426,NM_001169226,FBgn0003447,FBgn0003447,205.62055335968378,FBgn0003447
rna-NM_132205.3,50,1480,0.033783783783783786,NM_132205,FBgn0029990,FBgn0029990,2.8509881422924885,FBgn0029990
rna-NM_001272392.2,488,9949,0.049050155794552214,NM_001272392,FBgn0004656,FBgn0004656,501.4308300395257,FBgn0004656
rna-NM_078523.3,454,8942,0.05077163945426079,NM_078523,FBgn0004656,FBgn0004656,501.4308300395257,FBgn0004656
rna-NM_206647.3,395,9034,0.04372371042727474,NM_206647,FBgn0004656,FBgn0004656,501.4308300395257,FBgn0004656
rna-NM_167144.4,407,9146,0.04450032801224579,NM_167144,FBgn0004656,FBgn0004656,501.4308300395257,FBgn0004656
rna-NM_206646.4,398,9071,0.0438760886341087,NM_206646,FBgn0004656,FBgn0004656,501.4308300395257,FBgn0004656
rna-NM_001272394.2,385,8716,0.04417163836622304,NM_001272394,FBgn0004656,FBgn0004656,501.4308300395257,FBgn0004656
rna-NM_206645.4,386,8773,0.04399863216687564,NM_206645,FBgn0004656,FBgn0004656,501.4308300395257,FBgn0004656
rna-NM_001272393.2,390,9076,0.042970471573380346,NM_001272393,FBgn0004656,FBgn0004656,501.4308300395257,FBgn0004656
rna-NM_001169228.2,225,5081,0.044282621531194645,NM_001169228,FBgn0004656,FBgn0004656,501.4308300395257,FBgn0004656
rna-NM_001298070.1,176,4397,0.04002729133500114,NM_001298070,FBgn0004657,FBgn0004657,122.21343873517786,FBgn0004657
rna-NM_001298069.1,168,4187,0.04012419393360401,NM_001298069,FBgn0004657,FBgn0004657,122.21343873517786,FBgn0004657
rna-NM_080054.3,163,4042,0.04032657100445324,NM_080054,FBgn0004657,FBgn0004657,122.21343873517786,FBgn0004657
rna-NM_001298068.1,164,4042,0.04057397328055418,NM_001298068,FBgn0004657,FBgn0004657,122.21343873517786,FBgn0004657
rna-NM_132206.3,244,5078,0.048050413548641195,NM_132206,FBgn0029992,FBgn0029992,20.873517786561266,FBgn0029992
rna-NM_167145.2,105,2894,0.03628196268140981,NM_167145,FBgn0029996,FBgn0029996,242.9407114624506,FBgn0029996
rna-NM_132210.3,64,2292,0.027923211169284468,NM_132210,FBgn0029996,FBgn0029996,242.9407114624506,FBgn0029996
rna-NM_167146.2,64,2328,0.027491408934707903,NM_167146,FBgn0029996,FBgn0029996,242.9407114624506,FBgn0029996
rna-NM_001298071.1,212,5277,0.040174341481902597,NM_001298071,FBgn0029997,FBgn0029997,36.039920948616604,FBgn0029997
rna-NM_206649.2,204,5254,0.038827559954320516,NM_206649,FBgn0029997,FBgn0029997,36.039920948616604,FBgn0029997
rna-NM_206648.2,156,3920,0.03979591836734694,NM_206648,FBgn0029997,FBgn0029997,36.039920948616604,FBgn0029997
rna-NM_132211.2,132,3570,0.03697478991596639,NM_132211,FBgn0029997,FBgn0029997,36.039920948616604,FBgn0029997
rna-NM_001298072.1,139,4238,0.03279848985370458,NM_001298072,FBgn0040319,FBgn0040319,26.41581027667989,FBgn0040319
rna-NM_080266.3,129,3426,0.03765323992994746,NM_080266,FBgn0040319,FBgn0040319,26.41581027667989,FBgn0040319
rna-NM_001298073.1,123,3231,0.03806870937790158,NM_001298073,FBgn0040319,FBgn0040319,26.41581027667989,FBgn0040319
rna-NM_206650.2,122,3145,0.03879173290937997,NM_206650,FBgn0040319,FBgn0040319,26.41581027667989,FBgn0040319
rna-NM_132212.3,87,2119,0.04105710240679566,NM_132212,FBgn0029999,FBgn0029999,8.799209486165996,FBgn0029999
rna-NM_001298074.1,86,2053,0.04188991719434973,NM_001298074,FBgn0029999,FBgn0029999,8.799209486165996,FBgn0029999
rna-NM_132213.2,107,2004,0.053393213572854294,NM_132213,FBgn0030000,FBgn0030000,9.620553359683795,FBgn0030000
rna-NM_132216.4,107,1972,0.05425963488843814,NM_132216,FBgn0030003,FBgn0030003,14.928853754940711,FBgn0030003
rna-NM_001298077.1,341,4521,0.07542579075425791,NM_001298077,FBgn0025800,FBgn0025800,91.46640316205534,FBgn0025800
rna-NM_078524.4,264,3171,0.08325449385052035,NM_078524,FBgn0025800,FBgn0025800,91.46640316205534,FBgn0025800
rna-NM_001298078.1,75,1286,0.0583203732503888,NM_001298078,FBgn0030006,FBgn0030006,8.0,FBgn0030006
rna-NM_132219.2,58,1056,0.054924242424242424,NM_132219,FBgn0030006,FBgn0030006,8.0,FBgn0030006
rna-NM_132220.4,127,1699,0.07474985285462037,NM_132220,FBgn0030007,FBgn0030007,8.7893280632411,FBgn0030007
rna-NM_132221.4,88,2017,0.0436291522062469,NM_132221,FBgn0030008,FBgn0030008,16.113043478260845,FBgn0030008
rna-NM_132223.4,81,1836,0.04411764705882353,NM_132223,FBgn0030010,FBgn0030010,25.569565217391336,FBgn0030010
rna-NM_001272395.1,81,1830,0.04426229508196721,NM_001272395,FBgn0030010,FBgn0030010,25.569565217391336,FBgn0030010
rna-NM_132225.2,83,1586,0.05233291298865069,NM_132225,FBgn0030012,FBgn0030012,3.8264822134387426,FBgn0030012
rna-NM_078525.4,106,2788,0.03802008608321377,NM_078525,FBgn0265464,FBgn0265464,17.952569169960473,FBgn0265464
rna-NM_001298079.1,82,1543,0.053143227478937134,NM_001298079,FBgn0030013,FBgn0030013,12.88498023715413,FBgn0030013
rna-NM_132226.3,63,1212,0.05198019801980198,NM_132226,FBgn0030013,FBgn0030013,12.88498023715413,FBgn0030013
rna-NM_001298080.1,323,4294,0.0752212389380531,NM_001298080,FBgn0030017,FBgn0030017,1.1015810276679825,FBgn0030017
rna-NM_132229.2,226,2980,0.07583892617449664,NM_132229,FBgn0030017,FBgn0030017,1.1015810276679825,FBgn0030017
rna-NM_001272396.1,226,2980,0.07583892617449664,NM_001272396,FBgn0030017,FBgn0030017,1.1015810276679825,FBgn0030017
rna-NM_001201630.2,416,5594,0.07436539149088309,NM_001201630,FBgn0030018,FBgn0030018,164.4822134387352,FBgn0030018
rna-NM_001201631.2,377,4945,0.0762386248736097,NM_001201631,FBgn0030018,FBgn0030018,164.4822134387352,FBgn0030018
rna-NM_132230.4,383,5144,0.0744556765163297,NM_132230,FBgn0030018,FBgn0030018,164.4822134387352,FBgn0030018
rna-NM_001201629.2,383,5165,0.07415295256534365,NM_001201629,FBgn0030018,FBgn0030018,164.4822134387352,FBgn0030018
rna-NM_001272397.1,510,9152,0.05572552447552447,NM_001272397,FBgn0261873,FBgn0261873,115.2411067193676,FBgn0261873
rna-NM_001298082.1,418,6968,0.059988518943742825,NM_001298082,FBgn0261873,FBgn0261873,115.2411067193676,FBgn0261873
rna-NM_001038746.3,442,8462,0.052233514535570784,NM_001038746,FBgn0261873,FBgn0261873,115.2411067193676,FBgn0261873
rna-NM_001298081.1,414,7220,0.05734072022160665,NM_001298081,FBgn0261873,FBgn0261873,115.2411067193676,FBgn0261873
rna-NM_001258647.1,399,7745,0.05151710781149128,NM_001258647,FBgn0261873,FBgn0261873,115.2411067193676,FBgn0261873
rna-NM_001258645.1,364,6406,0.05682172962847331,NM_001258645,FBgn0261873,FBgn0261873,115.2411067193676,FBgn0261873
rna-NM_132235.5,410,6828,0.06004686584651435,NM_132235,FBgn0261873,FBgn0261873,115.2411067193676,FBgn0261873
rna-NM_001038747.3,250,4482,0.055778670236501564,NM_001038747,FBgn0261873,FBgn0261873,115.2411067193676,FBgn0261873
rna-NM_001272398.1,319,5650,0.05646017699115044,NM_001272398,FBgn0261873,FBgn0261873,115.2411067193676,FBgn0261873
rna-NM_206653.3,403,6490,0.06209553158705701,NM_206653,FBgn0261873,FBgn0261873,115.2411067193676,FBgn0261873
rna-NM_132236.6,308,5214,0.05907172995780591,NM_132236,FBgn0261873,FBgn0261873,115.2411067193676,FBgn0261873
rna-NM_001042798.2,243,4017,0.060492905153099324,NM_001042798,FBgn0261873,FBgn0261873,115.2411067193676,FBgn0261873
rna-NM_206652.2,242,3838,0.06305367378843148,NM_206652,FBgn0261873,FBgn0261873,115.2411067193676,FBgn0261873
rna-NM_001258646.1,241,3790,0.06358839050131926,NM_001258646,FBgn0261873,FBgn0261873,115.2411067193676,FBgn0261873
rna-NM_132237.3,18,746,0.024128686327077747,NM_132237,FBgn0030025,FBgn0030025,17.358498023715423,FBgn0030025
rna-NM_001298083.1,115,1761,0.0653038046564452,NM_001298083,FBgn0030026,FBgn0030026,11.103952569169959,FBgn0030026
rna-NM_132238.3,66,1105,0.05972850678733032,NM_132238,FBgn0030026,FBgn0030026,11.103952569169959,FBgn0030026
rna-NM_078527.3,89,2003,0.044433349975037444,NM_078527,FBgn0020653,FBgn0020653,581.0316205533596,FBgn0020653
rna-NM_167149.2,115,2277,0.050505050505050504,NM_167149,FBgn0020653,FBgn0020653,581.0316205533596,FBgn0020653
rna-NM_167150.2,95,2108,0.04506641366223909,NM_167150,FBgn0020653,FBgn0020653,581.0316205533596,FBgn0020653
rna-NM_001382047.1,99,2156,0.04591836734693878,NM_001382047,FBgn0020653,FBgn0020653,581.0316205533596,FBgn0020653
rna-NM_078528.3,117,2571,0.045507584597432905,NM_078528,FBgn0017566,FBgn0017566,29.17391304347826,FBgn0017566
rna-NM_167152.2,113,2543,0.044435705859221394,NM_167152,FBgn0017566,FBgn0017566,29.17391304347826,FBgn0017566
rna-NM_001258649.2,67,1216,0.055098684210526314,NM_001258649,FBgn0030028,FBgn0030028,53.312252964426875,FBgn0030028
rna-NM_132240.3,55,1084,0.0507380073800738,NM_132240,FBgn0030028,FBgn0030028,53.312252964426875,FBgn0030028
rna-NM_001298084.1,141,2325,0.06064516129032258,NM_001298084,FBgn0030030,FBgn0030030,56.41501976284585,FBgn0030030
rna-NM_132242.6,135,2124,0.0635593220338983,NM_132242,FBgn0030030,FBgn0030030,56.41501976284585,FBgn0030030
rna-NM_001298085.1,102,1343,0.0759493670886076,NM_001298085,FBgn0030030,FBgn0030030,56.41501976284585,FBgn0030030
rna-NM_001298087.1,189,5188,0.03643022359290671,NM_001298087,FBgn0030034,FBgn0030034,171.35573122529644,FBgn0030034
rna-NM_132246.3,187,4614,0.04052882531426095,NM_132246,FBgn0030034,FBgn0030034,171.35573122529644,FBgn0030034
rna-NM_132247.4,45,2521,0.017850059500198336,NM_132247,FBgn0030035,FBgn0030035,79.11462450592886,FBgn0030035
rna-NM_001258650.2,57,2632,0.021656534954407294,NM_001258650,FBgn0262976,FBgn0262976,27.379446640316207,FBgn0262976
rna-NM_167153.3,18,1072,0.016791044776119403,NM_167153,FBgn0262976,FBgn0262976,27.379446640316207,FBgn0262976
rna-NM_001169229.2,20,1332,0.015015015015015015,NM_001169229,FBgn0262976,FBgn0262976,27.379446640316207,FBgn0262976
rna-NM_001258651.2,27,1870,0.014438502673796792,NM_001258651,FBgn0262976,FBgn0262976,27.379446640316207,FBgn0262976
rna-NM_206654.2,356,10041,0.03545463599243103,NM_206654,FBgn0261793,FBgn0261793,288.3399209486166,FBgn0261793
rna-NM_001169230.2,351,9866,0.035576728157307926,NM_001169230,FBgn0261793,FBgn0261793,288.3399209486166,FBgn0261793
rna-NM_001103435.3,252,7131,0.0353386621792175,NM_001103435,FBgn0261793,FBgn0261793,288.3399209486166,FBgn0261793
rna-NM_001272400.1,249,7034,0.0353994882001706,NM_001272400,FBgn0261793,FBgn0261793,288.3399209486166,FBgn0261793
rna-NM_078529.4,240,6934,0.03461205653302567,NM_078529,FBgn0261793,FBgn0261793,288.3399209486166,FBgn0261793
rna-NM_001272401.1,237,6840,0.03464912280701754,NM_001272401,FBgn0261793,FBgn0261793,288.3399209486166,FBgn0261793
rna-NM_001298088.1,90,3773,0.02385369732308508,NM_001298088,FBgn0030037,FBgn0030037,95.57312252964427,FBgn0030037
rna-NM_132248.3,72,2754,0.026143790849673203,NM_132248,FBgn0030037,FBgn0030037,95.57312252964427,FBgn0030037
rna-NM_001169231.2,62,2286,0.02712160979877515,NM_001169231,FBgn0030037,FBgn0030037,95.57312252964427,FBgn0030037
rna-NM_001298089.1,96,2394,0.040100250626566414,NM_001298089,FBgn0030038,FBgn0030038,729.1857707509881,FBgn0030038
rna-NM_132249.2,72,1877,0.038359083644112946,NM_132249,FBgn0030038,FBgn0030038,729.1857707509881,FBgn0030038
rna-NM_001103437.1,82,2040,0.04019607843137255,NM_001103437,FBgn0030038,FBgn0030038,729.1857707509881,FBgn0030038
rna-NM_001103436.1,80,1969,0.04062976130015236,NM_001103436,FBgn0030038,FBgn0030038,729.1857707509881,FBgn0030038
rna-NM_132250.4,33,1044,0.031609195402298854,NM_132250,FBgn0030039,FBgn0030039,6.3762845849802,FBgn0030039
rna-NM_132252.5,74,1729,0.042799305957200696,NM_132252,FBgn0023506,FBgn0023506,24.158102766798418,FBgn0023506
rna-NM_167157.2,49,1143,0.04286964129483815,NM_167157,FBgn0014032,FBgn0014032,48.237154150197625,FBgn0014032
rna-NM_001272403.1,89,3006,0.029607451763140388,NM_001272403,FBgn0003023,FBgn0003023,119.2581027667984,FBgn0003023
rna-NM_167158.3,93,3101,0.02999032570138665,NM_167158,FBgn0003023,FBgn0003023,119.2581027667984,FBgn0003023
rna-NM_078534.4,96,3227,0.029748992872637124,NM_078534,FBgn0003023,FBgn0003023,119.2581027667984,FBgn0003023
rna-NM_206656.2,99,3241,0.03054612773835236,NM_206656,FBgn0003023,FBgn0003023,119.2581027667984,FBgn0003023
rna-NM_001272404.1,94,3118,0.030147530468248876,NM_001272404,FBgn0003023,FBgn0003023,119.2581027667984,FBgn0003023
rna-NM_001103441.2,128,4113,0.03112083637247751,NM_001103441,FBgn0053181,FBgn0053181,208.2411067193676,FBgn0053181
rna-NM_001272405.1,129,4107,0.031409788166544925,NM_001272405,FBgn0053181,FBgn0053181,208.2411067193676,FBgn0053181
rna-NM_001103438.2,112,3095,0.03618739903069467,NM_001103438,FBgn0053181,FBgn0053181,208.2411067193676,FBgn0053181
rna-NM_001103440.2,71,2409,0.0294728102947281,NM_001103440,FBgn0053181,FBgn0053181,208.2411067193676,FBgn0053181
rna-NM_001272406.1,120,3920,0.030612244897959183,NM_001272406,FBgn0053181,FBgn0053181,208.2411067193676,FBgn0053181
rna-NM_001298093.1,52,1926,0.02699896157840083,NM_001298093,FBgn0053181,FBgn0053181,208.2411067193676,FBgn0053181
rna-NM_001103442.2,138,4232,0.03260869565217391,NM_001103442,FBgn0053181,FBgn0053181,208.2411067193676,FBgn0053181
rna-NM_176712.3,115,3708,0.031014023732470336,NM_176712,FBgn0053181,FBgn0053181,208.2411067193676,FBgn0053181
rna-NM_001169234.3,380,7386,0.051448686704576224,NM_001169234,FBgn0264975,FBgn0264975,80.88142292490119,FBgn0264975
rna-NM_001272408.1,273,5548,0.04920692141312184,NM_001272408,FBgn0264975,FBgn0264975,80.88142292490119,FBgn0264975
rna-NM_206657.4,261,5090,0.051277013752455795,NM_206657,FBgn0264975,FBgn0264975,80.88142292490119,FBgn0264975
rna-NM_167160.2,221,4492,0.049198575244879784,NM_167160,FBgn0264975,FBgn0264975,80.88142292490119,FBgn0264975
rna-NM_078535.3,268,5247,0.05107680579378693,NM_078535,FBgn0264975,FBgn0264975,80.88142292490119,FBgn0264975
rna-NM_001258652.1,290,5403,0.053673884878771054,NM_001258652,FBgn0264975,FBgn0264975,80.88142292490119,FBgn0264975
rna-NM_001169235.1,261,5064,0.05154028436018957,NM_001169235,FBgn0264975,FBgn0264975,80.88142292490119,FBgn0264975
rna-NM_001272407.2,240,5272,0.04552352048558422,NM_001272407,FBgn0264975,FBgn0264975,80.88142292490119,FBgn0264975
rna-NM_001169233.2,259,5059,0.0511958885155169,NM_001169233,FBgn0264975,FBgn0264975,80.88142292490119,FBgn0264975
rna-NM_132260.3,142,3466,0.04096941719561454,NM_132260,FBgn0026679,FBgn0026679,14.608695652173912,FBgn0026679
rna-NM_132261.3,77,1117,0.06893464637421665,NM_132261,FBgn0030048,FBgn0030048,28.340316205533597,FBgn0030048
rna-NM_001272409.1,75,1096,0.06843065693430657,NM_001272409,FBgn0030048,FBgn0030048,28.340316205533597,FBgn0030048
rna-NM_206658.4,200,4400,0.045454545454545456,NM_206658,FBgn0030049,FBgn0030049,541.5494071146245,FBgn0030049
rna-NM_132262.3,195,4238,0.046012269938650305,NM_132262,FBgn0030049,FBgn0030049,541.5494071146245,FBgn0030049
rna-NM_001103443.2,183,3981,0.045968349660889224,NM_001103443,FBgn0030049,FBgn0030049,541.5494071146245,FBgn0030049
rna-NM_001272411.1,341,6812,0.05005871990604815,NM_001272411,FBgn0030049,FBgn0030049,541.5494071146245,FBgn0030049
rna-NM_001103444.2,320,6507,0.0491778085139081,NM_001103444,FBgn0030049,FBgn0030049,541.5494071146245,FBgn0030049
rna-NM_206659.3,195,4205,0.04637336504161712,NM_206659,FBgn0030049,FBgn0030049,541.5494071146245,FBgn0030049
rna-NM_206660.2,187,3975,0.0470440251572327,NM_206660,FBgn0030049,FBgn0030049,541.5494071146245,FBgn0030049
rna-NM_001169238.2,164,2658,0.06170052671181339,NM_001169238,FBgn0030052,FBgn0030052,22.46403162055341,FBgn0030052
rna-NM_001382017.1,173,2850,0.06070175438596491,NM_001382017,FBgn0030052,FBgn0030052,22.46403162055341,FBgn0030052
rna-NM_132265.4,172,2793,0.06158252774794128,NM_132265,FBgn0030052,FBgn0030052,22.46403162055341,FBgn0030052
rna-NM_206662.3,164,2655,0.06177024482109228,NM_206662,FBgn0030052,FBgn0030052,22.46403162055341,FBgn0030052
rna-NM_001169237.2,164,2652,0.06184012066365008,NM_001169237,FBgn0030052,FBgn0030052,22.46403162055341,FBgn0030052
rna-NM_167162.4,163,2653,0.06143987938183189,NM_167162,FBgn0030052,FBgn0030052,22.46403162055341,FBgn0030052
rna-NM_206661.3,155,2515,0.061630218687872766,NM_206661,FBgn0030052,FBgn0030052,22.46403162055341,FBgn0030052
rna-NM_001272414.1,163,1964,0.0829938900203666,NM_001272414,FBgn0030053,FBgn0030053,29.039525691699605,FBgn0030053
rna-NM_132266.2,152,1900,0.08,NM_132266,FBgn0030053,FBgn0030053,29.039525691699605,FBgn0030053
rna-NM_001272415.1,70,896,0.078125,NM_001272415,FBgn0040929,FBgn0040929,11.355731225296443,FBgn0040929
rna-NM_001169239.2,102,7001,0.014569347236109127,NM_001169239,FBgn0025864,FBgn0025864,38.06877470355732,FBgn0025864
rna-NM_080341.4,66,6196,0.01065203357004519,NM_080341,FBgn0025864,FBgn0025864,38.06877470355732,FBgn0025864
rna-NM_167164.4,66,6115,0.010793131643499591,NM_167164,FBgn0025864,FBgn0025864,38.06877470355732,FBgn0025864
rna-NM_132267.5,255,4043,0.063071976255256,NM_132267,FBgn0030054,FBgn0030054,363.1185770750988,FBgn0030054
rna-NM_001272416.1,247,4668,0.05291345329905741,NM_001272416,FBgn0004102,FBgn0004102,52.83438735177866,FBgn0004102
rna-NM_001369965.1,265,4949,0.053546170943624974,NM_001369965,FBgn0004102,FBgn0004102,52.83438735177866,FBgn0004102
rna-NM_001014727.3,265,4949,0.053546170943624974,NM_001014727,FBgn0004102,FBgn0004102,52.83438735177866,FBgn0004102
rna-NM_078536.4,265,4967,0.05335212401852225,NM_078536,FBgn0004102,FBgn0004102,52.83438735177866,FBgn0004102
rna-NM_001272418.1,260,4747,0.05477143459026754,NM_001272418,FBgn0004102,FBgn0004102,52.83438735177866,FBgn0004102
rna-NM_001272417.1,243,4435,0.054791431792559186,NM_001272417,FBgn0004102,FBgn0004102,52.83438735177866,FBgn0004102
rna-NM_001272419.2,161,3278,0.049115314215985355,NM_001272419,FBgn0030055,FBgn0030055,10.844268774703556,FBgn0030055
rna-NM_132268.2,153,3068,0.049869621903520206,NM_132268,FBgn0030055,FBgn0030055,10.844268774703556,FBgn0030055
rna-NM_001298094.1,84,2309,0.036379385015158076,NM_001298094,FBgn0030056,FBgn0030056,39.18774703557313,FBgn0030056
rna-NM_132269.3,65,2010,0.03233830845771144,NM_132269,FBgn0030056,FBgn0030056,39.18774703557313,FBgn0030056
rna-NM_001272422.1,55,1650,0.03333333333333333,NM_001272422,FBgn0030056,FBgn0030056,39.18774703557313,FBgn0030056
rna-NM_001272421.1,56,1897,0.02952029520295203,NM_001272421,FBgn0030056,FBgn0030056,39.18774703557313,FBgn0030056
rna-NM_001272420.1,64,1801,0.03553581343697946,NM_001272420,FBgn0030056,FBgn0030056,39.18774703557313,FBgn0030056
rna-NM_001298095.2,58,1286,0.04510108864696734,NM_001298095,FBgn0030057,FBgn0030057,7.075098814229249,FBgn0030057
rna-NM_167166.4,58,1165,0.04978540772532189,NM_167166,FBgn0030057,FBgn0030057,7.075098814229249,FBgn0030057
rna-NM_132271.5,43,1307,0.03289977046671767,NM_132271,FBgn0027864,FBgn0027864,6.464426877470354,FBgn0027864
rna-NM_080342.4,91,2140,0.04252336448598131,NM_080342,FBgn0041629,FBgn0041629,2.417391304347835,FBgn0041629
rna-NM_001272424.2,103,1920,0.05364583333333333,NM_001272424,FBgn0030060,FBgn0030060,65.85770750988142,FBgn0030060
rna-NM_001272425.1,78,1640,0.0475609756097561,NM_001272425,FBgn0030060,FBgn0030060,65.85770750988142,FBgn0030060
rna-NM_132273.2,79,1659,0.047619047619047616,NM_132273,FBgn0030060,FBgn0030060,65.85770750988142,FBgn0030060
rna-NM_001272426.1,83,1729,0.04800462695199537,NM_001272426,FBgn0030060,FBgn0030060,65.85770750988142,FBgn0030060
rna-NM_001272428.1,72,1509,0.04771371769383698,NM_001272428,FBgn0030060,FBgn0030060,65.85770750988142,FBgn0030060
rna-NM_132274.3,154,1885,0.08169761273209548,NM_132274,FBgn0030061,FBgn0030061,72.2292490118577,FBgn0030061
rna-NM_132275.2,182,3246,0.056069008009858284,NM_132275,FBgn0027330,FBgn0027330,11.73794466403161,FBgn0027330
rna-NM_001298096.1,182,3250,0.056,NM_001298096,FBgn0027330,FBgn0027330,11.73794466403161,FBgn0027330
rna-NM_132276.3,27,860,0.031395348837209305,NM_132276,FBgn0030063,FBgn0030063,28.50197628458498,FBgn0030063
rna-NM_001272429.2,176,2708,0.06499261447562776,NM_001272429,FBgn0026411,FBgn0026411,9.207509881422926,FBgn0026411
rna-NM_132277.3,232,3081,0.07530022719896137,NM_132277,FBgn0026411,FBgn0026411,9.207509881422926,FBgn0026411
rna-NM_001258653.1,255,4192,0.060830152671755726,NM_001258653,FBgn0030065,FBgn0030065,2.7130434782608734,FBgn0030065
rna-NM_001272431.1,268,4590,0.058387799564270156,NM_001272431,FBgn0030065,FBgn0030065,2.7130434782608734,FBgn0030065
rna-NM_206663.3,257,4195,0.06126340882002384,NM_206663,FBgn0030065,FBgn0030065,2.7130434782608734,FBgn0030065
rna-NM_001272430.1,257,4159,0.0617937004087521,NM_001272430,FBgn0030065,FBgn0030065,2.7130434782608734,FBgn0030065
rna-NM_132278.4,221,3532,0.06257078142695356,NM_132278,FBgn0030065,FBgn0030065,2.7130434782608734,FBgn0030065
rna-NM_001272432.1,205,2995,0.06844741235392321,NM_001272432,FBgn0011661,FBgn0011661,140.699604743083,FBgn0011661
rna-NM_206668.3,193,2919,0.06611853374443302,NM_206668,FBgn0011661,FBgn0011661,140.699604743083,FBgn0011661
rna-NM_080343.4,196,3003,0.06526806526806526,NM_080343,FBgn0011661,FBgn0011661,140.699604743083,FBgn0011661
rna-NM_001258654.1,190,3064,0.06201044386422976,NM_001258654,FBgn0011661,FBgn0011661,140.699604743083,FBgn0011661
rna-NM_206667.3,169,2295,0.07363834422657953,NM_206667,FBgn0011661,FBgn0011661,140.699604743083,FBgn0011661
rna-NM_206666.3,155,2236,0.06932021466905187,NM_206666,FBgn0011661,FBgn0011661,140.699604743083,FBgn0011661
rna-NM_206669.2,157,2283,0.06876916338151555,NM_206669,FBgn0011661,FBgn0011661,140.699604743083,FBgn0011661
rna-NM_206665.3,158,2282,0.06923751095530237,NM_206665,FBgn0011661,FBgn0011661,140.699604743083,FBgn0011661
rna-NM_206664.3,166,2401,0.06913785922532278,NM_206664,FBgn0011661,FBgn0011661,140.699604743083,FBgn0011661
rna-NM_001258655.1,163,2528,0.06447784810126582,NM_001258655,FBgn0011661,FBgn0011661,140.699604743083,FBgn0011661
rna-NM_167168.4,160,2462,0.06498781478472786,NM_167168,FBgn0011661,FBgn0011661,140.699604743083,FBgn0011661
rna-NM_167169.2,152,2353,0.06459838504037399,NM_167169,FBgn0011661,FBgn0011661,140.699604743083,FBgn0011661
rna-NM_167170.2,135,2027,0.06660088801184016,NM_167170,FBgn0011661,FBgn0011661,140.699604743083,FBgn0011661
rna-NM_001272433.1,80,1711,0.046756282875511396,NM_001272433,FBgn0030066,FBgn0030066,16.716996047430836,FBgn0030066
rna-NM_132279.4,62,1229,0.05044751830756713,NM_132279,FBgn0030066,FBgn0030066,16.716996047430836,FBgn0030066
rna-NM_001298097.1,77,1535,0.0501628664495114,NM_001298097,FBgn0030067,FBgn0030067,12.873517786561266,FBgn0030067
rna-NM_132280.5,67,1238,0.05411954765751212,NM_132280,FBgn0030067,FBgn0030067,12.873517786561266,FBgn0030067
rna-NM_167171.2,77,1381,0.055756698044895005,NM_167171,FBgn0011586,FBgn0011586,81.35573122529644,FBgn0011586
rna-NM_001272435.1,68,1191,0.05709487825356843,NM_001272435,FBgn0011586,FBgn0011586,81.35573122529644,FBgn0011586
rna-NM_001272434.1,68,1199,0.0567139282735613,NM_001272434,FBgn0011586,FBgn0011586,81.35573122529644,FBgn0011586
rna-NM_001272436.1,74,1332,0.05555555555555555,NM_001272436,FBgn0011586,FBgn0011586,81.35573122529644,FBgn0011586
rna-NM_079923.3,42,881,0.04767309875141884,NM_079923,FBgn0011586,FBgn0011586,81.35573122529644,FBgn0011586
rna-NM_001201635.1,203,4276,0.047474275023386345,NM_001201635,FBgn0261549,FBgn0261549,5.272727272727269,FBgn0261549
rna-NM_001042799.2,201,4222,0.04760776882993842,NM_001042799,FBgn0261549,FBgn0261549,5.272727272727269,FBgn0261549
rna-NM_001103447.4,209,4974,0.042018496180136714,NM_001103447,FBgn0261549,FBgn0261549,5.272727272727269,FBgn0261549
rna-NM_001103446.2,198,3919,0.05052309262566981,NM_001103446,FBgn0261549,FBgn0261549,5.272727272727269,FBgn0261549
rna-NM_001272438.1,449,10147,0.04424953188134424,NM_001272438,FBgn0261549,FBgn0261549,5.272727272727269,FBgn0261549
rna-NM_001272437.1,312,8292,0.03762662807525326,NM_001272437,FBgn0261549,FBgn0261549,5.272727272727269,FBgn0261549
rna-NM_001201636.1,179,5583,0.032061615618842916,NM_001201636,FBgn0261549,FBgn0261549,5.272727272727269,FBgn0261549
rna-NM_001298099.1,180,5561,0.032368279086495234,NM_001298099,FBgn0261549,FBgn0261549,5.272727272727269,FBgn0261549
rna-NM_001298098.1,176,5497,0.032017464071311626,NM_001298098,FBgn0261549,FBgn0261549,5.272727272727269,FBgn0261549
rna-NM_078537.3,181,5598,0.0323329760628796,NM_078537,FBgn0261549,FBgn0261549,5.272727272727269,FBgn0261549
rna-NM_001382089.1,176,5808,0.030303030303030304,NM_001382089,FBgn0261549,FBgn0261549,5.272727272727269,FBgn0261549
rna-NM_001298100.1,348,5956,0.05842847548690396,NM_001298100,FBgn0259734,FBgn0259734,57.2098814229249,FBgn0259734
rna-NM_001201637.1,151,3014,0.05009953550099536,NM_001201637,FBgn0259734,FBgn0259734,57.2098814229249,FBgn0259734
rna-NM_132287.3,120,2735,0.043875685557586835,NM_132287,FBgn0259734,FBgn0259734,57.2098814229249,FBgn0259734
rna-NM_001169241.1,139,2508,0.055422647527910686,NM_001169241,FBgn0259734,FBgn0259734,57.2098814229249,FBgn0259734
rna-NM_001201638.2,311,5133,0.06058834989285018,NM_001201638,FBgn0259734,FBgn0259734,57.2098814229249,FBgn0259734
rna-NM_001169240.2,209,3916,0.05337078651685393,NM_001169240,FBgn0259734,FBgn0259734,57.2098814229249,FBgn0259734
rna-NM_132292.4,135,2043,0.06607929515418502,NM_132292,FBgn0030081,FBgn0030081,9.7098814229249,FBgn0030081
rna-NM_132293.3,101,1210,0.0834710743801653,NM_132293,FBgn0030082,FBgn0030082,68.22529644268775,FBgn0030082
rna-NM_001258657.2,134,1493,0.08975217682518419,NM_001258657,FBgn0030082,FBgn0030082,68.22529644268775,FBgn0030082
rna-NM_001169242.2,99,1105,0.08959276018099548,NM_001169242,FBgn0030082,FBgn0030082,68.22529644268775,FBgn0030082
rna-NM_132294.3,150,2617,0.0573175391669851,NM_132294,FBgn0052707,FBgn0052707,11.754940711462451,FBgn0052707
rna-NM_001169243.3,149,2605,0.05719769673704415,NM_001169243,FBgn0052707,FBgn0052707,11.754940711462451,FBgn0052707
rna-NM_167174.4,53,855,0.06198830409356725,NM_167174,FBgn0052708,FBgn0052708,10.680237154150197,FBgn0052708
rna-NM_132296.3,137,2121,0.06459217350306459,NM_132296,FBgn0030086,FBgn0030086,427.32411067193675,FBgn0030086
rna-NM_001298107.1,288,4588,0.06277244986922406,NM_001298107,FBgn0030087,FBgn0030087,176.04743083003953,FBgn0030087
rna-NM_176716.4,298,4702,0.06337728626116546,NM_176716,FBgn0030087,FBgn0030087,176.04743083003953,FBgn0030087
rna-NM_001258658.2,307,4972,0.06174577634754626,NM_001258658,FBgn0030087,FBgn0030087,176.04743083003953,FBgn0030087
rna-NM_001258659.2,309,5032,0.06140699523052464,NM_001258659,FBgn0030087,FBgn0030087,176.04743083003953,FBgn0030087
rna-NM_001144708.3,296,4639,0.06380685492563053,NM_001144708,FBgn0030087,FBgn0030087,176.04743083003953,FBgn0030087
rna-NM_132297.6,298,4699,0.06341774845711853,NM_132297,FBgn0030087,FBgn0030087,176.04743083003953,FBgn0030087
rna-NM_001144707.3,303,4873,0.06217935563308024,NM_001144707,FBgn0030087,FBgn0030087,176.04743083003953,FBgn0030087
rna-NM_001272441.2,180,2403,0.0749063670411985,NM_001272441,FBgn0004856,FBgn0004856,51.1501976284585,FBgn0004856
rna-NM_078538.4,149,1955,0.07621483375959079,NM_078538,FBgn0004856,FBgn0004856,51.1501976284585,FBgn0004856
rna-NM_132298.5,81,1101,0.07356948228882834,NM_132298,FBgn0030088,FBgn0030088,26.75059288537552,FBgn0030088
rna-NM_176718.4,379,4666,0.08122588941277326,NM_176718,FBgn0030089,FBgn0030089,79.58498023715416,FBgn0030089
rna-NM_167178.5,378,4648,0.08132530120481928,NM_167178,FBgn0030089,FBgn0030089,79.58498023715416,FBgn0030089
rna-NM_001258661.2,404,4997,0.08084850910546328,NM_001258661,FBgn0030089,FBgn0030089,79.58498023715416,FBgn0030089
rna-NM_001272442.1,391,4887,0.08000818498056067,NM_001272442,FBgn0030089,FBgn0030089,79.58498023715416,FBgn0030089
rna-NM_001103448.3,403,4974,0.08102131081624447,NM_001103448,FBgn0030089,FBgn0030089,79.58498023715416,FBgn0030089
rna-NM_176717.4,385,4761,0.08086536441923965,NM_176717,FBgn0030089,FBgn0030089,79.58498023715416,FBgn0030089
rna-NM_132299.6,384,4743,0.08096141682479444,NM_132299,FBgn0030089,FBgn0030089,79.58498023715416,FBgn0030089
rna-NM_206671.4,381,4681,0.08139286477248452,NM_206671,FBgn0030089,FBgn0030089,79.58498023715416,FBgn0030089
rna-NM_001258660.1,369,4718,0.07821110640101737,NM_001258660,FBgn0030089,FBgn0030089,79.58498023715416,FBgn0030089
rna-NM_001272443.2,437,5133,0.08513539840249366,NM_001272443,FBgn0030090,FBgn0030090,105.27272727272727,FBgn0030090
rna-NM_132300.3,329,3566,0.09226023555804823,NM_132300,FBgn0030090,FBgn0030090,105.27272727272727,FBgn0030090
rna-NM_132301.4,265,4267,0.06210452308413405,NM_132301,FBgn0030091,FBgn0030091,26.063241106719367,FBgn0030091
rna-NM_078539.3,68,923,0.07367280606717226,NM_078539,FBgn0030092,FBgn0030092,13.988142292490119,FBgn0030092
rna-NM_132302.4,201,2668,0.07533733133433283,NM_132302,FBgn0030093,FBgn0030093,206.47826086956522,FBgn0030093
rna-NM_001272445.2,122,2114,0.05771050141911069,NM_001272445,FBgn0004828,FBgn0004828,688.8656126482214,FBgn0004828
rna-NM_078540.5,66,1399,0.04717655468191565,NM_078540,FBgn0004828,FBgn0004828,688.8656126482214,FBgn0004828
rna-NM_176719.1,82,1519,0.053982883475971036,NM_176719,FBgn0004828,FBgn0004828,688.8656126482214,FBgn0004828
rna-NM_167180.4,115,1537,0.07482108002602472,NM_167180,FBgn0004828,FBgn0004828,688.8656126482214,FBgn0004828
rna-NM_078541.4,156,1513,0.10310641110376735,NM_078541,FBgn0014868,FBgn0014868,114.3201581027668,FBgn0014868
rna-NM_001272446.1,74,694,0.10662824207492795,NM_001272446,FBgn0040467,FBgn0040467,11.84664031620553,FBgn0040467
rna-NM_080265.3,74,691,0.10709117221418235,NM_080265,FBgn0040467,FBgn0040467,11.84664031620553,FBgn0040467
rna-NM_001298108.1,46,481,0.09563409563409564,NM_001298108,FBgn0040931,FBgn0040931,17.604743083003953,FBgn0040931
rna-NM_144281.4,28,386,0.07253886010362694,NM_144281,FBgn0040931,FBgn0040931,17.604743083003953,FBgn0040931
rna-NM_132304.3,148,1853,0.07987048030221262,NM_132304,FBgn0030096,FBgn0030096,20.691699604743082,FBgn0030096
rna-NM_001272448.2,1444,23041,0.06267089102035502,NM_001272448,FBgn0026206,FBgn0026206,154.46640316205534,FBgn0026206
rna-NM_001369966.1,356,5232,0.06804281345565749,NM_001369966,FBgn0026206,FBgn0026206,154.46640316205534,FBgn0026206
rna-NM_143765.4,356,5232,0.06804281345565749,NM_143765,FBgn0026206,FBgn0026206,154.46640316205534,FBgn0026206
rna-NM_001272449.1,619,8899,0.06955837734576918,NM_001272449,FBgn0026206,FBgn0026206,154.46640316205534,FBgn0026206
rna-NM_001272447.2,1425,22580,0.06310894596988485,NM_001272447,FBgn0026206,FBgn0026206,154.46640316205534,FBgn0026206
rna-NM_001298110.1,342,4966,0.06886830447039871,NM_001298110,FBgn0026206,FBgn0026206,154.46640316205534,FBgn0026206
rna-NM_132307.4,67,952,0.0703781512605042,NM_132307,FBgn0030099,FBgn0030099,2.690909090909094,FBgn0030099
rna-NM_132308.2,114,1372,0.08309037900874636,NM_132308,FBgn0030100,FBgn0030100,10.778260869565214,FBgn0030100
rna-NM_176720.2,78,1260,0.06190476190476191,NM_176720,FBgn0030101,FBgn0030101,5.823320158102755,FBgn0030101
rna-NM_132309.3,80,1277,0.06264682850430697,NM_132309,FBgn0030101,FBgn0030101,5.823320158102755,FBgn0030101
rna-NM_167182.2,228,3399,0.06707855251544571,NM_167182,FBgn0086450,FBgn0086450,0.4541501976284591,FBgn0086450
rna-NM_132317.2,238,2954,0.08056872037914692,NM_132317,FBgn0030109,FBgn0030109,200.9604743083004,FBgn0030109
rna-NM_132320.3,259,6237,0.04152637485970819,NM_132320,FBgn0260789,FBgn0260789,29.502766798418975,FBgn0260789
rna-NM_001298114.1,249,6060,0.04108910891089109,NM_001298114,FBgn0260789,FBgn0260789,29.502766798418975,FBgn0260789
rna-NM_080056.6,76,2049,0.03709126403123475,NM_080056,FBgn0260771,FBgn0260771,30.342292490118584,FBgn0260771
rna-NM_079905.3,39,1422,0.027426160337552744,NM_079905,FBgn0000077,FBgn0000077,15.980632411067193,FBgn0000077
rna-NM_001258662.2,32,1211,0.026424442609413706,NM_001258662,FBgn0000077,FBgn0000077,15.980632411067193,FBgn0000077
rna-NM_078543.4,58,1799,0.032240133407448586,NM_078543,FBgn0010269,FBgn0010269,57.92490118577075,FBgn0010269
rna-NM_001298115.1,50,1503,0.0332667997338656,NM_001298115,FBgn0010269,FBgn0010269,57.92490118577075,FBgn0010269
rna-NM_001298118.1,161,2539,0.06341079165025601,NM_001298118,FBgn0030114,FBgn0030114,43.5296442687747,FBgn0030114
rna-NM_001298117.1,178,2972,0.059892328398384924,NM_001298117,FBgn0030114,FBgn0030114,43.5296442687747,FBgn0030114
rna-NM_132321.4,155,2397,0.06466416353775553,NM_132321,FBgn0030114,FBgn0030114,43.5296442687747,FBgn0030114
rna-NM_167187.2,152,2333,0.06515216459494214,NM_167187,FBgn0030114,FBgn0030114,43.5296442687747,FBgn0030114
rna-NM_176721.2,178,2840,0.06267605633802817,NM_176721,FBgn0030114,FBgn0030114,43.5296442687747,FBgn0030114
rna-NM_001298116.1,122,1972,0.061866125760649086,NM_001298116,FBgn0030114,FBgn0030114,43.5296442687747,FBgn0030114
rna-NM_001298119.1,180,2970,0.06060606060606061,NM_001298119,FBgn0028292,FBgn0028292,55.462450592885375,FBgn0028292
rna-NM_132322.4,160,2438,0.06562756357670221,NM_132322,FBgn0028292,FBgn0028292,55.462450592885375,FBgn0028292
rna-NM_001201641.2,123,2344,0.05247440273037542,NM_001201641,FBgn0030121,FBgn0030121,31.181818181818183,FBgn0030121
rna-NM_132328.3,125,2404,0.05199667221297837,NM_132328,FBgn0030121,FBgn0030121,31.181818181818183,FBgn0030121
rna-NM_001298120.1,124,1888,0.06567796610169492,NM_001298120,FBgn0030122,FBgn0030122,131.38339920948616,FBgn0030122
rna-NM_132329.4,114,1587,0.07183364839319471,NM_132329,FBgn0030122,FBgn0030122,131.38339920948616,FBgn0030122
rna-NM_001298121.1,378,6204,0.0609284332688588,NM_001298121,FBgn0040236,FBgn0040236,79.06324110671937,FBgn0040236
rna-NM_144349.3,367,5874,0.06247871978209057,NM_144349,FBgn0040236,FBgn0040236,79.06324110671937,FBgn0040236
rna-NM_144348.3,75,1246,0.06019261637239166,NM_144348,FBgn0040235,FBgn0040235,459.4822134387352,FBgn0040235
rna-NM_001272452.1,294,4444,0.06615661566156615,NM_001272452,FBgn0040234,FBgn0040234,3.55533596837945,FBgn0040234
rna-NM_144347.3,291,4393,0.06624174823582973,NM_144347,FBgn0040234,FBgn0040234,3.55533596837945,FBgn0040234
rna-NM_167189.6,375,6294,0.05958055290753098,NM_167189,FBgn0085478,FBgn0085478,93.69169960474308,FBgn0085478
rna-NM_001298123.1,381,6324,0.06024667931688805,NM_001298123,FBgn0085478,FBgn0085478,93.69169960474308,FBgn0085478
rna-NM_001258663.3,411,6951,0.05912818299525248,NM_001258663,FBgn0085478,FBgn0085478,93.69169960474308,FBgn0085478
rna-NM_001298122.1,387,6176,0.0626619170984456,NM_001298122,FBgn0085478,FBgn0085478,93.69169960474308,FBgn0085478
rna-NM_001272453.1,253,4144,0.061052123552123555,NM_001272453,FBgn0085478,FBgn0085478,93.69169960474308,FBgn0085478
rna-NM_001103451.3,259,4189,0.061828598710909524,NM_001103451,FBgn0085478,FBgn0085478,93.69169960474308,FBgn0085478
rna-NM_001103452.4,121,2342,0.05166524338172502,NM_001103452,FBgn0085478,FBgn0085478,93.69169960474308,FBgn0085478
rna-NM_132334.4,103,1664,0.061899038461538464,NM_132334,FBgn0026149,FBgn0026149,19.134387351778656,FBgn0026149
rna-NM_001298124.1,1066,16625,0.0641203007518797,NM_001298124,FBgn0261260,FBgn0261260,11.105138339920948,FBgn0261260
rna-NM_001103454.3,983,15259,0.06442099744413134,NM_001103454,FBgn0261260,FBgn0261260,11.105138339920948,FBgn0261260
rna-NM_132335.3,977,15229,0.06415391686913126,NM_132335,FBgn0261260,FBgn0261260,11.105138339920948,FBgn0261260
rna-NM_001298125.1,1031,15850,0.06504731861198738,NM_001298125,FBgn0261260,FBgn0261260,11.105138339920948,FBgn0261260
rna-NM_001298129.1,102,1854,0.05501618122977346,NM_001298129,FBgn0028327,FBgn0028327,134.0592885375494,FBgn0028327
rna-NM_132339.3,60,1309,0.04583651642475172,NM_132339,FBgn0028327,FBgn0028327,134.0592885375494,FBgn0028327
rna-NM_001298130.1,52,972,0.053497942386831275,NM_001298130,FBgn0030136,FBgn0030136,735.3557312252965,FBgn0030136
rna-NM_132340.4,24,520,0.046153846153846156,NM_132340,FBgn0030136,FBgn0030136,735.3557312252965,FBgn0030136
rna-NM_132341.3,37,825,0.044848484848484846,NM_132341,FBgn0030137,FBgn0030137,12.407114624505923,FBgn0030137
rna-NM_001042800.3,133,3378,0.03937240970988751,NM_001042800,FBgn0052699,FBgn0052699,102.07509881422925,FBgn0052699
rna-NM_001272455.2,250,4139,0.060401063058709833,NM_001272455,FBgn0001186,FBgn0001186,202.59367588932804,FBgn0001186
rna-NM_080109.4,156,2512,0.06210191082802548,NM_080109,FBgn0001186,FBgn0001186,202.59367588932804,FBgn0001186
rna-NM_167194.3,156,2512,0.06210191082802548,NM_167194,FBgn0001186,FBgn0001186,202.59367588932804,FBgn0001186
rna-NM_132343.4,164,2360,0.06949152542372881,NM_132343,FBgn0030141,FBgn0030141,72.81106719367588,FBgn0030141
rna-NM_132344.4,103,1760,0.058522727272727275,NM_132344,FBgn0264691,FBgn0264691,36.41501976284585,FBgn0264691
rna-NM_132345.2,123,1969,0.062468257998984256,NM_132345,FBgn0027084,FBgn0027084,132.23320158102766,FBgn0027084
rna-NM_001201642.2,127,2160,0.0587962962962963,NM_001201642,FBgn0027084,FBgn0027084,132.23320158102766,FBgn0027084
rna-NM_167196.3,131,2223,0.058929374718848404,NM_167196,FBgn0027084,FBgn0027084,132.23320158102766,FBgn0027084
rna-NM_001201643.2,374,6200,0.06032258064516129,NM_001201643,FBgn0261931,FBgn0261931,61.28853754940712,FBgn0261931
rna-NM_132346.3,343,5407,0.06343628629554282,NM_132346,FBgn0261931,FBgn0261931,61.28853754940712,FBgn0261931
rna-NM_001272456.1,147,2596,0.05662557781201849,NM_001272456,FBgn0261931,FBgn0261931,61.28853754940712,FBgn0261931
rna-NM_132347.2,104,1954,0.05322415557830092,NM_132347,FBgn0261931,FBgn0261931,61.28853754940712,FBgn0261931
rna-NM_167199.4,294,4904,0.0599510603588907,NM_167199,FBgn0028341,FBgn0028341,126.25691699604744,FBgn0028341
rna-NM_001014728.4,352,5646,0.06234502302515055,NM_001014728,FBgn0028341,FBgn0028341,126.25691699604744,FBgn0028341
rna-NM_001201644.3,332,5668,0.05857445306986592,NM_001201644,FBgn0028341,FBgn0028341,126.25691699604744,FBgn0028341
rna-NM_167197.3,211,3053,0.06911234850966262,NM_167197,FBgn0028341,FBgn0028341,126.25691699604744,FBgn0028341
rna-NM_132348.3,189,3046,0.062048588312541036,NM_132348,FBgn0028341,FBgn0028341,126.25691699604744,FBgn0028341
rna-NM_167198.2,187,2969,0.06298416975412596,NM_167198,FBgn0028341,FBgn0028341,126.25691699604744,FBgn0028341
rna-NM_001272457.1,145,2203,0.0658193372673627,NM_001272457,FBgn0028341,FBgn0028341,126.25691699604744,FBgn0028341
rna-NM_001014729.3,158,2495,0.06332665330661323,NM_001014729,FBgn0028341,FBgn0028341,126.25691699604744,FBgn0028341
rna-NM_001201645.2,158,2498,0.0632506004803843,NM_001201645,FBgn0028341,FBgn0028341,126.25691699604744,FBgn0028341
rna-NM_001201647.2,1052,15729,0.06688282789751415,NM_001201647,FBgn0261617,FBgn0261617,187.8695652173913,FBgn0261617
rna-NM_001272458.1,1033,15400,0.06707792207792208,NM_001272458,FBgn0261617,FBgn0261617,187.8695652173913,FBgn0261617
rna-NM_001201646.2,757,11704,0.06467874231032125,NM_001201646,FBgn0261617,FBgn0261617,187.8695652173913,FBgn0261617
rna-NM_079903.4,758,11733,0.06460410807125203,NM_079903,FBgn0261617,FBgn0261617,187.8695652173913,FBgn0261617
rna-NM_078545.3,104,2934,0.0354464894342195,NM_078545,FBgn0000233,FBgn0000233,4.760869565217392,FBgn0000233
rna-NM_132351.3,224,3763,0.059526973159713,NM_132351,FBgn0020378,FBgn0020378,1.6264822134387351,FBgn0020378
rna-NM_001103457.4,217,3593,0.06039521291399944,NM_001103457,FBgn0020378,FBgn0020378,1.6264822134387351,FBgn0020378
rna-NM_001272459.1,217,3593,0.06039521291399944,NM_001272459,FBgn0020378,FBgn0020378,1.6264822134387351,FBgn0020378
rna-NM_167200.4,205,3399,0.06031185642836128,NM_167200,FBgn0020378,FBgn0020378,1.6264822134387351,FBgn0020378
rna-NM_167202.4,94,1684,0.055819477434679333,NM_167202,FBgn0030151,FBgn0030151,105.49407114624506,FBgn0030151
rna-NM_167201.4,84,1528,0.0549738219895288,NM_167201,FBgn0030151,FBgn0030151,105.49407114624506,FBgn0030151
rna-NM_001369969.1,82,1498,0.05473965287049399,NM_001369969,FBgn0030151,FBgn0030151,105.49407114624506,FBgn0030151
rna-NM_132352.4,82,1498,0.05473965287049399,NM_132352,FBgn0030151,FBgn0030151,105.49407114624506,FBgn0030151
rna-NM_001272460.1,79,1491,0.05298457411133468,NM_001272460,FBgn0030151,FBgn0030151,105.49407114624506,FBgn0030151
rna-NM_167203.2,63,1257,0.050119331742243436,NM_167203,FBgn0030151,FBgn0030151,105.49407114624506,FBgn0030151
rna-NM_001298139.1,121,1807,0.06696181516325402,NM_001298139,FBgn0026415,FBgn0026415,242.89328063241106,FBgn0026415
rna-NM_078546.4,112,1514,0.07397622192866579,NM_078546,FBgn0026415,FBgn0026415,242.89328063241106,FBgn0026415
rna-NM_167207.3,114,1541,0.07397793640493186,NM_167207,FBgn0026415,FBgn0026415,242.89328063241106,FBgn0026415
rna-NM_001298140.1,150,3542,0.042348955392433656,NM_001298140,FBgn0052694,FBgn0052694,5.129644268774703,FBgn0052694
rna-NM_167210.2,107,2528,0.042325949367088604,NM_167210,FBgn0052694,FBgn0052694,5.129644268774703,FBgn0052694
rna-NM_167209.2,98,2440,0.04016393442622951,NM_167209,FBgn0052694,FBgn0052694,5.129644268774703,FBgn0052694
rna-NM_001258667.1,98,2425,0.04041237113402062,NM_001258667,FBgn0052694,FBgn0052694,5.129644268774703,FBgn0052694
rna-NM_167211.2,58,1373,0.04224326292789512,NM_167211,FBgn0052694,FBgn0052694,5.129644268774703,FBgn0052694
rna-NM_167212.2,149,3153,0.047256581033935936,NM_167212,FBgn0052694,FBgn0052694,5.129644268774703,FBgn0052694
rna-NM_001258668.2,117,2729,0.04287284719677537,NM_001258668,FBgn0052694,FBgn0052694,5.129644268774703,FBgn0052694
rna-NM_167214.2,140,3683,0.038012489818083084,NM_167214,FBgn0288690,FBgn0288690,4.734782608695634,FBgn0288690
rna-NM_001103463.2,140,3680,0.03804347826086957,NM_001103463,FBgn0288690,FBgn0288690,4.734782608695634,FBgn0288690
rna-NM_001258673.2,658,11742,0.056038153636518484,NM_001258673,FBgn0263132,FBgn0263132,2.988932806324113,FBgn0263132
rna-NM_001258669.2,810,14389,0.056293001598443256,NM_001258669,FBgn0263132,FBgn0263132,2.988932806324113,FBgn0263132
rna-NM_001258671.2,307,5317,0.05773932668798194,NM_001258671,FBgn0263132,FBgn0263132,2.988932806324113,FBgn0263132
rna-NM_001258670.2,271,4678,0.0579307396323215,NM_001258670,FBgn0263132,FBgn0263132,2.988932806324113,FBgn0263132
rna-NM_132370.4,785,14423,0.054426956943770366,NM_132370,FBgn0263132,FBgn0263132,2.988932806324113,FBgn0263132
rna-NM_001258672.2,453,8588,0.052748020493712154,NM_001258672,FBgn0263132,FBgn0263132,2.988932806324113,FBgn0263132
rna-NM_001103464.3,403,7541,0.05344118817133006,NM_001103464,FBgn0263132,FBgn0263132,2.988932806324113,FBgn0263132
rna-NM_001258675.2,230,3315,0.0693815987933635,NM_001258675,FBgn0030174,FBgn0030174,74.59367588932805,FBgn0030174
rna-NM_167216.3,239,3511,0.06807177442324124,NM_167216,FBgn0030174,FBgn0030174,74.59367588932805,FBgn0030174
rna-NM_001258674.2,214,3082,0.06943543153796236,NM_001258674,FBgn0030174,FBgn0030174,74.59367588932805,FBgn0030174
rna-NM_167215.3,108,1482,0.0728744939271255,NM_167215,FBgn0030174,FBgn0030174,74.59367588932805,FBgn0030174
rna-NM_001258676.2,128,1905,0.06719160104986877,NM_001258676,FBgn0030174,FBgn0030174,74.59367588932805,FBgn0030174
rna-NM_132373.4,127,1824,0.06962719298245613,NM_132373,FBgn0030174,FBgn0030174,74.59367588932805,FBgn0030174
rna-NM_167218.2,351,6215,0.056476267095736124,NM_167218,FBgn0052685,FBgn0052685,181.99604743083003,FBgn0052685
rna-NM_001258678.2,352,6218,0.05660984239305243,NM_001258678,FBgn0052685,FBgn0052685,181.99604743083003,FBgn0052685
rna-NM_001258677.2,257,4431,0.058000451365380276,NM_001258677,FBgn0052685,FBgn0052685,181.99604743083003,FBgn0052685
rna-NM_001258679.2,262,4309,0.06080297052680436,NM_001258679,FBgn0052685,FBgn0052685,181.99604743083003,FBgn0052685
rna-NM_001298143.1,109,1838,0.05930359085963003,NM_001298143,FBgn0030177,FBgn0030177,12.707509881422926,FBgn0030177
rna-NM_132375.3,95,1630,0.05828220858895705,NM_132375,FBgn0030177,FBgn0030177,12.707509881422926,FBgn0030177
rna-NM_132376.2,96,1200,0.08,NM_132376,FBgn0030178,FBgn0030178,9.39367588932805,FBgn0030178
rna-NM_001042801.2,175,2687,0.06512839598064757,NM_001042801,FBgn0083940,FBgn0083940,21.152569169960476,FBgn0083940
rna-NM_001298144.1,174,2649,0.06568516421291053,NM_001298144,FBgn0083940,FBgn0083940,21.152569169960476,FBgn0083940
rna-NM_001042802.2,159,2228,0.07136445242369839,NM_001042802,FBgn0083940,FBgn0083940,21.152569169960476,FBgn0083940
rna-NM_001272465.1,111,2606,0.04259401381427475,NM_001272465,FBgn0030183,FBgn0030183,48.78656126482213,FBgn0030183
rna-NM_001272466.1,120,2877,0.04171011470281543,NM_001272466,FBgn0030183,FBgn0030183,48.78656126482213,FBgn0030183
rna-NM_001272467.1,127,3058,0.04153041203400916,NM_001272467,FBgn0030183,FBgn0030183,48.78656126482213,FBgn0030183
rna-NM_132381.4,78,1622,0.04808877928483354,NM_132381,FBgn0030183,FBgn0030183,48.78656126482213,FBgn0030183
rna-NM_001103466.3,93,1924,0.04833679833679834,NM_001103466,FBgn0030183,FBgn0030183,48.78656126482213,FBgn0030183
rna-NM_001298145.1,134,3817,0.0351061042703694,NM_001298145,FBgn0028342,FBgn0028342,211.00395256916997,FBgn0028342
rna-NM_001272468.1,33,978,0.03374233128834356,NM_001272468,FBgn0028342,FBgn0028342,211.00395256916997,FBgn0028342
rna-NM_132382.3,27,666,0.04054054054054054,NM_132382,FBgn0028342,FBgn0028342,211.00395256916997,FBgn0028342
rna-NM_132384.4,42,1358,0.030927835051546393,NM_132384,FBgn0030186,FBgn0030186,32.80632411067194,FBgn0030186
rna-NM_001298146.1,226,5978,0.03780528604884577,NM_001298146,FBgn0085437,FBgn0085437,33.703952569169964,FBgn0085437
rna-NM_001298149.1,216,5824,0.03708791208791209,NM_001298149,FBgn0085437,FBgn0085437,33.703952569169964,FBgn0085437
rna-NM_001298147.1,215,5812,0.03699242945629731,NM_001298147,FBgn0085437,FBgn0085437,33.703952569169964,FBgn0085437
rna-NM_001103468.2,215,5794,0.03710735243355195,NM_001103468,FBgn0085437,FBgn0085437,33.703952569169964,FBgn0085437
rna-NM_001298148.1,211,5602,0.03766511960014281,NM_001298148,FBgn0085437,FBgn0085437,33.703952569169964,FBgn0085437
rna-NM_132385.3,182,5236,0.034759358288770054,NM_132385,FBgn0085437,FBgn0085437,33.703952569169964,FBgn0085437
rna-NM_001144712.2,179,5044,0.03548770816812054,NM_001144712,FBgn0085437,FBgn0085437,33.703952569169964,FBgn0085437
rna-NM_001298150.1,178,5044,0.03528945281522601,NM_001298150,FBgn0085437,FBgn0085437,33.703952569169964,FBgn0085437
rna-NM_001144711.2,159,4191,0.03793843951324266,NM_001144711,FBgn0085437,FBgn0085437,33.703952569169964,FBgn0085437
rna-NM_001298151.1,119,2979,0.03994629070157771,NM_001298151,FBgn0085437,FBgn0085437,33.703952569169964,FBgn0085437
rna-NM_001272470.2,387,8450,0.04579881656804734,NM_001272470,FBgn0263220,FBgn0263220,0.5379446640316213,FBgn0263220
rna-NM_167222.3,347,7021,0.04942315909414613,NM_167222,FBgn0263220,FBgn0263220,0.5379446640316213,FBgn0263220
rna-NM_001258682.2,194,3916,0.04954034729315628,NM_001258682,FBgn0263220,FBgn0263220,0.5379446640316213,FBgn0263220
rna-NM_001258683.2,178,3536,0.050339366515837106,NM_001258683,FBgn0263220,FBgn0263220,0.5379446640316213,FBgn0263220
rna-NM_001258680.2,201,4046,0.04967869500741473,NM_001258680,FBgn0263220,FBgn0263220,0.5379446640316213,FBgn0263220
rna-NM_001258681.2,196,3788,0.05174234424498416,NM_001258681,FBgn0263220,FBgn0263220,0.5379446640316213,FBgn0263220
rna-NM_078549.4,169,3548,0.04763246899661781,NM_078549,FBgn0263220,FBgn0263220,0.5379446640316213,FBgn0263220
rna-NM_001272471.2,169,3548,0.04763246899661781,NM_001272471,FBgn0263220,FBgn0263220,0.5379446640316213,FBgn0263220
rna-NM_001272472.2,169,3548,0.04763246899661781,NM_001272472,FBgn0263220,FBgn0263220,0.5379446640316213,FBgn0263220
rna-NM_144290.2,34,1031,0.03297769156159069,NM_144290,FBgn0040942,FBgn0040942,1.6798418972332023,FBgn0040942
rna-NM_167223.3,172,4132,0.041626331074540175,NM_167223,FBgn0259170,FBgn0259170,27.553359683794465,FBgn0259170
rna-NM_078550.4,153,3710,0.04123989218328841,NM_078550,FBgn0259170,FBgn0259170,27.553359683794465,FBgn0259170
rna-NM_206676.3,165,3785,0.043593130779392336,NM_206676,FBgn0259170,FBgn0259170,27.553359683794465,FBgn0259170
rna-NM_206673.3,165,3808,0.04332983193277311,NM_206673,FBgn0259170,FBgn0259170,27.553359683794465,FBgn0259170
rna-NM_206674.3,165,3853,0.04282377368284453,NM_206674,FBgn0259170,FBgn0259170,27.553359683794465,FBgn0259170
rna-NM_206675.3,165,3961,0.04165614743751578,NM_206675,FBgn0259170,FBgn0259170,27.553359683794465,FBgn0259170
rna-NM_167224.3,193,4102,0.04705021940516821,NM_167224,FBgn0259170,FBgn0259170,27.553359683794465,FBgn0259170
rna-NM_206672.3,146,3445,0.04238026124818578,NM_206672,FBgn0259170,FBgn0259170,27.553359683794465,FBgn0259170
rna-NM_001272473.2,125,3156,0.03960709759188847,NM_001272473,FBgn0259170,FBgn0259170,27.553359683794465,FBgn0259170
rna-NM_132388.4,75,2018,0.037165510406342916,NM_132388,FBgn0030189,FBgn0030189,16.597628458498022,FBgn0030189
rna-NM_078551.4,42,996,0.04216867469879518,NM_078551,FBgn0011770,FBgn0011770,21.932806324110672,FBgn0011770
rna-NM_001316627.1,113,3493,0.03235041511594618,NM_001316627,FBgn0028331,FBgn0028331,269.90513833992094,FBgn0028331
rna-NM_132393.3,81,2856,0.028361344537815126,NM_132393,FBgn0028331,FBgn0028331,269.90513833992094,FBgn0028331
rna-NM_001316626.1,74,2328,0.03178694158075601,NM_001316626,FBgn0028331,FBgn0028331,269.90513833992094,FBgn0028331
rna-NM_167225.3,46,884,0.05203619909502263,NM_167225,FBgn0052679,FBgn0052679,1.8252964426877474,FBgn0052679
rna-NM_132394.4,117,3091,0.03785182788741508,NM_132394,FBgn0028480,FBgn0028480,94.43478260869566,FBgn0028480
rna-NM_001369989.1,75,1836,0.04084967320261438,NM_001369989,FBgn0028480,FBgn0028480,94.43478260869566,FBgn0028480
rna-NM_001298154.1,76,2380,0.031932773109243695,NM_001298154,FBgn0030196,FBgn0030196,28.59723320158103,FBgn0030196
rna-NM_001272477.1,54,1668,0.03237410071942446,NM_001272477,FBgn0030196,FBgn0030196,28.59723320158103,FBgn0030196
rna-NM_132396.2,35,1150,0.030434782608695653,NM_132396,FBgn0030196,FBgn0030196,28.59723320158103,FBgn0030196
rna-NM_001272478.1,165,3883,0.042492917847025496,NM_001272478,FBgn0000711,FBgn0000711,271.09090909090907,FBgn0000711
rna-NM_167229.2,103,2524,0.04080824088748019,NM_167229,FBgn0000711,FBgn0000711,271.09090909090907,FBgn0000711
rna-NM_001369992.1,92,2131,0.04317221961520413,NM_001369992,FBgn0000711,FBgn0000711,271.09090909090907,FBgn0000711
rna-NM_079999.3,92,2131,0.04317221961520413,NM_079999,FBgn0000711,FBgn0000711,271.09090909090907,FBgn0000711
rna-NM_001272479.1,51,987,0.05167173252279635,NM_001272479,FBgn0083167,FBgn0083167,171.90513833992094,FBgn0083167
rna-NM_144291.4,26,410,0.06341463414634146,NM_144291,FBgn0083167,FBgn0083167,171.90513833992094,FBgn0083167
rna-NM_001272480.1,639,9940,0.06428571428571428,NM_001272480,FBgn0261710,FBgn0261710,189.23715415019763,FBgn0261710
rna-NM_167231.5,553,8362,0.06613250418560153,NM_167231,FBgn0261710,FBgn0261710,189.23715415019763,FBgn0261710
rna-NM_001258685.2,499,7901,0.06315656246044804,NM_001258685,FBgn0261710,FBgn0261710,189.23715415019763,FBgn0261710
rna-NM_132403.5,508,8158,0.06227016425594509,NM_132403,FBgn0261710,FBgn0261710,189.23715415019763,FBgn0261710
rna-NM_132404.2,154,2173,0.0708697653014266,NM_132404,FBgn0030206,FBgn0030206,10.128458498023702,FBgn0030206
rna-NM_001258686.2,147,2098,0.07006673021925644,NM_001258686,FBgn0030206,FBgn0030206,10.128458498023702,FBgn0030206
rna-NM_001272481.2,241,2473,0.09745248685806712,NM_001272481,FBgn0030208,FBgn0030208,297.09486166007906,FBgn0030208
rna-NM_167232.2,233,2426,0.09604286892003297,NM_167232,FBgn0030208,FBgn0030208,297.09486166007906,FBgn0030208
rna-NM_206677.2,233,2409,0.0967206309672063,NM_206677,FBgn0030208,FBgn0030208,297.09486166007906,FBgn0030208
rna-NM_080344.3,235,2397,0.09803921568627451,NM_080344,FBgn0030208,FBgn0030208,297.09486166007906,FBgn0030208
rna-NM_001272491.1,110,2896,0.03798342541436464,NM_001272491,FBgn0085443,FBgn0085443,50.37154150197628,FBgn0085443
rna-NM_001272490.1,118,3089,0.03820006474587245,NM_001272490,FBgn0085443,FBgn0085443,50.37154150197628,FBgn0085443
rna-NM_001103474.2,122,3143,0.03881641743557111,NM_001103474,FBgn0085443,FBgn0085443,50.37154150197628,FBgn0085443
rna-NM_001272487.1,411,6440,0.06381987577639751,NM_001272487,FBgn0085443,FBgn0085443,50.37154150197628,FBgn0085443
rna-NM_001272486.1,416,6518,0.06382325866830316,NM_001272486,FBgn0085443,FBgn0085443,50.37154150197628,FBgn0085443
rna-NM_001272492.1,429,6738,0.06366874443455031,NM_001272492,FBgn0085443,FBgn0085443,50.37154150197628,FBgn0085443
rna-NM_001272488.1,343,5301,0.06470477268439917,NM_001272488,FBgn0085443,FBgn0085443,50.37154150197628,FBgn0085443
rna-NM_001103471.2,318,5170,0.06150870406189555,NM_001103471,FBgn0085443,FBgn0085443,50.37154150197628,FBgn0085443
rna-NM_001272485.1,380,6136,0.06192959582790091,NM_001272485,FBgn0085443,FBgn0085443,50.37154150197628,FBgn0085443
rna-NM_206678.2,417,6571,0.06346066047785726,NM_206678,FBgn0085443,FBgn0085443,50.37154150197628,FBgn0085443
rna-NM_001272489.1,443,7333,0.06041183690167735,NM_001272489,FBgn0085443,FBgn0085443,50.37154150197628,FBgn0085443
rna-NM_001272484.1,363,5930,0.0612141652613828,NM_001272484,FBgn0085443,FBgn0085443,50.37154150197628,FBgn0085443
rna-NM_176723.3,372,5949,0.06253151790216843,NM_176723,FBgn0085443,FBgn0085443,50.37154150197628,FBgn0085443
rna-NM_132409.3,93,4696,0.019804088586030666,NM_132409,FBgn0001206,FBgn0001206,43.284584980237156,FBgn0001206
rna-NM_001272494.1,36,1499,0.02401601067378252,NM_001272494,FBgn0030218,FBgn0030218,4.791304347826067,FBgn0030218
rna-NM_132411.3,74,1716,0.04312354312354312,NM_132411,FBgn0030218,FBgn0030218,4.791304347826067,FBgn0030218
rna-NM_001272497.2,428,7399,0.05784565481821868,NM_001272497,FBgn0052676,FBgn0052676,30.885375494071145,FBgn0052676
rna-NM_132420.4,305,5447,0.05599412520653571,NM_132420,FBgn0052676,FBgn0052676,30.885375494071145,FBgn0052676
rna-NM_001272498.2,175,2810,0.06227758007117438,NM_001272498,FBgn0003204,FBgn0003204,91.54189723320158,FBgn0003204
rna-NM_167240.3,151,2519,0.059944422389837236,NM_167240,FBgn0003204,FBgn0003204,91.54189723320158,FBgn0003204
rna-NM_001369990.1,149,2415,0.06169772256728778,NM_001369990,FBgn0003204,FBgn0003204,91.54189723320158,FBgn0003204
rna-NM_079907.7,149,2415,0.06169772256728778,NM_079907,FBgn0003204,FBgn0003204,91.54189723320158,FBgn0003204
rna-NM_167241.3,143,2321,0.061611374407582936,NM_167241,FBgn0003204,FBgn0003204,91.54189723320158,FBgn0003204
rna-NM_001298157.1,130,2298,0.05657093124456049,NM_001298157,FBgn0052675,FBgn0052675,25.363636363636363,FBgn0052675
rna-NM_167244.3,116,1890,0.061375661375661375,NM_167244,FBgn0052675,FBgn0052675,25.363636363636363,FBgn0052675
rna-NM_167242.3,128,2122,0.060320452403393024,NM_167242,FBgn0052675,FBgn0052675,25.363636363636363,FBgn0052675
rna-NM_001169245.2,130,2207,0.05890348889895786,NM_001169245,FBgn0052675,FBgn0052675,25.363636363636363,FBgn0052675
rna-NM_001272501.1,190,3141,0.06049028971665075,NM_001272501,FBgn0052675,FBgn0052675,25.363636363636363,FBgn0052675
rna-NM_167243.3,137,2315,0.0591792656587473,NM_167243,FBgn0052675,FBgn0052675,25.363636363636363,FBgn0052675
rna-NM_167245.3,50,1214,0.04118616144975288,NM_167245,FBgn0052672,FBgn0052672,340.9130434782609,FBgn0052672
rna-NM_001298158.1,33,1010,0.032673267326732675,NM_001298158,FBgn0052672,FBgn0052672,340.9130434782609,FBgn0052672
rna-NM_001298159.1,25,1183,0.021132713440405747,NM_001298159,FBgn0052672,FBgn0052672,340.9130434782609,FBgn0052672
rna-NM_132421.3,131,2980,0.04395973154362416,NM_132421,FBgn0030228,FBgn0030228,225.09486166007906,FBgn0030228
rna-NM_001272502.1,152,3400,0.04470588235294118,NM_001272502,FBgn0030228,FBgn0030228,225.09486166007906,FBgn0030228
rna-NM_167247.2,122,1853,0.06583917970858068,NM_167247,FBgn0003360,FBgn0003360,2530.798418972332,FBgn0003360
rna-NM_001298161.1,104,1685,0.06172106824925816,NM_001298161,FBgn0003360,FBgn0003360,2530.798418972332,FBgn0003360
rna-NM_078554.3,99,1634,0.0605875152998776,NM_078554,FBgn0003360,FBgn0003360,2530.798418972332,FBgn0003360
rna-NM_167246.2,104,1747,0.059530623926731537,NM_167246,FBgn0003360,FBgn0003360,2530.798418972332,FBgn0003360
rna-NM_167248.2,104,1640,0.06341463414634146,NM_167248,FBgn0003360,FBgn0003360,2530.798418972332,FBgn0003360
rna-NM_167253.3,758,12045,0.06293067662930676,NM_167253,FBgn0285926,FBgn0285926,511.9367588932806,FBgn0285926
rna-NM_167249.3,554,8752,0.0632998171846435,NM_167249,FBgn0285926,FBgn0285926,511.9367588932806,FBgn0285926
rna-NM_167255.3,382,6762,0.05649216208222419,NM_167255,FBgn0285926,FBgn0285926,511.9367588932806,FBgn0285926
rna-NM_167252.3,366,5684,0.06439127375087966,NM_167252,FBgn0285926,FBgn0285926,511.9367588932806,FBgn0285926
rna-NM_167251.3,276,4481,0.061593394331622406,NM_167251,FBgn0285926,FBgn0285926,511.9367588932806,FBgn0285926
rna-NM_001298162.1,227,3824,0.05936192468619247,NM_001298162,FBgn0285926,FBgn0285926,511.9367588932806,FBgn0285926
rna-NM_001169246.2,241,3942,0.06113647894469812,NM_001169246,FBgn0285926,FBgn0285926,511.9367588932806,FBgn0285926
rna-NM_001258687.3,256,4220,0.06066350710900474,NM_001258687,FBgn0285926,FBgn0285926,511.9367588932806,FBgn0285926
rna-NM_167250.3,221,3711,0.05955268121800054,NM_167250,FBgn0285926,FBgn0285926,511.9367588932806,FBgn0285926
rna-NM_001042803.3,177,3468,0.05103806228373702,NM_001042803,FBgn0285926,FBgn0285926,511.9367588932806,FBgn0285926
rna-NM_078556.4,171,3300,0.05181818181818182,NM_078556,FBgn0285926,FBgn0285926,511.9367588932806,FBgn0285926
rna-NM_167254.4,148,2863,0.051694027244149496,NM_167254,FBgn0285926,FBgn0285926,511.9367588932806,FBgn0285926
rna-NM_079921.3,192,3280,0.05853658536585366,NM_079921,FBgn0003321,FBgn0003321,50.466403162055336,FBgn0003321
rna-NM_001369981.1,129,1910,0.06753926701570681,NM_001369981,FBgn0003321,FBgn0003321,50.466403162055336,FBgn0003321
rna-NM_001369982.1,145,2147,0.06753609687936656,NM_001369982,FBgn0003321,FBgn0003321,50.466403162055336,FBgn0003321
rna-NM_132428.3,37,847,0.043683589138134596,NM_132428,FBgn0030239,FBgn0030239,16.466798418972335,FBgn0030239
rna-NM_132429.4,183,3363,0.054415700267618196,NM_132429,FBgn0030240,FBgn0030240,219.0592885375494,FBgn0030240
rna-NM_132430.3,160,2424,0.066006600660066,NM_132430,FBgn0030241,FBgn0030241,79.11067193675889,FBgn0030241
rna-NM_001298163.1,120,2414,0.04971002485501243,NM_001298163,FBgn0030242,FBgn0030242,36.20395256916997,FBgn0030242
rna-NM_132431.3,115,2272,0.050616197183098594,NM_132431,FBgn0030242,FBgn0030242,36.20395256916997,FBgn0030242
rna-NM_001272504.1,298,7117,0.041871575101868765,NM_001272504,FBgn0030243,FBgn0030243,103.35573122529644,FBgn0030243
rna-NM_001382048.1,206,4646,0.04433921653034869,NM_001382048,FBgn0030243,FBgn0030243,103.35573122529644,FBgn0030243
rna-NM_132432.2,196,4451,0.04403504830375197,NM_132432,FBgn0030243,FBgn0030243,103.35573122529644,FBgn0030243
rna-NM_132434.4,80,1708,0.0468384074941452,NM_132434,FBgn0030245,FBgn0030245,52.88142292490119,FBgn0030245
rna-NM_001298165.1,122,1868,0.06531049250535331,NM_001298165,FBgn0030245,FBgn0030245,52.88142292490119,FBgn0030245
rna-NM_167257.2,122,1773,0.06880992667794698,NM_167257,FBgn0030245,FBgn0030245,52.88142292490119,FBgn0030245
rna-NM_167258.3,101,2196,0.04599271402550091,NM_167258,FBgn0030245,FBgn0030245,52.88142292490119,FBgn0030245
rna-NM_001298166.1,101,2199,0.045929968167348796,NM_001298166,FBgn0030245,FBgn0030245,52.88142292490119,FBgn0030245
rna-NM_167259.3,60,4100,0.014634146341463415,NM_167259,FBgn0017561,FBgn0017561,173.3679841897233,FBgn0017561
rna-NM_001298167.1,80,4409,0.018144704014515765,NM_001298167,FBgn0017561,FBgn0017561,173.3679841897233,FBgn0017561
rna-NM_078557.5,50,3979,0.012565971349585323,NM_078557,FBgn0017561,FBgn0017561,173.3679841897233,FBgn0017561
rna-NM_001298168.1,50,4033,0.012397718819737169,NM_001298168,FBgn0017561,FBgn0017561,173.3679841897233,FBgn0017561
rna-NM_001298169.1,251,4184,0.059990439770554495,NM_001298169,FBgn0030246,FBgn0030246,23.988142292490117,FBgn0030246
rna-NM_132435.2,242,4036,0.0599603567888999,NM_132435,FBgn0030246,FBgn0030246,23.988142292490117,FBgn0030246
rna-NM_132440.2,163,2045,0.07970660146699267,NM_132440,FBgn0030251,FBgn0030251,6.494861660079051,FBgn0030251
rna-NM_001298173.1,160,1988,0.08048289738430583,NM_001298173,FBgn0030251,FBgn0030251,6.494861660079051,FBgn0030251
rna-NM_001298174.1,571,10459,0.05459412945788316,NM_001298174,FBgn0263705,FBgn0263705,12.850592885375493,FBgn0263705
rna-NM_001042804.3,581,10635,0.05463093559003291,NM_001042804,FBgn0263705,FBgn0263705,12.850592885375493,FBgn0263705
rna-NM_132441.3,565,10362,0.0545261532522679,NM_132441,FBgn0263705,FBgn0263705,12.850592885375493,FBgn0263705
rna-NM_001272506.1,185,5244,0.03527841342486651,NM_001272506,FBgn0263705,FBgn0263705,12.850592885375493,FBgn0263705
rna-NM_001298178.1,75,1491,0.05030181086519115,NM_001298178,FBgn0030263,FBgn0030263,64.05533596837945,FBgn0030263
rna-NM_132453.2,67,1319,0.05079605761940864,NM_132453,FBgn0030263,FBgn0030263,64.05533596837945,FBgn0030263
rna-NM_001272508.1,72,2182,0.03299725022914757,NM_001272508,FBgn0027498,FBgn0027498,9.745059288537522,FBgn0027498
rna-NM_167264.2,66,2052,0.03216374269005848,NM_167264,FBgn0027498,FBgn0027498,9.745059288537522,FBgn0027498
rna-NM_132454.5,61,1990,0.030653266331658293,NM_132454,FBgn0027498,FBgn0027498,9.745059288537522,FBgn0027498
rna-NM_078560.3,73,2357,0.03097157403478999,NM_078560,FBgn0015245,FBgn0015245,270.14229249011856,FBgn0015245
rna-NM_167266.1,68,2328,0.029209621993127148,NM_167266,FBgn0015245,FBgn0015245,270.14229249011856,FBgn0015245
rna-NM_132457.2,397,12204,0.03253031792854802,NM_132457,FBgn0030266,FBgn0030266,12.547826086956515,FBgn0030266
rna-NM_001298179.1,36,1553,0.0231809401159047,NM_001298179,FBgn0028686,FBgn0028686,20.59288537549407,FBgn0028686
rna-NM_132458.3,36,1423,0.025298664792691498,NM_132458,FBgn0028686,FBgn0028686,20.59288537549407,FBgn0028686
rna-NM_080148.3,65,2056,0.0316147859922179,NM_080148,FBgn0010391,FBgn0010391,12.31739130434781,FBgn0010391
rna-NM_001298180.1,173,4467,0.038728453100514884,NM_001298180,FBgn0030268,FBgn0030268,348.9130434782609,FBgn0030268
rna-NM_167269.2,172,4375,0.03931428571428571,NM_167269,FBgn0030268,FBgn0030268,348.9130434782609,FBgn0030268
rna-NM_167267.2,193,4754,0.040597391670172484,NM_167267,FBgn0030268,FBgn0030268,348.9130434782609,FBgn0030268
rna-NM_167268.2,180,4543,0.03962139555359894,NM_167268,FBgn0030268,FBgn0030268,348.9130434782609,FBgn0030268
rna-NM_132459.4,136,3503,0.038823865258349986,NM_132459,FBgn0030268,FBgn0030268,348.9130434782609,FBgn0030268
rna-NM_167270.2,126,3245,0.03882896764252696,NM_167270,FBgn0030268,FBgn0030268,348.9130434782609,FBgn0030268
rna-NM_132460.3,96,1831,0.05243036592026215,NM_132460,FBgn0030269,FBgn0030269,54.93675889328063,FBgn0030269
rna-NM_001272510.1,96,1831,0.05243036592026215,NM_001272510,FBgn0030269,FBgn0030269,54.93675889328063,FBgn0030269
rna-NM_001298182.1,68,1581,0.043010752688172046,NM_001298182,FBgn0020255,FBgn0020255,1385.1462450592885,FBgn0020255
rna-NM_143712.4,75,1667,0.04499100179964007,NM_143712,FBgn0020255,FBgn0020255,1385.1462450592885,FBgn0020255
rna-NM_001298183.1,59,1263,0.04671417260490895,NM_001298183,FBgn0020255,FBgn0020255,1385.1462450592885,FBgn0020255
rna-NM_167272.3,49,1127,0.043478260869565216,NM_167272,FBgn0020255,FBgn0020255,1385.1462450592885,FBgn0020255
rna-NM_001298184.1,122,2412,0.0505804311774461,NM_001298184,FBgn0030274,FBgn0030274,20.870355731225295,FBgn0030274
rna-NM_001272512.1,128,2535,0.0504930966469428,NM_001272512,FBgn0030274,FBgn0030274,20.870355731225295,FBgn0030274
rna-NM_001272511.1,125,2445,0.05112474437627812,NM_001272511,FBgn0030274,FBgn0030274,20.870355731225295,FBgn0030274
rna-NM_132464.3,118,2291,0.0515058926233086,NM_132464,FBgn0030274,FBgn0030274,20.870355731225295,FBgn0030274
rna-NM_001298185.1,73,1186,0.06155143338954469,NM_001298185,FBgn0261277,FBgn0261277,0.8098814229249008,FBgn0261277
rna-NM_001272513.2,65,1006,0.06461232604373758,NM_001272513,FBgn0261277,FBgn0261277,0.8098814229249008,FBgn0261277
rna-NM_132465.4,66,1063,0.062088428974600186,NM_132465,FBgn0261277,FBgn0261277,0.8098814229249008,FBgn0261277
rna-NM_001272514.2,53,964,0.054979253112033194,NM_001272514,FBgn0261277,FBgn0261277,0.8098814229249008,FBgn0261277
rna-NM_167274.2,151,3715,0.040646029609690444,NM_167274,FBgn0030276,FBgn0030276,253.98418972332016,FBgn0030276
rna-NM_132466.3,100,2241,0.04462293618920125,NM_132466,FBgn0030276,FBgn0030276,253.98418972332016,FBgn0030276
rna-NM_167276.2,144,3371,0.042717294571343815,NM_167276,FBgn0030276,FBgn0030276,253.98418972332016,FBgn0030276
rna-NM_078561.3,41,779,0.05263157894736842,NM_078561,FBgn0003411,FBgn0003411,13.767588932806323,FBgn0003411
rna-NM_078562.3,34,934,0.03640256959314775,NM_078562,FBgn0001491,FBgn0001491,67.12252964426878,FBgn0001491
rna-NM_132476.3,311,5830,0.05334476843910806,NM_132476,FBgn0030286,FBgn0030286,4.419762845849802,FBgn0030286
rna-NM_001103480.2,194,3949,0.049126361104076983,NM_001103480,FBgn0028421,FBgn0028421,9.2086956521739,FBgn0028421
rna-NM_001103481.3,189,3777,0.05003971405877681,NM_001103481,FBgn0028421,FBgn0028421,9.2086956521739,FBgn0028421
rna-NM_001272516.2,188,3768,0.049893842887473464,NM_001272516,FBgn0028421,FBgn0028421,9.2086956521739,FBgn0028421
rna-NM_167278.3,189,3780,0.05,NM_167278,FBgn0028421,FBgn0028421,9.2086956521739,FBgn0028421
rna-NM_001144714.1,166,3440,0.04825581395348837,NM_001144714,FBgn0028421,FBgn0028421,9.2086956521739,FBgn0028421
rna-NM_001103484.3,127,2190,0.05799086757990868,NM_001103484,FBgn0085377,FBgn0085377,102.03557312252964,FBgn0085377
rna-NM_132479.3,238,3430,0.06938775510204082,NM_132479,FBgn0030289,FBgn0030289,38.35612648221344,FBgn0030289
rna-NM_001258692.2,222,3133,0.07085860197893393,NM_001258692,FBgn0030289,FBgn0030289,38.35612648221344,FBgn0030289
rna-NM_132481.3,43,799,0.05381727158948686,NM_132481,FBgn0030291,FBgn0030291,16.936758893280633,FBgn0030291
rna-NM_132482.3,15,477,0.031446540880503145,NM_132482,FBgn0030292,FBgn0030292,12.782608695652174,FBgn0030292
rna-NM_001298189.1,292,4369,0.06683451590753033,NM_001298189,FBgn0030293,FBgn0030293,408.4664031620553,FBgn0030293
rna-NM_132483.3,289,4280,0.06752336448598131,NM_132483,FBgn0030293,FBgn0030293,408.4664031620553,FBgn0030293
rna-NM_001298190.1,284,4223,0.06725076959507459,NM_001298190,FBgn0030293,FBgn0030293,408.4664031620553,FBgn0030293
rna-NM_078563.3,197,2844,0.06926863572433192,NM_078563,FBgn0000499,FBgn0000499,20.1897233201581,FBgn0000499
rna-NM_132484.4,95,1628,0.05835380835380835,NM_132484,FBgn0287454,FBgn0287454,41.73517786561265,FBgn0287454
rna-NM_078564.3,249,5055,0.04925816023738872,NM_078564,FBgn0004864,FBgn0004864,144.37944664031622,FBgn0004864
rna-NM_001298191.1,40,761,0.052562417871222074,NM_001298191,FBgn0027359,FBgn0027359,52.32806324110672,FBgn0027359
rna-NM_132485.4,36,661,0.05446293494704992,NM_132485,FBgn0027359,FBgn0027359,52.32806324110672,FBgn0027359
rna-NM_001103486.3,483,7249,0.066629879983446,NM_001103486,FBgn0001624,FBgn0001624,141.70750988142294,FBgn0001624
rna-NM_206683.4,322,5296,0.06080060422960725,NM_206683,FBgn0001624,FBgn0001624,141.70750988142294,FBgn0001624
rna-NM_206681.4,316,5119,0.061730806798202774,NM_206681,FBgn0001624,FBgn0001624,141.70750988142294,FBgn0001624
rna-NM_167280.2,168,2554,0.06577916992952232,NM_167280,FBgn0001624,FBgn0001624,141.70750988142294,FBgn0001624
rna-NM_001272520.1,168,2524,0.06656101426307448,NM_001272520,FBgn0001624,FBgn0001624,141.70750988142294,FBgn0001624
rna-NM_206680.2,140,2114,0.06622516556291391,NM_206680,FBgn0001624,FBgn0001624,141.70750988142294,FBgn0001624
rna-NM_206679.2,138,2102,0.06565176022835395,NM_206679,FBgn0001624,FBgn0001624,141.70750988142294,FBgn0001624
rna-NM_001169249.3,164,2363,0.06940330088870081,NM_001169249,FBgn0001624,FBgn0001624,141.70750988142294,FBgn0001624
rna-NM_167281.2,116,2554,0.04541895066562255,NM_167281,FBgn0001624,FBgn0001624,141.70750988142294,FBgn0001624
rna-NM_001169247.1,175,3196,0.05475594493116395,NM_001169247,FBgn0001624,FBgn0001624,141.70750988142294,FBgn0001624
rna-NM_001103485.3,431,6554,0.0657613671040586,NM_001103485,FBgn0001624,FBgn0001624,141.70750988142294,FBgn0001624
rna-NM_001272518.1,324,5380,0.06022304832713755,NM_001272518,FBgn0001624,FBgn0001624,141.70750988142294,FBgn0001624
rna-NM_001258694.2,323,5341,0.06047556637333833,NM_001258694,FBgn0001624,FBgn0001624,141.70750988142294,FBgn0001624
rna-NM_206682.4,270,4893,0.05518087063151441,NM_206682,FBgn0001624,FBgn0001624,141.70750988142294,FBgn0001624
rna-NM_078565.5,268,4848,0.05528052805280528,NM_078565,FBgn0001624,FBgn0001624,141.70750988142294,FBgn0001624
rna-NM_001272517.1,268,4848,0.05528052805280528,NM_001272517,FBgn0001624,FBgn0001624,141.70750988142294,FBgn0001624
rna-NM_206684.4,261,4709,0.055425780420471436,NM_206684,FBgn0001624,FBgn0001624,141.70750988142294,FBgn0001624
rna-NM_001272519.1,412,6815,0.06045487894350697,NM_001272519,FBgn0001624,FBgn0001624,141.70750988142294,FBgn0001624
rna-NM_167282.4,274,4865,0.05632065775950668,NM_167282,FBgn0001624,FBgn0001624,141.70750988142294,FBgn0001624
rna-NM_001169248.2,269,4841,0.05556703160504028,NM_001169248,FBgn0001624,FBgn0001624,141.70750988142294,FBgn0001624
rna-NM_001258693.1,295,4841,0.06093782276389176,NM_001258693,FBgn0001624,FBgn0001624,141.70750988142294,FBgn0001624
rna-NM_001298192.1,119,1918,0.06204379562043796,NM_001298192,FBgn0001145,FBgn0001145,1.4683794466403142,FBgn0001145
rna-NM_167284.2,119,1906,0.06243441762854145,NM_167284,FBgn0001145,FBgn0001145,1.4683794466403142,FBgn0001145
rna-NM_001298194.1,138,1990,0.06934673366834171,NM_001298194,FBgn0001145,FBgn0001145,1.4683794466403142,FBgn0001145
rna-NM_001298193.1,119,1829,0.06506287588846364,NM_001298193,FBgn0001145,FBgn0001145,1.4683794466403142,FBgn0001145
rna-NM_206685.2,118,1812,0.06512141280353201,NM_206685,FBgn0001145,FBgn0001145,1.4683794466403142,FBgn0001145
rna-NM_078568.3,101,1619,0.062384187770228534,NM_078568,FBgn0001145,FBgn0001145,1.4683794466403142,FBgn0001145
rna-NM_167285.4,268,5936,0.04514824797843666,NM_167285,FBgn0262740,FBgn0262740,33.50869565217394,FBgn0262740
rna-NM_001169251.4,220,5156,0.04266873545384019,NM_001169251,FBgn0262740,FBgn0262740,33.50869565217394,FBgn0262740
rna-NM_001272521.1,222,5423,0.04093675087589895,NM_001272521,FBgn0262740,FBgn0262740,33.50869565217394,FBgn0262740
rna-NM_001169250.2,119,3159,0.03767014878125989,NM_001169250,FBgn0262740,FBgn0262740,33.50869565217394,FBgn0262740
rna-NM_132488.5,122,3177,0.03840100723953415,NM_132488,FBgn0262740,FBgn0262740,33.50869565217394,FBgn0262740
rna-NM_132490.3,187,3720,0.050268817204301076,NM_132490,FBgn0030301,FBgn0030301,50.798418972332016,FBgn0030301
rna-NM_001272522.1,113,2159,0.0523390458545623,NM_001272522,FBgn0030301,FBgn0030301,50.798418972332016,FBgn0030301
rna-NM_206686.3,93,1744,0.053325688073394495,NM_206686,FBgn0030301,FBgn0030301,50.798418972332016,FBgn0030301
rna-NM_132494.3,81,1432,0.05656424581005587,NM_132494,FBgn0030305,FBgn0030305,8.077075098814202,FBgn0030305
rna-NM_001298196.1,94,1188,0.07912457912457913,NM_001298196,FBgn0030306,FBgn0030306,191.04347826086956,FBgn0030306
rna-NM_132495.3,67,821,0.08160779537149818,NM_132495,FBgn0030306,FBgn0030306,191.04347826086956,FBgn0030306
rna-NM_001298195.1,74,860,0.08604651162790698,NM_001298195,FBgn0030306,FBgn0030306,191.04347826086956,FBgn0030306
rna-NM_001169253.2,298,4847,0.061481328656901174,NM_001169253,FBgn0052666,FBgn0052666,58.75098814229249,FBgn0052666
rna-NM_001169252.2,268,4525,0.05922651933701657,NM_001169252,FBgn0052666,FBgn0052666,58.75098814229249,FBgn0052666
rna-NM_206688.2,243,4163,0.05837136680278645,NM_206688,FBgn0052666,FBgn0052666,58.75098814229249,FBgn0052666
rna-NM_078569.3,67,6736,0.009946555819477435,NM_078569,FBgn0003277,FBgn0003277,221.57707509881422,FBgn0003277
rna-NM_001316639.1,23,760,0.030263157894736843,NM_001316639,FBgn0030311,FBgn0030311,10.772332015810271,FBgn0030311
rna-NM_132500.3,17,640,0.0265625,NM_132500,FBgn0030311,FBgn0030311,10.772332015810271,FBgn0030311
rna-NM_132501.3,42,1002,0.041916167664670656,NM_132501,FBgn0027259,FBgn0027259,12.486166007905139,FBgn0027259
rna-NM_001316625.1,26,668,0.038922155688622756,NM_001316625,FBgn0027259,FBgn0027259,12.486166007905139,FBgn0027259
rna-NM_132503.3,100,2235,0.0447427293064877,NM_132503,FBgn0030314,FBgn0030314,17.41897233201581,FBgn0030314
rna-NM_080107.3,41,503,0.08151093439363817,NM_080107,FBgn0000618,FBgn0000618,6.210276679841898,FBgn0000618
rna-NM_001169254.1,107,1800,0.059444444444444446,NM_001169254,FBgn0030316,FBgn0030316,4.344664031620555,FBgn0030316
rna-NM_132504.2,101,1742,0.05797933409873708,NM_132504,FBgn0030316,FBgn0030316,4.344664031620555,FBgn0030316
rna-NM_078570.3,143,2449,0.05839118007349939,NM_078570,FBgn0002948,FBgn0002948,20.54822134387357,FBgn0002948
rna-NM_001298200.1,134,2279,0.058797718297498906,NM_001298200,FBgn0002948,FBgn0002948,20.54822134387357,FBgn0002948
rna-NM_080345.3,114,2345,0.04861407249466951,NM_080345,FBgn0030318,FBgn0030318,120.49802371541502,FBgn0030318
rna-NM_167290.3,103,2057,0.05007292173067574,NM_167290,FBgn0030318,FBgn0030318,120.49802371541502,FBgn0030318
rna-NM_132507.2,220,3767,0.05840191133528006,NM_132507,FBgn0030320,FBgn0030320,59.616600790513836,FBgn0030320
rna-NM_001258697.2,199,3251,0.061211934789295604,NM_001258697,FBgn0030320,FBgn0030320,59.616600790513836,FBgn0030320
rna-NM_001258698.2,215,3560,0.060393258426966294,NM_001258698,FBgn0030320,FBgn0030320,59.616600790513836,FBgn0030320
rna-NM_001258696.2,215,3563,0.06034240808307606,NM_001258696,FBgn0030320,FBgn0030320,59.616600790513836,FBgn0030320
rna-NM_001298201.1,104,3059,0.03399803857469761,NM_001298201,FBgn0030321,FBgn0030321,33.62450592885376,FBgn0030321
rna-NM_132508.4,102,2970,0.03434343434343434,NM_132508,FBgn0030321,FBgn0030321,33.62450592885376,FBgn0030321
rna-NM_001298202.1,16,673,0.0237741456166419,NM_001298202,FBgn0288833,FBgn0288833,89.88142292490119,FBgn0288833
rna-NM_132509.2,16,541,0.029574861367837338,NM_132509,FBgn0288833,FBgn0288833,89.88142292490119,FBgn0288833
rna-NM_001298203.1,360,5088,0.07075471698113207,NM_001298203,FBgn0002723,FBgn0002723,25.57707509881423,FBgn0002723
rna-NM_078571.4,257,3756,0.06842385516506923,NM_078571,FBgn0002723,FBgn0002723,25.57707509881423,FBgn0002723
rna-NM_206691.3,448,8642,0.05183985188613747,NM_206691,FBgn0004370,FBgn0004370,14.436758893280631,FBgn0004370
rna-NM_001144715.2,387,7269,0.05323978539001238,NM_001144715,FBgn0004370,FBgn0004370,14.436758893280631,FBgn0004370
rna-NM_001272525.1,379,7142,0.053066367964155696,NM_001272525,FBgn0004370,FBgn0004370,14.436758893280631,FBgn0004370
rna-NM_001272524.1,430,8335,0.05158968206358728,NM_001272524,FBgn0004370,FBgn0004370,14.436758893280631,FBgn0004370
rna-NM_206690.2,354,7385,0.04793500338524035,NM_206690,FBgn0004370,FBgn0004370,14.436758893280631,FBgn0004370
rna-NM_167292.3,350,7308,0.04789272030651341,NM_167292,FBgn0004370,FBgn0004370,14.436758893280631,FBgn0004370
rna-NM_167294.2,75,1246,0.06019261637239166,NM_167294,FBgn0030323,FBgn0030323,33.07509881422925,FBgn0030323
rna-NM_167293.1,67,1076,0.062267657992565055,NM_167293,FBgn0030323,FBgn0030323,33.07509881422925,FBgn0030323
rna-NM_132510.3,70,1155,0.06060606060606061,NM_132510,FBgn0030323,FBgn0030323,33.07509881422925,FBgn0030323
rna-NM_001272527.2,484,8842,0.054738746889843926,NM_001272527,FBgn0014133,FBgn0014133,338.40316205533594,FBgn0014133
rna-NM_001272528.2,421,7574,0.055584895695801426,NM_001272528,FBgn0014133,FBgn0014133,338.40316205533594,FBgn0014133
rna-NM_078573.4,282,5218,0.0540436949022614,NM_078573,FBgn0014133,FBgn0014133,338.40316205533594,FBgn0014133
rna-NM_167295.3,263,4839,0.054350072328993596,NM_167295,FBgn0014133,FBgn0014133,338.40316205533594,FBgn0014133
rna-NM_001272526.2,258,4665,0.05530546623794212,NM_001272526,FBgn0014133,FBgn0014133,338.40316205533594,FBgn0014133
rna-NM_167296.3,109,2421,0.04502271788517142,NM_167296,FBgn0011754,FBgn0011754,94.58498023715416,FBgn0011754
rna-NM_167297.3,146,3111,0.046930247508839604,NM_167297,FBgn0011754,FBgn0011754,94.58498023715416,FBgn0011754
rna-NM_001298205.1,122,2522,0.04837430610626487,NM_001298205,FBgn0011754,FBgn0011754,94.58498023715416,FBgn0011754
rna-NM_001298204.1,104,2232,0.04659498207885305,NM_001298204,FBgn0011754,FBgn0011754,94.58498023715416,FBgn0011754
rna-NM_078574.4,117,2723,0.04296731546088873,NM_078574,FBgn0011754,FBgn0011754,94.58498023715416,FBgn0011754
rna-NM_132512.4,178,2795,0.06368515205724508,NM_132512,FBgn0030327,FBgn0030327,4.952173913043478,FBgn0030327
rna-NM_167299.2,157,3694,0.04250135354629128,NM_167299,FBgn0030328,FBgn0030328,1411.6837944664032,FBgn0030328
rna-NM_167298.3,157,3411,0.04602755790090882,NM_167298,FBgn0030328,FBgn0030328,1411.6837944664032,FBgn0030328
rna-NM_001272530.1,118,3028,0.03896961690885073,NM_001272530,FBgn0030328,FBgn0030328,1411.6837944664032,FBgn0030328
rna-NM_001201652.1,118,2784,0.042385057471264365,NM_001201652,FBgn0030328,FBgn0030328,1411.6837944664032,FBgn0030328
rna-NM_167300.2,118,3053,0.038650507697346875,NM_167300,FBgn0030328,FBgn0030328,1411.6837944664032,FBgn0030328
rna-NM_001201653.2,118,2986,0.03951774949765573,NM_001201653,FBgn0030328,FBgn0030328,1411.6837944664032,FBgn0030328
rna-NM_001201651.2,118,2945,0.040067911714770796,NM_001201651,FBgn0030328,FBgn0030328,1411.6837944664032,FBgn0030328
rna-NM_167301.2,118,2948,0.04002713704206241,NM_167301,FBgn0030328,FBgn0030328,1411.6837944664032,FBgn0030328
rna-NM_132513.6,118,3014,0.039150630391506305,NM_132513,FBgn0030328,FBgn0030328,1411.6837944664032,FBgn0030328
rna-NM_001272529.1,118,2658,0.04439428141459744,NM_001272529,FBgn0030328,FBgn0030328,1411.6837944664032,FBgn0030328
rna-NM_001201650.2,118,2704,0.04363905325443787,NM_001201650,FBgn0030328,FBgn0030328,1411.6837944664032,FBgn0030328
rna-NM_001298207.1,118,2622,0.04500381388253242,NM_001298207,FBgn0030328,FBgn0030328,1411.6837944664032,FBgn0030328
rna-NM_167302.3,93,3247,0.028641823221435173,NM_167302,FBgn0030330,FBgn0030330,68.37154150197628,FBgn0030330
rna-NM_001272532.2,93,3196,0.02909887359198999,NM_001272532,FBgn0030330,FBgn0030330,68.37154150197628,FBgn0030330
rna-NM_132515.3,93,3008,0.030917553191489363,NM_132515,FBgn0030330,FBgn0030330,68.37154150197628,FBgn0030330
rna-NM_206692.3,51,2392,0.021321070234113712,NM_206692,FBgn0000259,FBgn0000259,498.9881422924901,FBgn0000259
rna-NM_080762.4,86,3121,0.02755527074655559,NM_080762,FBgn0000259,FBgn0000259,498.9881422924901,FBgn0000259
rna-NM_001258701.2,35,934,0.03747323340471092,NM_001258701,FBgn0000259,FBgn0000259,498.9881422924901,FBgn0000259
rna-NM_001258699.1,76,2376,0.03198653198653199,NM_001258699,FBgn0000259,FBgn0000259,498.9881422924901,FBgn0000259
rna-NM_001258700.2,47,1600,0.029375,NM_001258700,FBgn0000259,FBgn0000259,498.9881422924901,FBgn0000259
rna-NM_001272533.1,59,2006,0.029411764705882353,NM_001272533,FBgn0000259,FBgn0000259,498.9881422924901,FBgn0000259
rna-NM_167304.3,37,1331,0.02779864763335838,NM_167304,FBgn0000259,FBgn0000259,498.9881422924901,FBgn0000259
rna-NM_001014731.2,31,1043,0.029721955896452542,NM_001014731,FBgn0000259,FBgn0000259,498.9881422924901,FBgn0000259
rna-NM_078576.5,31,997,0.031093279839518557,NM_078576,FBgn0000259,FBgn0000259,498.9881422924901,FBgn0000259
rna-NM_167305.3,30,966,0.031055900621118012,NM_167305,FBgn0000259,FBgn0000259,498.9881422924901,FBgn0000259
rna-NM_078577.3,64,3158,0.02026599113362888,NM_078577,FBgn0001218,FBgn0001218,1075.7786561264822,FBgn0001218
rna-NM_167306.2,62,3019,0.020536601523683338,NM_167306,FBgn0001218,FBgn0001218,1075.7786561264822,FBgn0001218
rna-NM_167308.2,68,3185,0.021350078492935635,NM_167308,FBgn0001218,FBgn0001218,1075.7786561264822,FBgn0001218
rna-NM_167307.2,60,2985,0.020100502512562814,NM_167307,FBgn0001218,FBgn0001218,1075.7786561264822,FBgn0001218
rna-NM_001298210.1,61,2988,0.020414993306559572,NM_001298210,FBgn0001218,FBgn0001218,1075.7786561264822,FBgn0001218
rna-NM_001298212.1,148,4512,0.03280141843971631,NM_001298212,FBgn0030336,FBgn0030336,86.86166007905139,FBgn0030336
rna-NM_132521.3,125,3667,0.03408781019907281,NM_132521,FBgn0030336,FBgn0030336,86.86166007905139,FBgn0030336
rna-NM_001298211.1,121,3741,0.03234429296979417,NM_001298211,FBgn0030336,FBgn0030336,86.86166007905139,FBgn0030336
rna-NM_001258702.1,369,6807,0.05420890260026443,NM_001258702,FBgn0266019,FBgn0266019,151.9328063241107,FBgn0266019
rna-NM_167309.3,283,5275,0.053649289099526064,NM_167309,FBgn0266019,FBgn0266019,151.9328063241107,FBgn0266019
rna-NM_001382106.1,502,9133,0.054965509690134674,NM_001382106,FBgn0266019,FBgn0266019,151.9328063241107,FBgn0266019
rna-NM_001258703.2,502,9133,0.054965509690134674,NM_001258703,FBgn0266019,FBgn0266019,151.9328063241107,FBgn0266019
rna-NM_132522.3,437,8138,0.05369869746866552,NM_132522,FBgn0266019,FBgn0266019,151.9328063241107,FBgn0266019
rna-NM_001272534.1,253,4335,0.05836216839677047,NM_001272534,FBgn0266019,FBgn0266019,151.9328063241107,FBgn0266019
rna-NM_132526.4,72,1541,0.04672290720311486,NM_132526,FBgn0030341,FBgn0030341,115.2292490118577,FBgn0030341
rna-NM_001272536.1,60,1101,0.05449591280653951,NM_001272536,FBgn0030341,FBgn0030341,115.2292490118577,FBgn0030341
rna-NM_167310.2,101,2024,0.04990118577075099,NM_167310,FBgn0030342,FBgn0030342,4.983794466403159,FBgn0030342
rna-NM_132527.2,102,1978,0.05156723963599596,NM_132527,FBgn0030342,FBgn0030342,4.983794466403159,FBgn0030342
rna-NM_001272537.2,289,5157,0.056040333527244524,NM_001272537,FBgn0030343,FBgn0030343,98.26086956521739,FBgn0030343
rna-NM_132528.3,231,4230,0.05460992907801419,NM_132528,FBgn0030343,FBgn0030343,98.26086956521739,FBgn0030343
rna-NM_132529.4,286,4054,0.07054760730143068,NM_132529,FBgn0030344,FBgn0030344,25.74703557312253,FBgn0030344
rna-NM_001382046.1,130,1776,0.0731981981981982,NM_001382046,FBgn0030345,FBgn0030345,50.02411067193676,FBgn0030345
rna-NM_132530.4,130,1776,0.0731981981981982,NM_132530,FBgn0030345,FBgn0030345,50.02411067193676,FBgn0030345
rna-NM_167311.3,130,1776,0.0731981981981982,NM_167311,FBgn0030345,FBgn0030345,50.02411067193676,FBgn0030345
rna-NM_132531.2,128,1481,0.08642808912896692,NM_132531,FBgn0030346,FBgn0030346,13.65375494071145,FBgn0030346
rna-NM_132532.4,69,1529,0.04512753433616743,NM_132532,FBgn0030347,FBgn0030347,3.6822134387351815,FBgn0030347
rna-NM_001272538.1,64,1407,0.04548685145700071,NM_001272538,FBgn0030347,FBgn0030347,3.6822134387351815,FBgn0030347
rna-NM_001272540.1,302,4492,0.06723063223508459,NM_001272540,FBgn0030349,FBgn0030349,22.968379446640316,FBgn0030349
rna-NM_132534.4,290,4203,0.0689983345229598,NM_132534,FBgn0030349,FBgn0030349,22.968379446640316,FBgn0030349
rna-NM_001272541.2,295,4290,0.06876456876456877,NM_001272541,FBgn0030349,FBgn0030349,22.968379446640316,FBgn0030349
rna-NM_001272543.1,317,4771,0.0664430936910501,NM_001272543,FBgn0030349,FBgn0030349,22.968379446640316,FBgn0030349
rna-NM_167312.4,312,4774,0.06535400083787181,NM_167312,FBgn0030349,FBgn0030349,22.968379446640316,FBgn0030349
rna-NM_001272544.2,295,4482,0.06581883087907184,NM_001272544,FBgn0030349,FBgn0030349,22.968379446640316,FBgn0030349
rna-NM_001258704.1,300,4569,0.06565988181221274,NM_001258704,FBgn0030349,FBgn0030349,22.968379446640316,FBgn0030349
rna-NM_132535.3,43,827,0.05199516324062878,NM_132535,FBgn0030350,FBgn0030350,24.976284584980238,FBgn0030350
rna-NM_132536.2,21,719,0.02920723226703755,NM_132536,FBgn0030351,FBgn0030351,27.50197628458498,FBgn0030351
rna-NM_001272545.1,21,716,0.029329608938547486,NM_001272545,FBgn0030351,FBgn0030351,27.50197628458498,FBgn0030351
rna-NM_001298213.1,88,1385,0.06353790613718412,NM_001298213,FBgn0030352,FBgn0030352,19.541501976284586,FBgn0030352
rna-NM_132537.2,65,1110,0.05855855855855856,NM_132537,FBgn0030352,FBgn0030352,19.541501976284586,FBgn0030352
rna-NM_001298215.1,130,5320,0.02443609022556391,NM_001298215,FBgn0260780,FBgn0260780,429.4861660079051,FBgn0260780
rna-NM_132538.2,126,5127,0.024575775307197192,NM_132538,FBgn0260780,FBgn0260780,429.4861660079051,FBgn0260780
rna-NM_001298214.1,126,5124,0.02459016393442623,NM_001298214,FBgn0260780,FBgn0260780,429.4861660079051,FBgn0260780
rna-NM_132539.3,280,5187,0.05398110661268556,NM_132539,FBgn0030354,FBgn0030354,81.53754940711462,FBgn0030354
rna-NM_001298216.1,250,4709,0.05308982798895732,NM_001298216,FBgn0030354,FBgn0030354,81.53754940711462,FBgn0030354
rna-NM_001014733.5,660,10902,0.06053935057787562,NM_001014733,FBgn0263111,FBgn0263111,0.9363636363636342,FBgn0263111
rna-NM_206693.5,655,10638,0.06157172400827223,NM_206693,FBgn0263111,FBgn0263111,0.9363636363636342,FBgn0263111
rna-NM_001258709.2,619,10251,0.06038435274607355,NM_001258709,FBgn0263111,FBgn0263111,0.9363636363636342,FBgn0263111
rna-NM_206696.6,498,8471,0.05878880887734624,NM_206696,FBgn0263111,FBgn0263111,0.9363636363636342,FBgn0263111
rna-NM_001370017.1,498,8471,0.05878880887734624,NM_001370017,FBgn0263111,FBgn0263111,0.9363636363636342,FBgn0263111
rna-NM_001370018.1,498,8471,0.05878880887734624,NM_001370018,FBgn0263111,FBgn0263111,0.9363636363636342,FBgn0263111
rna-NM_001370019.1,498,8471,0.05878880887734624,NM_001370019,FBgn0263111,FBgn0263111,0.9363636363636342,FBgn0263111
rna-NM_078578.5,493,8471,0.058198559792232325,NM_078578,FBgn0263111,FBgn0263111,0.9363636363636342,FBgn0263111
rna-NM_001014734.4,493,8474,0.058177956101014866,NM_001014734,FBgn0263111,FBgn0263111,0.9363636363636342,FBgn0263111
rna-NM_001258708.2,481,8276,0.05811986466892218,NM_001258708,FBgn0263111,FBgn0263111,0.9363636363636342,FBgn0263111
rna-NM_001258707.2,503,8705,0.05778288340034463,NM_001258707,FBgn0263111,FBgn0263111,0.9363636363636342,FBgn0263111
rna-NM_001258710.2,493,8480,0.05813679245283019,NM_001258710,FBgn0263111,FBgn0263111,0.9363636363636342,FBgn0263111
rna-NM_206695.4,501,8471,0.05914295832841459,NM_206695,FBgn0263111,FBgn0263111,0.9363636363636342,FBgn0263111
rna-NM_001014735.4,501,8474,0.05912202029738022,NM_001014735,FBgn0263111,FBgn0263111,0.9363636363636342,FBgn0263111
rna-NM_001014732.4,501,8477,0.05910109708623334,NM_001014732,FBgn0263111,FBgn0263111,0.9363636363636342,FBgn0263111
rna-NM_206697.4,496,8471,0.05855270924330067,NM_206697,FBgn0263111,FBgn0263111,0.9363636363636342,FBgn0263111
rna-NM_206694.4,493,8490,0.05806831566548881,NM_206694,FBgn0263111,FBgn0263111,0.9363636363636342,FBgn0263111
rna-NM_001272548.1,491,8395,0.05848719475878499,NM_001272548,FBgn0263111,FBgn0263111,0.9363636363636342,FBgn0263111
rna-NM_001316623.1,47,2234,0.021038495971351837,NM_001316623,FBgn0000808,FBgn0000808,2.256916996047438,FBgn0000808
rna-NM_001272549.1,41,1914,0.021421107628004178,NM_001272549,FBgn0000808,FBgn0000808,2.256916996047438,FBgn0000808
rna-NM_001272551.1,41,1932,0.021221532091097308,NM_001272551,FBgn0000808,FBgn0000808,2.256916996047438,FBgn0000808
rna-NM_001272550.1,41,1923,0.021320852834113363,NM_001272550,FBgn0000808,FBgn0000808,2.256916996047438,FBgn0000808
rna-NM_078580.4,14,887,0.015783540022547914,NM_078580,FBgn0003865,FBgn0003865,5.485770750988139,FBgn0003865
rna-NM_132545.3,37,1648,0.022451456310679612,NM_132545,FBgn0030360,FBgn0030360,2.098814229249012,FBgn0030360
rna-NM_001298218.1,36,1582,0.022756005056890013,NM_001298218,FBgn0030360,FBgn0030360,2.098814229249012,FBgn0030360
rna-NM_001316624.1,61,2289,0.026649191786806466,NM_001316624,FBgn0030361,FBgn0030361,5.844664031620554,FBgn0030361
rna-NM_132546.3,54,2000,0.027,NM_132546,FBgn0030361,FBgn0030361,5.844664031620554,FBgn0030361
rna-NM_167314.2,33,1151,0.028670721112076455,NM_167314,FBgn0030362,FBgn0030362,23.40711462450593,FBgn0030362
rna-NM_132547.3,33,1097,0.0300820419325433,NM_132547,FBgn0030362,FBgn0030362,23.40711462450593,FBgn0030362
rna-NM_167315.2,37,1458,0.025377229080932786,NM_167315,FBgn0030362,FBgn0030362,23.40711462450593,FBgn0030362
rna-NM_167316.2,31,1083,0.028624192059095107,NM_167316,FBgn0030362,FBgn0030362,23.40711462450593,FBgn0030362
rna-NM_001298219.1,12,737,0.016282225237449117,NM_001298219,FBgn0043001,FBgn0043001,123.22134387351778,FBgn0043001
rna-NM_132548.3,12,685,0.017518248175182483,NM_132548,FBgn0043001,FBgn0043001,123.22134387351778,FBgn0043001
rna-NM_132549.3,26,1251,0.020783373301358914,NM_132549,FBgn0030364,FBgn0030364,83.77470355731225,FBgn0030364
rna-NM_132550.3,119,1620,0.0734567901234568,NM_132550,FBgn0030365,FBgn0030365,28.276679841897234,FBgn0030365
rna-NM_132551.3,275,5642,0.04874158099964552,NM_132551,FBgn0030366,FBgn0030366,192.98814229249012,FBgn0030366
rna-NM_001298220.1,241,4880,0.04938524590163934,NM_001298220,FBgn0030366,FBgn0030366,192.98814229249012,FBgn0030366
rna-NM_001169259.3,792,12169,0.06508340866135262,NM_001169259,FBgn0267001,FBgn0267001,41.195256916996044,FBgn0267001
rna-NM_001169261.3,925,15135,0.061116617112652795,NM_001169261,FBgn0267001,FBgn0267001,41.195256916996044,FBgn0267001
rna-NM_001169260.3,826,13035,0.06336785577291906,NM_001169260,FBgn0267001,FBgn0267001,41.195256916996044,FBgn0267001
rna-NM_001144718.3,811,12764,0.06353807583829521,NM_001144718,FBgn0267001,FBgn0267001,41.195256916996044,FBgn0267001
rna-NM_001144717.4,773,12059,0.06410150095364459,NM_001144717,FBgn0267001,FBgn0267001,41.195256916996044,FBgn0267001
rna-NM_001272554.2,848,13957,0.060758042559289245,NM_001272554,FBgn0267001,FBgn0267001,41.195256916996044,FBgn0267001
rna-NM_001258713.2,704,11053,0.06369311499140505,NM_001258713,FBgn0267001,FBgn0267001,41.195256916996044,FBgn0267001
rna-NM_001258712.2,703,11041,0.06367176886151617,NM_001258712,FBgn0267001,FBgn0267001,41.195256916996044,FBgn0267001
rna-NM_001258711.2,701,11008,0.06368095930232558,NM_001258711,FBgn0267001,FBgn0267001,41.195256916996044,FBgn0267001
rna-NM_001169258.2,622,9993,0.062243570499349546,NM_001169258,FBgn0267001,FBgn0267001,41.195256916996044,FBgn0267001
rna-NM_078582.4,650,10194,0.06376299784186777,NM_078582,FBgn0267001,FBgn0267001,41.195256916996044,FBgn0267001
rna-NM_132571.2,36,1180,0.030508474576271188,NM_132571,FBgn0030390,FBgn0030390,2.0466403162055364,FBgn0030390
rna-NM_132572.3,67,1588,0.04219143576826197,NM_132572,FBgn0030391,FBgn0030391,299.57707509881425,FBgn0030391
rna-NM_167323.2,67,1618,0.04140914709517923,NM_167323,FBgn0030391,FBgn0030391,299.57707509881425,FBgn0030391
rna-NM_001298224.1,63,1449,0.043478260869565216,NM_001298224,FBgn0030391,FBgn0030391,299.57707509881425,FBgn0030391
rna-NM_132573.3,288,3827,0.07525476874836687,NM_132573,FBgn0259143,FBgn0259143,119.6798418972332,FBgn0259143
rna-NM_001298226.1,213,2740,0.07773722627737226,NM_001298226,FBgn0259143,FBgn0259143,119.6798418972332,FBgn0259143
rna-NM_132574.3,122,1806,0.06755260243632337,NM_132574,FBgn0259143,FBgn0259143,119.6798418972332,FBgn0259143
rna-NM_001298225.1,122,1648,0.07402912621359223,NM_001298225,FBgn0259143,FBgn0259143,119.6798418972332,FBgn0259143
rna-NM_132575.3,95,1326,0.07164404223227752,NM_132575,FBgn0030394,FBgn0030394,1.2849802371541512,FBgn0030394
rna-NM_132577.2,220,2304,0.0954861111111111,NM_132577,FBgn0030396,FBgn0030396,53.332806324110706,FBgn0030396
rna-NM_001272555.2,588,9201,0.06390609716335181,NM_001272555,FBgn0264542,FBgn0264542,1.8648221343873579,FBgn0264542
rna-NM_132578.3,503,6986,0.07200114514743773,NM_132578,FBgn0264542,FBgn0264542,1.8648221343873579,FBgn0264542
rna-NM_167324.3,475,6878,0.06906077348066299,NM_167324,FBgn0264542,FBgn0264542,1.8648221343873579,FBgn0264542
rna-NM_001298227.1,464,6221,0.07458607940845523,NM_001298227,FBgn0264542,FBgn0264542,1.8648221343873579,FBgn0264542
rna-NM_001272557.1,326,5718,0.05701294158796782,NM_001272557,FBgn0030400,FBgn0030400,126.18181818181819,FBgn0030400
rna-NM_132581.3,297,5226,0.05683122847301952,NM_132581,FBgn0030400,FBgn0030400,126.18181818181819,FBgn0030400
rna-NM_001144720.3,218,3811,0.05720283390186303,NM_001144720,FBgn0030400,FBgn0030400,126.18181818181819,FBgn0030400
rna-NM_078584.3,306,5627,0.054380664652567974,NM_078584,FBgn0283712,FBgn0283712,77.58498023715416,FBgn0283712
rna-NM_167327.2,258,4814,0.053593685085168256,NM_167327,FBgn0283712,FBgn0283712,77.58498023715416,FBgn0283712
rna-NM_167326.2,276,4964,0.055600322320709106,NM_167326,FBgn0283712,FBgn0283712,77.58498023715416,FBgn0283712
rna-NM_001169263.1,227,4187,0.054215428707905425,NM_001169263,FBgn0283712,FBgn0283712,77.58498023715416,FBgn0283712
rna-NM_001169262.1,267,4520,0.05907079646017699,NM_001169262,FBgn0283712,FBgn0283712,77.58498023715416,FBgn0283712
rna-NM_132582.3,160,2509,0.06377042646472698,NM_132582,FBgn0030403,FBgn0030403,5.550988142292485,FBgn0030403
rna-NM_001298230.1,499,8008,0.06231268731268731,NM_001298230,FBgn0052654,FBgn0052654,250.28853754940712,FBgn0052654
rna-NM_001298228.1,485,7693,0.06304432601065904,NM_001298228,FBgn0052654,FBgn0052654,250.28853754940712,FBgn0052654
rna-NM_001298229.1,458,7635,0.059986902423051734,NM_001298229,FBgn0052654,FBgn0052654,250.28853754940712,FBgn0052654
rna-NM_001103494.2,444,7320,0.060655737704918035,NM_001103494,FBgn0052654,FBgn0052654,250.28853754940712,FBgn0052654
rna-NM_132584.3,492,7900,0.062278481012658225,NM_132584,FBgn0052654,FBgn0052654,250.28853754940712,FBgn0052654
rna-NM_001103493.4,463,7226,0.06407417658455578,NM_001103493,FBgn0052654,FBgn0052654,250.28853754940712,FBgn0052654
rna-NM_132585.4,66,1526,0.04325032765399738,NM_132585,FBgn0030406,FBgn0030406,11.482213438735178,FBgn0030406
rna-NM_001298231.1,44,1293,0.03402938901778809,NM_001298231,FBgn0030406,FBgn0030406,11.482213438735178,FBgn0030406
rna-NM_001272560.2,42,1234,0.03403565640194489,NM_001272560,FBgn0030406,FBgn0030406,11.482213438735178,FBgn0030406
rna-NM_132586.2,99,2123,0.046632124352331605,NM_132586,FBgn0030407,FBgn0030407,4.237549407114626,FBgn0030407
rna-NM_001298232.1,94,1886,0.04984093319194061,NM_001298232,FBgn0030407,FBgn0030407,4.237549407114626,FBgn0030407
rna-NM_001298233.1,90,1207,0.07456503728251865,NM_001298233,FBgn0030410,FBgn0030410,12.098814229249012,FBgn0030410
rna-NM_132589.2,88,1165,0.07553648068669527,NM_132589,FBgn0030410,FBgn0030410,12.098814229249012,FBgn0030410
rna-NM_132590.3,87,1234,0.07050243111831442,NM_132590,FBgn0030411,FBgn0030411,12.952173913043472,FBgn0030411
rna-NM_132591.5,278,4687,0.05931299338596117,NM_132591,FBgn0030412,FBgn0030412,15.429249011857701,FBgn0030412
rna-NM_167328.4,327,5330,0.061350844277673545,NM_167328,FBgn0030412,FBgn0030412,15.429249011857701,FBgn0030412
rna-NM_001169264.2,325,5290,0.06143667296786389,NM_001169264,FBgn0030412,FBgn0030412,15.429249011857701,FBgn0030412
rna-NM_001169265.2,303,5041,0.06010712160285658,NM_001169265,FBgn0030412,FBgn0030412,15.429249011857701,FBgn0030412
rna-NM_001258715.2,274,4541,0.06033913234970271,NM_001258715,FBgn0030412,FBgn0030412,15.429249011857701,FBgn0030412
rna-NM_167329.3,360,5490,0.06557377049180328,NM_167329,FBgn0030412,FBgn0030412,15.429249011857701,FBgn0030412
rna-NM_167330.3,328,5062,0.06479652311339391,NM_167330,FBgn0030412,FBgn0030412,15.429249011857701,FBgn0030412
rna-NM_001298234.1,118,2406,0.049044056525353284,NM_001298234,FBgn0015024,FBgn0015024,1397.6205533596838,FBgn0015024
rna-NM_078585.6,138,2791,0.049444643496954495,NM_078585,FBgn0015024,FBgn0015024,1397.6205533596838,FBgn0015024
rna-NM_001169266.3,109,2232,0.04883512544802868,NM_001169266,FBgn0015024,FBgn0015024,1397.6205533596838,FBgn0015024
rna-NM_001298235.1,93,1997,0.04656985478217326,NM_001298235,FBgn0015024,FBgn0015024,1397.6205533596838,FBgn0015024
rna-NM_167332.3,97,1997,0.0485728592889334,NM_167332,FBgn0015024,FBgn0015024,1397.6205533596838,FBgn0015024
rna-NM_167331.4,97,2133,0.04547585560243788,NM_167331,FBgn0015024,FBgn0015024,1397.6205533596838,FBgn0015024
rna-NM_001272561.2,268,5015,0.053439680957128616,NM_001272561,FBgn0011837,FBgn0011837,344.4150197628459,FBgn0011837
rna-NM_078586.5,102,2157,0.04728789986091794,NM_078586,FBgn0011837,FBgn0011837,344.4150197628459,FBgn0011837
rna-NM_167333.4,97,2023,0.04794859120118636,NM_167333,FBgn0011837,FBgn0011837,344.4150197628459,FBgn0011837
rna-NM_167334.2,599,14496,0.041321743929359826,NM_167334,FBgn0265523,FBgn0265523,269.3201581027668,FBgn0265523
rna-NM_001272562.1,599,15201,0.03940530228274455,NM_001272562,FBgn0265523,FBgn0265523,269.3201581027668,FBgn0265523
rna-NM_080536.4,511,12784,0.039971839799749685,NM_080536,FBgn0265523,FBgn0265523,269.3201581027668,FBgn0265523
rna-NM_167335.2,511,13463,0.037955879075986035,NM_167335,FBgn0265523,FBgn0265523,269.3201581027668,FBgn0265523
rna-NM_001298237.1,99,2237,0.04425569959767546,NM_001298237,FBgn0030418,FBgn0030418,29.873517786561266,FBgn0030418
rna-NM_132596.2,179,3403,0.0526006464883926,NM_132596,FBgn0030418,FBgn0030418,29.873517786561266,FBgn0030418
rna-NM_001298236.1,96,1985,0.04836272040302267,NM_001298236,FBgn0030418,FBgn0030418,29.873517786561266,FBgn0030418
rna-NM_167336.4,65,1437,0.04523312456506611,NM_167336,FBgn0030418,FBgn0030418,29.873517786561266,FBgn0030418
rna-NM_001272563.1,64,1288,0.049689440993788817,NM_001272563,FBgn0030418,FBgn0030418,29.873517786561266,FBgn0030418
rna-NM_001272564.1,117,2547,0.045936395759717315,NM_001272564,FBgn0020513,FBgn0020513,38.19011857707511,FBgn0020513
rna-NM_132598.4,86,1826,0.047097480832420595,NM_132598,FBgn0020513,FBgn0020513,38.19011857707511,FBgn0020513
rna-NM_001298238.1,154,2970,0.05185185185185185,NM_001298238,FBgn0030420,FBgn0030420,20.296442687747064,FBgn0030420
rna-NM_132599.3,146,2734,0.053401609363569864,NM_132599,FBgn0030420,FBgn0030420,20.296442687747064,FBgn0030420
rna-NM_167337.2,195,3795,0.05138339920948617,NM_167337,FBgn0030421,FBgn0030421,10.573122529644262,FBgn0030421
rna-NM_132600.2,117,1831,0.0638995084653195,NM_132600,FBgn0030421,FBgn0030421,10.573122529644262,FBgn0030421
rna-NM_001272565.1,189,3566,0.05300056085249579,NM_001272565,FBgn0030421,FBgn0030421,10.573122529644262,FBgn0030421
rna-NM_132608.4,87,2280,0.038157894736842106,NM_132608,FBgn0052649,FBgn0052649,7.511462450592873,FBgn0052649
rna-NM_132609.4,61,1338,0.045590433482810166,NM_132609,FBgn0030431,FBgn0030431,45.93241106719372,FBgn0030431
rna-NM_167342.2,56,1235,0.045344129554655874,NM_167342,FBgn0030431,FBgn0030431,45.93241106719372,FBgn0030431
rna-NM_132610.4,60,1696,0.03537735849056604,NM_132610,FBgn0030432,FBgn0030432,33.723715415019775,FBgn0030432
rna-NM_001298241.1,15,774,0.01937984496124031,NM_001298241,FBgn0030433,FBgn0030433,27.33201581027668,FBgn0030433
rna-NM_132611.3,15,674,0.02225519287833828,NM_132611,FBgn0030433,FBgn0030433,27.33201581027668,FBgn0030433
rna-NM_132612.2,59,1323,0.044595616024187455,NM_132612,FBgn0030434,FBgn0030434,130.20158102766797,FBgn0030434
rna-NM_132613.3,65,1521,0.042735042735042736,NM_132613,FBgn0030435,FBgn0030435,46.940711462450594,FBgn0030435
rna-NM_001298242.1,71,1588,0.044710327455919394,NM_001298242,FBgn0030435,FBgn0030435,46.940711462450594,FBgn0030435
rna-NM_001298243.1,63,1415,0.04452296819787986,NM_001298243,FBgn0030435,FBgn0030435,46.940711462450594,FBgn0030435
rna-NM_001258718.3,344,8626,0.03987943426849061,NM_001258718,FBgn0086675,FBgn0086675,6.409090909090909,FBgn0086675
rna-NM_001258717.1,315,8154,0.03863134657836645,NM_001258717,FBgn0086675,FBgn0086675,6.409090909090909,FBgn0086675
rna-NM_001258719.2,169,4682,0.03609568560444255,NM_001258719,FBgn0086675,FBgn0086675,6.409090909090909,FBgn0086675
rna-NM_001258720.3,315,7653,0.04116032928263426,NM_001258720,FBgn0086675,FBgn0086675,6.409090909090909,FBgn0086675
rna-NM_001272569.1,315,7579,0.04156221137353213,NM_001272569,FBgn0086675,FBgn0086675,6.409090909090909,FBgn0086675
rna-NM_001103495.5,315,7321,0.043026908892227836,NM_001103495,FBgn0086675,FBgn0086675,6.409090909090909,FBgn0086675
rna-NM_132614.6,140,3937,0.03556007112014224,NM_132614,FBgn0086675,FBgn0086675,6.409090909090909,FBgn0086675
rna-NM_001272568.2,319,7113,0.044847462392801914,NM_001272568,FBgn0086675,FBgn0086675,6.409090909090909,FBgn0086675
rna-NM_001298244.1,319,7104,0.04490427927927928,NM_001298244,FBgn0086675,FBgn0086675,6.409090909090909,FBgn0086675
rna-NM_001298253.1,333,5344,0.06231287425149701,NM_001298253,FBgn0010303,FBgn0010303,114.78260869565217,FBgn0010303
rna-NM_001272571.2,333,5344,0.06231287425149701,NM_001272571,FBgn0010303,FBgn0010303,114.78260869565217,FBgn0010303
rna-NM_001382110.1,283,4893,0.05783772736562436,NM_001382110,FBgn0010303,FBgn0010303,114.78260869565217,FBgn0010303
rna-NM_001382111.1,283,4893,0.05783772736562436,NM_001382111,FBgn0010303,FBgn0010303,114.78260869565217,FBgn0010303
rna-NM_167346.2,283,4893,0.05783772736562436,NM_167346,FBgn0010303,FBgn0010303,114.78260869565217,FBgn0010303
rna-NM_001272572.2,322,5689,0.05660045702232378,NM_001272572,FBgn0010303,FBgn0010303,114.78260869565217,FBgn0010303
rna-NM_078587.3,145,2738,0.05295836376917458,NM_078587,FBgn0010303,FBgn0010303,114.78260869565217,FBgn0010303
rna-NM_057814.4,138,1951,0.07073295745771399,NM_057814,FBgn0261524,FBgn0261524,154.08300395256916,FBgn0261524
rna-NM_001298254.1,56,1224,0.0457516339869281,NM_001298254,FBgn0030447,FBgn0030447,25.1897233201581,FBgn0030447
rna-NM_132624.2,49,1055,0.046445497630331754,NM_132624,FBgn0030447,FBgn0030447,25.1897233201581,FBgn0030447
rna-NM_001298255.1,239,4326,0.055247341655108646,NM_001298255,FBgn0263005,FBgn0263005,139.9604743083004,FBgn0263005
rna-NM_132625.3,214,3781,0.0565987833906374,NM_132625,FBgn0263005,FBgn0263005,139.9604743083004,FBgn0263005
rna-NM_167348.2,116,1573,0.07374443738080101,NM_167348,FBgn0052638,FBgn0052638,37.44664031620553,FBgn0052638
rna-NM_001298258.1,84,1150,0.07304347826086957,NM_001298258,FBgn0030451,FBgn0030451,14.268774703557305,FBgn0030451
rna-NM_001298257.1,210,3329,0.06308200660859117,NM_001298257,FBgn0030451,FBgn0030451,14.268774703557305,FBgn0030451
rna-NM_132628.3,86,1156,0.07439446366782007,NM_132628,FBgn0030451,FBgn0030451,14.268774703557305,FBgn0030451
rna-NM_001298259.1,210,3329,0.06308200660859117,NM_001298259,FBgn0030452,FBgn0030452,2.7284584980237194,FBgn0030452
rna-NM_001298260.1,165,2887,0.0571527537235885,NM_001298260,FBgn0030452,FBgn0030452,2.7284584980237194,FBgn0030452
rna-NM_132629.2,112,2090,0.053588516746411484,NM_132629,FBgn0030452,FBgn0030452,2.7284584980237194,FBgn0030452
rna-NM_132633.4,201,2256,0.08909574468085106,NM_132633,FBgn0030456,FBgn0030456,41.237154150197625,FBgn0030456
rna-NM_078588.4,73,1936,0.03770661157024793,NM_078588,FBgn0025463,FBgn0025463,84.89328063241106,FBgn0025463
rna-NM_132634.4,40,2040,0.0196078431372549,NM_132634,FBgn0030457,FBgn0030457,14.178260869565209,FBgn0030457
rna-NM_001298262.1,70,2985,0.023450586264656615,NM_001298262,FBgn0030457,FBgn0030457,14.178260869565209,FBgn0030457
rna-NM_001298261.1,34,1830,0.018579234972677595,NM_001298261,FBgn0030457,FBgn0030457,14.178260869565209,FBgn0030457
rna-NM_001298265.1,26,1347,0.019302152932442463,NM_001298265,FBgn0030460,FBgn0030460,9.71185770750988,FBgn0030460
rna-NM_001298264.1,25,1231,0.020308692120227456,NM_001298264,FBgn0030460,FBgn0030460,9.71185770750988,FBgn0030460
rna-NM_132637.2,24,1188,0.020202020202020204,NM_132637,FBgn0030460,FBgn0030460,9.71185770750988,FBgn0030460
rna-NM_078589.4,113,5997,0.018842754710688678,NM_078589,FBgn0265630,FBgn0265630,27.42687747035573,FBgn0265630
rna-NM_001103497.2,122,6315,0.01931908155186065,NM_001103497,FBgn0265630,FBgn0265630,27.42687747035573,FBgn0265630
rna-NM_001272573.2,48,1830,0.02622950819672131,NM_001272573,FBgn0029133,FBgn0029133,320.99209486166006,FBgn0029133
rna-NM_132638.4,43,1370,0.031386861313868614,NM_132638,FBgn0029133,FBgn0029133,320.99209486166006,FBgn0029133
rna-NM_078590.3,253,5001,0.05058988202359528,NM_078590,FBgn0004456,FBgn0004456,32.032806324110666,FBgn0004456
rna-NM_167354.2,174,3863,0.04504271291742169,NM_167354,FBgn0004456,FBgn0004456,32.032806324110666,FBgn0004456
rna-NM_001272574.1,174,3863,0.04504271291742169,NM_001272574,FBgn0004456,FBgn0004456,32.032806324110666,FBgn0004456
rna-NM_001298267.1,218,4254,0.05124588622472966,NM_001298267,FBgn0004456,FBgn0004456,32.032806324110666,FBgn0004456
rna-NM_001272575.2,219,4281,0.051156271899089,NM_001272575,FBgn0004456,FBgn0004456,32.032806324110666,FBgn0004456
rna-NM_001272576.2,220,4350,0.05057471264367816,NM_001272576,FBgn0004456,FBgn0004456,32.032806324110666,FBgn0004456
rna-NM_080138.4,170,3087,0.0550696469063816,NM_080138,FBgn0000346,FBgn0000346,2.0177865612648276,FBgn0000346
rna-NM_001272577.2,162,3024,0.05357142857142857,NM_001272577,FBgn0000346,FBgn0000346,2.0177865612648276,FBgn0000346
rna-NM_001272578.2,300,6876,0.04363001745200698,NM_001272578,FBgn0041210,FBgn0041210,66.0909090909091,FBgn0041210
rna-NM_001272581.2,271,6248,0.04337387964148528,NM_001272581,FBgn0041210,FBgn0041210,66.0909090909091,FBgn0041210
rna-NM_132640.6,275,6312,0.04356780735107731,NM_132640,FBgn0041210,FBgn0041210,66.0909090909091,FBgn0041210
rna-NM_001272580.2,277,6559,0.04223204756822686,NM_001272580,FBgn0041210,FBgn0041210,66.0909090909091,FBgn0041210
rna-NM_001272579.2,280,6510,0.043010752688172046,NM_001272579,FBgn0041210,FBgn0041210,66.0909090909091,FBgn0041210
rna-NM_001014736.5,219,5299,0.04132855255708624,NM_001014736,FBgn0041210,FBgn0041210,66.0909090909091,FBgn0041210
rna-NM_001258722.3,220,5487,0.04009476945507563,NM_001258722,FBgn0041210,FBgn0041210,66.0909090909091,FBgn0041210
rna-NM_167356.3,224,5182,0.043226553454264766,NM_167356,FBgn0041210,FBgn0041210,66.0909090909091,FBgn0041210
rna-NM_001298268.1,71,1959,0.03624298111281266,NM_001298268,FBgn0030465,FBgn0030465,56.49802371541502,FBgn0030465
rna-NM_132641.2,58,1650,0.03515151515151515,NM_132641,FBgn0030465,FBgn0030465,56.49802371541502,FBgn0030465
rna-NM_001272582.1,48,1450,0.03310344827586207,NM_001272582,FBgn0030465,FBgn0030465,56.49802371541502,FBgn0030465
rna-NM_132642.3,329,6261,0.05254751637118671,NM_132642,FBgn0030466,FBgn0030466,50.51778656126482,FBgn0030466
rna-NM_001298269.1,109,1780,0.06123595505617978,NM_001298269,FBgn0030467,FBgn0030467,37.21739130434783,FBgn0030467
rna-NM_132643.3,97,1395,0.06953405017921147,NM_132643,FBgn0030467,FBgn0030467,37.21739130434783,FBgn0030467
rna-NM_001298270.1,59,1987,0.029693004529441368,NM_001298270,FBgn0030468,FBgn0030468,526.2845849802371,FBgn0030468
rna-NM_001272583.2,49,1693,0.028942705256940343,NM_001272583,FBgn0030468,FBgn0030468,526.2845849802371,FBgn0030468
rna-NM_132644.3,49,1682,0.029131985731272295,NM_132644,FBgn0030468,FBgn0030468,526.2845849802371,FBgn0030468
rna-NM_001298274.1,63,1080,0.058333333333333334,NM_001298274,FBgn0040309,FBgn0040309,620.4150197628459,FBgn0040309
rna-NM_167359.2,59,1014,0.05818540433925049,NM_167359,FBgn0040309,FBgn0040309,620.4150197628459,FBgn0040309
rna-NM_058162.3,59,1010,0.05841584158415842,NM_058162,FBgn0040309,FBgn0040309,620.4150197628459,FBgn0040309
rna-NM_001298273.1,58,1051,0.05518553758325404,NM_001298273,FBgn0040309,FBgn0040309,620.4150197628459,FBgn0040309
rna-NM_001298275.1,54,976,0.055327868852459015,NM_001298275,FBgn0040309,FBgn0040309,620.4150197628459,FBgn0040309
rna-NM_079970.6,51,877,0.05815279361459521,NM_079970,FBgn0010198,FBgn0010198,963.1462450592885,FBgn0010198
rna-NM_167362.3,43,737,0.05834464043419267,NM_167362,FBgn0010198,FBgn0010198,963.1462450592885,FBgn0010198
rna-NM_001169267.2,39,674,0.057863501483679525,NM_001169267,FBgn0010198,FBgn0010198,963.1462450592885,FBgn0010198
rna-NM_167360.3,39,678,0.05752212389380531,NM_167360,FBgn0010198,FBgn0010198,963.1462450592885,FBgn0010198
rna-NM_167363.3,41,741,0.0553306342780027,NM_167363,FBgn0010198,FBgn0010198,963.1462450592885,FBgn0010198
rna-NM_167364.2,153,2626,0.05826351865955826,NM_167364,FBgn0030474,FBgn0030474,88.10671936758894,FBgn0030474
rna-NM_001298276.1,149,2536,0.05875394321766562,NM_001298276,FBgn0030474,FBgn0030474,88.10671936758894,FBgn0030474
rna-NM_078591.3,19,1282,0.014820592823712949,NM_078591,FBgn0030477,FBgn0030477,0.9102766798418974,FBgn0030477
rna-NM_167365.1,48,2488,0.01929260450160772,NM_167365,FBgn0030478,FBgn0030478,145.4189723320158,FBgn0030478
rna-NM_167369.2,66,2823,0.023379383634431455,NM_167369,FBgn0030478,FBgn0030478,145.4189723320158,FBgn0030478
rna-NM_132651.3,61,2664,0.0228978978978979,NM_132651,FBgn0030478,FBgn0030478,145.4189723320158,FBgn0030478
rna-NM_167366.2,57,2558,0.022283033620015637,NM_167366,FBgn0030478,FBgn0030478,145.4189723320158,FBgn0030478
rna-NM_167367.2,54,2511,0.021505376344086023,NM_167367,FBgn0030478,FBgn0030478,145.4189723320158,FBgn0030478
rna-NM_167368.2,49,2357,0.02078913873568095,NM_167368,FBgn0030478,FBgn0030478,145.4189723320158,FBgn0030478
rna-NM_001298277.1,48,2329,0.020609703735508803,NM_001298277,FBgn0030478,FBgn0030478,145.4189723320158,FBgn0030478
rna-NM_001298278.1,23,1456,0.015796703296703296,NM_001298278,FBgn0030479,FBgn0030479,123.86166007905139,FBgn0030479
rna-NM_132652.4,13,917,0.014176663031624863,NM_132652,FBgn0030479,FBgn0030479,123.86166007905139,FBgn0030479
rna-NM_001201656.2,32,2452,0.013050570962479609,NM_001201656,FBgn0030479,FBgn0030479,123.86166007905139,FBgn0030479
rna-NM_132653.2,9,516,0.01744186046511628,NM_132653,FBgn0030480,FBgn0030480,19.537549407114625,FBgn0030480
rna-NM_001298279.1,8,461,0.01735357917570499,NM_001298279,FBgn0030480,FBgn0030480,19.537549407114625,FBgn0030480
rna-NM_132654.4,16,1136,0.014084507042253521,NM_132654,FBgn0288857,FBgn0288857,12.446640316205533,FBgn0288857
rna-NM_001038752.2,18,1293,0.013921113689095127,NM_001038752,FBgn0288857,FBgn0288857,12.446640316205533,FBgn0288857
rna-NM_132655.3,24,1282,0.0187207488299532,NM_132655,FBgn0030481,FBgn0030481,31.557312252964426,FBgn0030481
rna-NM_001298280.1,26,1603,0.016219588271990017,NM_001298280,FBgn0030481,FBgn0030481,31.557312252964426,FBgn0030481
rna-NM_132656.2,132,2510,0.05258964143426295,NM_132656,FBgn0030482,FBgn0030482,22.703557312252965,FBgn0030482
rna-NM_132658.2,7,1220,0.005737704918032787,NM_132658,FBgn0030484,FBgn0030484,0.8031620553359683,FBgn0030484
rna-NM_132660.4,297,7583,0.03916655677172623,NM_132660,FBgn0030486,FBgn0030486,36.92490118577075,FBgn0030486
rna-NM_001169269.2,289,7372,0.03920238741182854,NM_001169269,FBgn0030486,FBgn0030486,36.92490118577075,FBgn0030486
rna-NM_001272591.1,286,6036,0.04738237243207422,NM_001272591,FBgn0086674,FBgn0086674,68.05138339920948,FBgn0086674
rna-NM_001272592.1,179,4728,0.037859560067681895,NM_001272592,FBgn0086674,FBgn0086674,68.05138339920948,FBgn0086674
rna-NM_001272590.1,173,4534,0.03815615350683723,NM_001272590,FBgn0086674,FBgn0086674,68.05138339920948,FBgn0086674
rna-NM_001103503.2,104,3344,0.03110047846889952,NM_001103503,FBgn0086674,FBgn0086674,68.05138339920948,FBgn0086674
rna-NM_167374.3,97,2734,0.035479151426481344,NM_167374,FBgn0086674,FBgn0086674,68.05138339920948,FBgn0086674
rna-NM_001272589.1,97,2734,0.035479151426481344,NM_001272589,FBgn0086674,FBgn0086674,68.05138339920948,FBgn0086674
rna-NM_001258724.2,86,1629,0.05279312461632903,NM_001258724,FBgn0004169,FBgn0004169,12.328063241106719,FBgn0004169
rna-NM_001169273.2,83,1570,0.05286624203821656,NM_001169273,FBgn0004169,FBgn0004169,12.328063241106719,FBgn0004169
rna-NM_001272593.2,85,1597,0.053224796493425174,NM_001272593,FBgn0004169,FBgn0004169,12.328063241106719,FBgn0004169
rna-NM_167375.2,83,1573,0.052765416401780035,NM_167375,FBgn0004169,FBgn0004169,12.328063241106719,FBgn0004169
rna-NM_001258723.2,71,1453,0.048864418444597386,NM_001258723,FBgn0004169,FBgn0004169,12.328063241106719,FBgn0004169
rna-NM_001014739.2,72,1456,0.04945054945054945,NM_001014739,FBgn0004169,FBgn0004169,12.328063241106719,FBgn0004169
rna-NM_001169270.2,71,1456,0.048763736263736264,NM_001169270,FBgn0004169,FBgn0004169,12.328063241106719,FBgn0004169
rna-NM_001272595.2,78,1498,0.0520694259012016,NM_001272595,FBgn0004169,FBgn0004169,12.328063241106719,FBgn0004169
rna-NM_001272594.2,80,1522,0.052562417871222074,NM_001272594,FBgn0004169,FBgn0004169,12.328063241106719,FBgn0004169
rna-NM_001014738.3,80,1522,0.052562417871222074,NM_001014738,FBgn0004169,FBgn0004169,12.328063241106719,FBgn0004169
rna-NM_001169272.2,77,1501,0.051299133910726186,NM_001169272,FBgn0004169,FBgn0004169,12.328063241106719,FBgn0004169
rna-NM_001014737.2,80,1522,0.052562417871222074,NM_001014737,FBgn0004169,FBgn0004169,12.328063241106719,FBgn0004169
rna-NM_080349.3,80,1525,0.05245901639344262,NM_080349,FBgn0004169,FBgn0004169,12.328063241106719,FBgn0004169
rna-NM_001169271.2,79,1525,0.05180327868852459,NM_001169271,FBgn0004169,FBgn0004169,12.328063241106719,FBgn0004169
rna-NM_001298284.1,71,1546,0.04592496765847348,NM_001298284,FBgn0004169,FBgn0004169,12.328063241106719,FBgn0004169
rna-NM_001298285.1,83,1696,0.04893867924528302,NM_001298285,FBgn0004169,FBgn0004169,12.328063241106719,FBgn0004169
rna-NM_167376.2,76,1684,0.04513064133016627,NM_167376,FBgn0004169,FBgn0004169,12.328063241106719,FBgn0004169
rna-NM_001298286.1,72,1413,0.050955414012738856,NM_001298286,FBgn0004169,FBgn0004169,12.328063241106719,FBgn0004169
rna-NM_167377.2,168,3279,0.05123513266239707,NM_167377,FBgn0030499,FBgn0030499,20.964822134387397,FBgn0030499
rna-NM_132673.3,150,3043,0.04929346040092014,NM_132673,FBgn0030499,FBgn0030499,20.964822134387397,FBgn0030499
rna-NM_132674.3,88,2200,0.04,NM_132674,FBgn0030500,FBgn0030500,11.254940711462446,FBgn0030500
rna-NM_132675.3,67,977,0.06857727737973388,NM_132675,FBgn0030501,FBgn0030501,37.134387351778656,FBgn0030501
rna-NM_001298287.1,191,3138,0.06086679413639261,NM_001298287,FBgn0030502,FBgn0030502,47.865612648221344,FBgn0030502
rna-NM_132676.4,186,2955,0.06294416243654823,NM_132676,FBgn0030502,FBgn0030502,47.865612648221344,FBgn0030502
rna-NM_001298288.1,82,1622,0.05055487053020962,NM_001298288,FBgn0030503,FBgn0030503,7.956521739130435,FBgn0030503
rna-NM_132677.4,72,1451,0.04962095106822881,NM_132677,FBgn0030503,FBgn0030503,7.956521739130435,FBgn0030503
rna-NM_001272596.1,62,1302,0.047619047619047616,NM_001272596,FBgn0030503,FBgn0030503,7.956521739130435,FBgn0030503
rna-NM_001258725.2,80,1547,0.051712992889463474,NM_001258725,FBgn0030503,FBgn0030503,7.956521739130435,FBgn0030503
rna-NM_001298289.1,240,4545,0.052805280528052806,NM_001298289,FBgn0030504,FBgn0030504,51.58498023715415,FBgn0030504
rna-NM_132678.3,235,4477,0.05249050703596158,NM_132678,FBgn0030504,FBgn0030504,51.58498023715415,FBgn0030504
rna-NM_078592.3,73,5870,0.012436115843270869,NM_078592,FBgn0030505,FBgn0030505,48.39920948616601,FBgn0030505
rna-NM_001272597.2,119,5781,0.020584673931845703,NM_001272597,FBgn0030505,FBgn0030505,48.39920948616601,FBgn0030505
rna-NM_001169275.2,73,5243,0.013923326339881748,NM_001169275,FBgn0030505,FBgn0030505,48.39920948616601,FBgn0030505
rna-NM_001298290.1,45,5049,0.008912655971479501,NM_001298290,FBgn0030505,FBgn0030505,48.39920948616601,FBgn0030505
rna-NM_001169274.2,59,5935,0.009941027801179444,NM_001169274,FBgn0030505,FBgn0030505,48.39920948616601,FBgn0030505
rna-NM_001103504.2,45,5651,0.007963192355335338,NM_001103504,FBgn0030505,FBgn0030505,48.39920948616601,FBgn0030505
rna-NM_001169276.3,90,6009,0.014977533699450823,NM_001169276,FBgn0030505,FBgn0030505,48.39920948616601,FBgn0030505
rna-NM_132679.3,215,3040,0.07072368421052631,NM_132679,FBgn0030506,FBgn0030506,15.388142292490114,FBgn0030506
rna-NM_001298291.1,72,1488,0.04838709677419355,NM_001298291,FBgn0030507,FBgn0030507,44.84189723320158,FBgn0030507
rna-NM_132680.3,62,1209,0.05128205128205128,NM_132680,FBgn0030507,FBgn0030507,44.84189723320158,FBgn0030507
rna-NM_132683.2,93,1805,0.05152354570637119,NM_132683,FBgn0030510,FBgn0030510,9.07588932806324,FBgn0030510
rna-NM_001298294.1,81,1509,0.0536779324055666,NM_001298294,FBgn0030510,FBgn0030510,9.07588932806324,FBgn0030510
rna-NM_001298293.1,52,1210,0.04297520661157025,NM_001298293,FBgn0030510,FBgn0030510,9.07588932806324,FBgn0030510
rna-NM_132684.3,84,1608,0.05223880597014925,NM_132684,FBgn0030511,FBgn0030511,4.926877470355733,FBgn0030511
rna-NM_167378.2,245,4375,0.056,NM_167378,FBgn0030512,FBgn0030512,91.36363636363636,FBgn0030512
rna-NM_132685.2,247,4321,0.0571626938208748,NM_132685,FBgn0030512,FBgn0030512,91.36363636363636,FBgn0030512
rna-NM_001298295.1,253,4320,0.05856481481481481,NM_001298295,FBgn0030512,FBgn0030512,91.36363636363636,FBgn0030512
rna-NM_132687.2,201,3113,0.06456794089302924,NM_132687,FBgn0030514,FBgn0030514,44.937944664031626,FBgn0030514
rna-NM_080170.4,212,4868,0.043549712407559574,NM_080170,FBgn0002878,FBgn0002878,26.830434782608712,FBgn0002878
rna-NM_001272599.1,199,4147,0.04798649626235833,NM_001272599,FBgn0001087,FBgn0001087,171.0909090909091,FBgn0001087
rna-NM_001272600.1,208,3993,0.052091159529176055,NM_001272600,FBgn0001087,FBgn0001087,171.0909090909091,FBgn0001087
rna-NM_080046.3,189,3853,0.04905268621853102,NM_080046,FBgn0001087,FBgn0001087,171.0909090909091,FBgn0001087
rna-NM_080180.4,226,3571,0.06328759451134136,NM_080180,FBgn0001612,FBgn0001612,27.07430830039527,FBgn0001612
rna-NM_001272601.1,66,913,0.07228915662650602,NM_001272601,FBgn0030518,FBgn0030518,12.928853754940711,FBgn0030518
rna-NM_132688.4,66,901,0.0732519422863485,NM_132688,FBgn0030518,FBgn0030518,12.928853754940711,FBgn0030518
rna-NM_132689.3,42,705,0.059574468085106386,NM_132689,FBgn0030519,FBgn0030519,124.13833992094861,FBgn0030519
rna-NM_001272602.1,67,1066,0.06285178236397748,NM_001272602,FBgn0030519,FBgn0030519,124.13833992094861,FBgn0030519
rna-NM_001272604.1,161,3008,0.05352393617021277,NM_001272604,FBgn0030520,FBgn0030520,858.3557312252965,FBgn0030520
rna-NM_001103507.3,174,3240,0.053703703703703705,NM_001103507,FBgn0030520,FBgn0030520,858.3557312252965,FBgn0030520
rna-NM_001272603.1,188,3426,0.05487448920023351,NM_001272603,FBgn0030520,FBgn0030520,858.3557312252965,FBgn0030520
rna-NM_132690.4,119,2368,0.05025337837837838,NM_132690,FBgn0030520,FBgn0030520,858.3557312252965,FBgn0030520
rna-NM_167381.3,32,595,0.05378151260504202,NM_167381,FBgn0052625,FBgn0052625,109.84189723320158,FBgn0052625
rna-NM_132691.4,68,1301,0.05226748654880861,NM_132691,FBgn0020909,FBgn0020909,15.482213438735178,FBgn0020909
rna-NM_001272605.2,252,7435,0.03389374579690652,NM_001272605,FBgn0003218,FBgn0003218,26.960869565217408,FBgn0003218
rna-NM_001014741.3,245,6965,0.035175879396984924,NM_001014741,FBgn0003218,FBgn0003218,26.960869565217408,FBgn0003218
rna-NM_167382.3,245,6945,0.035277177825773935,NM_167382,FBgn0003218,FBgn0003218,26.960869565217408,FBgn0003218
rna-NM_001014740.2,245,6907,0.035471261039525116,NM_001014740,FBgn0003218,FBgn0003218,26.960869565217408,FBgn0003218
rna-NM_001169280.3,167,4568,0.036558669001751316,NM_001169280,FBgn0003218,FBgn0003218,26.960869565217408,FBgn0003218
rna-NM_001169278.3,166,4529,0.03665268271141532,NM_001169278,FBgn0003218,FBgn0003218,26.960869565217408,FBgn0003218
rna-NM_001169279.3,165,4490,0.036748329621380846,NM_001169279,FBgn0003218,FBgn0003218,26.960869565217408,FBgn0003218
rna-NM_001169277.2,181,5305,0.03411875589066918,NM_001169277,FBgn0003218,FBgn0003218,26.960869565217408,FBgn0003218
rna-NM_001272606.1,156,4506,0.03462050599201065,NM_001272606,FBgn0003218,FBgn0003218,26.960869565217408,FBgn0003218
rna-NM_001298300.1,155,4352,0.03561580882352941,NM_001298300,FBgn0003218,FBgn0003218,26.960869565217408,FBgn0003218
rna-NM_078594.3,173,4573,0.0378307456811721,NM_078594,FBgn0003218,FBgn0003218,26.960869565217408,FBgn0003218
rna-NM_001272607.2,35,1594,0.021957340025094103,NM_001272607,FBgn0030521,FBgn0030521,176.17786561264822,FBgn0030521
rna-NM_132692.3,33,1425,0.023157894736842106,NM_132692,FBgn0030521,FBgn0030521,176.17786561264822,FBgn0030521
rna-NM_001038753.2,22,923,0.023835319609967497,NM_001038753,FBgn0030522,FBgn0030522,33.1897233201581,FBgn0030522
rna-NM_001144724.2,270,5698,0.04738504738504738,NM_001144724,FBgn0261244,FBgn0261244,61.5102766798419,FBgn0261244
rna-NM_001144723.2,238,5086,0.04679512386944554,NM_001144723,FBgn0261244,FBgn0261244,61.5102766798419,FBgn0261244
rna-NM_001298302.1,283,5973,0.04737987610915788,NM_001298302,FBgn0261244,FBgn0261244,61.5102766798419,FBgn0261244
rna-NM_001298301.1,237,5062,0.046819438956934016,NM_001298301,FBgn0261244,FBgn0261244,61.5102766798419,FBgn0261244
rna-NM_176727.3,283,5910,0.047884940778341795,NM_176727,FBgn0261244,FBgn0261244,61.5102766798419,FBgn0261244
rna-NM_176728.3,216,4004,0.053946053946053944,NM_176728,FBgn0261244,FBgn0261244,61.5102766798419,FBgn0261244
rna-NM_132699.3,40,1121,0.03568242640499554,NM_132699,FBgn0030528,FBgn0030528,8.830039525691681,FBgn0030528
rna-NM_132700.4,70,1839,0.03806416530723219,NM_132700,FBgn0030529,FBgn0030529,109.30830039525692,FBgn0030529
rna-NM_001272608.2,43,1349,0.03187546330615271,NM_001272608,FBgn0030529,FBgn0030529,109.30830039525692,FBgn0030529
rna-NM_132701.4,130,2786,0.046661880832735106,NM_132701,FBgn0027537,FBgn0027537,57.59683794466403,FBgn0027537
rna-NM_001298303.1,120,2893,0.041479433114414106,NM_001298303,FBgn0030530,FBgn0030530,26.755731225296447,FBgn0030530
rna-NM_001201657.2,105,2604,0.04032258064516129,NM_001201657,FBgn0030530,FBgn0030530,26.755731225296447,FBgn0030530
rna-NM_001201658.2,105,2619,0.04009163802978236,NM_001201658,FBgn0030530,FBgn0030530,26.755731225296447,FBgn0030530
rna-NM_132702.5,106,2634,0.040242976461655276,NM_132702,FBgn0030530,FBgn0030530,26.755731225296447,FBgn0030530
rna-NM_001258730.2,185,4679,0.03953836289805514,NM_001258730,FBgn0052626,FBgn0052626,41.90592885375494,FBgn0052626
rna-NM_167384.3,117,2879,0.04063911080236193,NM_167384,FBgn0052626,FBgn0052626,41.90592885375494,FBgn0052626
rna-NM_001298304.1,113,2810,0.0402135231316726,NM_001298304,FBgn0052626,FBgn0052626,41.90592885375494,FBgn0052626
rna-NM_167385.4,113,2814,0.04015636105188344,NM_167385,FBgn0052626,FBgn0052626,41.90592885375494,FBgn0052626
rna-NM_167386.2,85,2611,0.03255457679050172,NM_167386,FBgn0052626,FBgn0052626,41.90592885375494,FBgn0052626
rna-NM_001258731.2,85,2620,0.03244274809160305,NM_001258731,FBgn0052626,FBgn0052626,41.90592885375494,FBgn0052626
rna-NM_001298305.1,85,2647,0.032111824707215714,NM_001298305,FBgn0052626,FBgn0052626,41.90592885375494,FBgn0052626
rna-NM_001201659.1,85,2656,0.032003012048192774,NM_001201659,FBgn0052626,FBgn0052626,41.90592885375494,FBgn0052626
rna-NM_132703.3,103,3216,0.0320273631840796,NM_132703,FBgn0052626,FBgn0052626,41.90592885375494,FBgn0052626
rna-NM_001258734.2,116,2003,0.05791313030454318,NM_001258734,FBgn0000173,FBgn0000173,197.53359683794466,FBgn0000173
rna-NM_078595.3,113,1890,0.059788359788359786,NM_078595,FBgn0000173,FBgn0000173,197.53359683794466,FBgn0000173
rna-NM_001169281.2,43,852,0.05046948356807512,NM_001169281,FBgn0000173,FBgn0000173,197.53359683794466,FBgn0000173
rna-NM_001272611.2,107,1852,0.05777537796976242,NM_001272611,FBgn0000173,FBgn0000173,197.53359683794466,FBgn0000173
rna-NM_001272612.2,107,1810,0.05911602209944752,NM_001272612,FBgn0000173,FBgn0000173,197.53359683794466,FBgn0000173
rna-NM_078596.3,282,6351,0.044402456306093525,NM_078596,FBgn0004649,FBgn0004649,190.92529644268774,FBgn0004649
rna-NM_206710.2,282,6274,0.04494740197641058,NM_206710,FBgn0004649,FBgn0004649,190.92529644268774,FBgn0004649
rna-NM_132717.2,23,730,0.031506849315068496,NM_132717,FBgn0030545,FBgn0030545,43.11462450592885,FBgn0030545
rna-NM_132719.3,204,3880,0.05257731958762887,NM_132719,FBgn0026713,FBgn0026713,13.624505928853756,FBgn0026713
rna-NM_167396.2,87,1946,0.044707091469681395,NM_167396,FBgn0026713,FBgn0026713,13.624505928853756,FBgn0026713
rna-NM_001103510.2,130,2729,0.047636496885305975,NM_001103510,FBgn0040153,FBgn0040153,29.882608695652177,FBgn0040153
rna-NM_001272614.1,173,3709,0.04664330008088433,NM_001272614,FBgn0040153,FBgn0040153,29.882608695652177,FBgn0040153
rna-NM_167395.2,64,1761,0.03634298693923907,NM_167395,FBgn0040153,FBgn0040153,29.882608695652177,FBgn0040153
rna-NM_132720.2,48,1172,0.040955631399317405,NM_132720,FBgn0030551,FBgn0030551,84.39525691699605,FBgn0030551
rna-NM_078597.3,55,1399,0.039313795568263046,NM_078597,FBgn0030552,FBgn0030552,9.295256916996035,FBgn0030552
rna-NM_206711.3,184,4403,0.04178968884851238,NM_206711,FBgn0259166,FBgn0259166,28.53754940711464,FBgn0259166
rna-NM_206712.2,39,1352,0.028846153846153848,NM_206712,FBgn0259166,FBgn0259166,28.53754940711464,FBgn0259166
rna-NM_132723.3,156,2894,0.05390463026952315,NM_132723,FBgn0030555,FBgn0030555,14.903162055335967,FBgn0030555
rna-NM_001298308.1,114,2037,0.055964653902798235,NM_001298308,FBgn0030554,FBgn0030554,28.142292490118578,FBgn0030554
rna-NM_132722.3,104,1710,0.0608187134502924,NM_132722,FBgn0030554,FBgn0030554,28.142292490118578,FBgn0030554
rna-NM_132724.3,154,2243,0.06865804725813643,NM_132724,FBgn0030556,FBgn0030556,161.01185770750988,FBgn0030556
rna-NM_001258736.2,578,8643,0.06687492768714566,NM_001258736,FBgn0002873,FBgn0002873,89.56521739130434,FBgn0002873
rna-NM_167399.6,567,8457,0.06704505143667967,NM_167399,FBgn0002873,FBgn0002873,89.56521739130434,FBgn0002873
rna-NM_001258737.2,480,7097,0.06763421163872059,NM_001258737,FBgn0002873,FBgn0002873,89.56521739130434,FBgn0002873
rna-NM_167400.5,509,7938,0.06412194507432603,NM_167400,FBgn0002873,FBgn0002873,89.56521739130434,FBgn0002873
rna-NM_001272616.1,557,8259,0.06744157888364209,NM_001272616,FBgn0002873,FBgn0002873,89.56521739130434,FBgn0002873
rna-NM_080495.6,421,6286,0.06697422844416163,NM_080495,FBgn0002873,FBgn0002873,89.56521739130434,FBgn0002873
rna-NM_001272615.2,418,6223,0.06717017515667685,NM_001272615,FBgn0002873,FBgn0002873,89.56521739130434,FBgn0002873
rna-NM_176729.3,20,841,0.023781212841854936,NM_176729,FBgn0030571,FBgn0030571,37.15810276679842,FBgn0030571
rna-NM_001298311.1,18,849,0.02120141342756184,NM_001298311,FBgn0030571,FBgn0030571,37.15810276679842,FBgn0030571
rna-NM_167410.4,18,825,0.02181818181818182,NM_167410,FBgn0030571,FBgn0030571,37.15810276679842,FBgn0030571
rna-NM_132736.3,18,779,0.023106546854942234,NM_132736,FBgn0030571,FBgn0030571,37.15810276679842,FBgn0030571
rna-NM_078598.2,36,641,0.056162246489859596,NM_078598,FBgn0030572,FBgn0030572,8.101976284584973,FBgn0030572
rna-NM_132737.2,52,864,0.06018518518518518,NM_132737,FBgn0030573,FBgn0030573,2.949011857707518,FBgn0030573
rna-NM_001298314.1,123,3339,0.036837376460017966,NM_001298314,FBgn0015773,FBgn0015773,6.1106719367588935,FBgn0015773
rna-NM_078599.5,121,3245,0.03728813559322034,NM_078599,FBgn0015773,FBgn0015773,6.1106719367588935,FBgn0015773
rna-NM_001258738.2,121,3249,0.03724222837796245,NM_001258738,FBgn0015773,FBgn0015773,6.1106719367588935,FBgn0015773
rna-NM_001169284.2,479,7926,0.06043401463537724,NM_001169284,FBgn0015774,FBgn0015774,4.188537549407115,FBgn0015774
rna-NM_001258740.2,398,6355,0.06262785208497246,NM_001258740,FBgn0015774,FBgn0015774,4.188537549407115,FBgn0015774
rna-NM_001169283.2,400,6415,0.06235385814497272,NM_001169283,FBgn0015774,FBgn0015774,4.188537549407115,FBgn0015774
rna-NM_001258739.2,400,6418,0.06232471174820817,NM_001258739,FBgn0015774,FBgn0015774,4.188537549407115,FBgn0015774
rna-NM_078600.4,403,6505,0.061952344350499615,NM_078600,FBgn0015774,FBgn0015774,4.188537549407115,FBgn0015774
rna-NM_001272617.1,407,6391,0.06368330464716007,NM_001272617,FBgn0015774,FBgn0015774,4.188537549407115,FBgn0015774
rna-NM_001169282.1,408,6412,0.06363069245165315,NM_001169282,FBgn0015774,FBgn0015774,4.188537549407115,FBgn0015774
rna-NM_167412.2,27,611,0.044189852700491,NM_167412,FBgn0266710,FBgn0266710,1.1442687747035563,FBgn0266710
rna-NM_001258743.3,443,8690,0.05097813578826237,NM_001258743,FBgn0003301,FBgn0003301,11.998418972332006,FBgn0003301
rna-NM_001272619.2,470,8963,0.0524377998438023,NM_001272619,FBgn0003301,FBgn0003301,11.998418972332006,FBgn0003301
rna-NM_001298317.1,472,9038,0.052223943350298736,NM_001298317,FBgn0003301,FBgn0003301,11.998418972332006,FBgn0003301
rna-NM_078601.4,480,9269,0.05178552163124393,NM_078601,FBgn0003301,FBgn0003301,11.998418972332006,FBgn0003301
rna-NM_001272621.2,381,7557,0.050416832076220726,NM_001272621,FBgn0003301,FBgn0003301,11.998418972332006,FBgn0003301
rna-NM_001272622.2,410,7905,0.05186590765338393,NM_001272622,FBgn0003301,FBgn0003301,11.998418972332006,FBgn0003301
rna-NM_001272620.2,457,8976,0.050913547237076646,NM_001272620,FBgn0003301,FBgn0003301,11.998418972332006,FBgn0003301
rna-NM_001298318.1,153,3227,0.04741245739076542,NM_001298318,FBgn0030581,FBgn0030581,33.767588932806326,FBgn0030581
rna-NM_132743.5,136,2961,0.04593042890915231,NM_132743,FBgn0030581,FBgn0030581,33.767588932806326,FBgn0030581
rna-NM_001298319.1,143,3029,0.04721030042918455,NM_001298319,FBgn0030581,FBgn0030581,33.767588932806326,FBgn0030581
rna-NM_167413.4,143,3036,0.04710144927536232,NM_167413,FBgn0030581,FBgn0030581,33.767588932806326,FBgn0030581
rna-NM_001144725.3,137,2997,0.045712379045712376,NM_001144725,FBgn0030581,FBgn0030581,33.767588932806326,FBgn0030581
rna-NM_132744.3,146,3433,0.04252840081561317,NM_132744,FBgn0030582,FBgn0030582,115.94466403162055,FBgn0030582
rna-NM_206713.3,146,3418,0.042715038033937974,NM_206713,FBgn0030582,FBgn0030582,115.94466403162055,FBgn0030582
rna-NM_001169285.2,120,3058,0.03924133420536298,NM_001169285,FBgn0030582,FBgn0030582,115.94466403162055,FBgn0030582
rna-NM_001169286.2,120,3043,0.03943476832073611,NM_001169286,FBgn0030582,FBgn0030582,115.94466403162055,FBgn0030582
rna-NM_132746.3,17,668,0.025449101796407185,NM_132746,FBgn0030584,FBgn0030584,13.276679841897232,FBgn0030584
rna-NM_167414.3,42,699,0.060085836909871244,NM_167414,FBgn0052590,FBgn0052590,9.087351778656126,FBgn0052590
rna-NM_001272624.2,164,3212,0.05105853051058531,NM_001272624,FBgn0264078,FBgn0264078,23.296442687747035,FBgn0264078
rna-NM_167416.3,152,2931,0.05185943364039577,NM_167416,FBgn0264078,FBgn0264078,23.296442687747035,FBgn0264078
rna-NM_167417.3,149,2892,0.05152143845089903,NM_167417,FBgn0264078,FBgn0264078,23.296442687747035,FBgn0264078
rna-NM_167415.3,148,2819,0.05250088683930472,NM_167415,FBgn0264078,FBgn0264078,23.296442687747035,FBgn0264078
rna-NM_001272625.2,145,2780,0.052158273381294966,NM_001272625,FBgn0264078,FBgn0264078,23.296442687747035,FBgn0264078
rna-NM_078602.4,145,2780,0.052158273381294966,NM_078602,FBgn0264078,FBgn0264078,23.296442687747035,FBgn0264078
rna-NM_001272623.2,116,2240,0.05178571428571429,NM_001272623,FBgn0264078,FBgn0264078,23.296442687747035,FBgn0264078
rna-NM_001272626.2,159,3160,0.05031645569620253,NM_001272626,FBgn0264078,FBgn0264078,23.296442687747035,FBgn0264078
rna-NM_167419.2,122,2602,0.04688700999231361,NM_167419,FBgn0264078,FBgn0264078,23.296442687747035,FBgn0264078
rna-NM_001169287.2,137,2762,0.049601737871107894,NM_001169287,FBgn0264078,FBgn0264078,23.296442687747035,FBgn0264078
rna-NM_167421.2,79,1811,0.04362230811706239,NM_167421,FBgn0264078,FBgn0264078,23.296442687747035,FBgn0264078
rna-NM_001169288.1,127,2429,0.052284890901605596,NM_001169288,FBgn0264078,FBgn0264078,23.296442687747035,FBgn0264078
rna-NM_001298325.1,139,2980,0.046644295302013423,NM_001298325,FBgn0030594,FBgn0030594,1.6407114624505932,FBgn0030594
rna-NM_132755.3,101,2342,0.04312553373185312,NM_132755,FBgn0030594,FBgn0030594,1.6407114624505932,FBgn0030594
rna-NM_132759.2,156,2524,0.061806656101426306,NM_132759,FBgn0030598,FBgn0030598,9.415019762845828,FBgn0030598
rna-NM_001201661.2,157,3407,0.04608159671265043,NM_001201661,FBgn0027601,FBgn0027601,142.1106719367589,FBgn0027601
rna-NM_001298328.1,127,2780,0.04568345323741007,NM_001298328,FBgn0027601,FBgn0027601,142.1106719367589,FBgn0027601
rna-NM_001258744.1,142,2980,0.0476510067114094,NM_001258744,FBgn0027601,FBgn0027601,142.1106719367589,FBgn0027601
rna-NM_132760.5,121,2534,0.04775059194948698,NM_132760,FBgn0027601,FBgn0027601,142.1106719367589,FBgn0027601
rna-NM_001298329.1,790,16734,0.047209274530895184,NM_001298329,FBgn0030600,FBgn0030600,3.615810276679844,FBgn0030600
rna-NM_078604.4,776,16177,0.04796933918526303,NM_078604,FBgn0030600,FBgn0030600,3.615810276679844,FBgn0030600
rna-NM_132762.4,233,4014,0.058046836073741906,NM_132762,FBgn0052594,FBgn0052594,23.09920948616601,FBgn0052594
rna-NM_167424.2,193,3240,0.0595679012345679,NM_167424,FBgn0052594,FBgn0052594,23.09920948616601,FBgn0052594
rna-NM_001258745.2,179,3069,0.05832518735744542,NM_001258745,FBgn0052594,FBgn0052594,23.09920948616601,FBgn0052594
rna-NM_206715.2,108,2514,0.04295942720763723,NM_206715,FBgn0030603,FBgn0030603,71.98063241106719,FBgn0030603
rna-NM_206714.2,105,2304,0.045572916666666664,NM_206714,FBgn0030603,FBgn0030603,71.98063241106719,FBgn0030603
rna-NM_001298331.1,27,751,0.03595206391478029,NM_001298331,FBgn0030605,FBgn0030605,121.03557312252964,FBgn0030605
rna-NM_001298330.1,25,943,0.026511134676564158,NM_001298330,FBgn0030605,FBgn0030605,121.03557312252964,FBgn0030605
rna-NM_132765.2,19,565,0.033628318584070796,NM_132765,FBgn0030605,FBgn0030605,121.03557312252964,FBgn0030605
rna-NM_167427.2,60,1533,0.03913894324853229,NM_167427,FBgn0264389,FBgn0264389,89.699604743083,FBgn0264389
rna-NM_132766.3,36,917,0.03925845147219193,NM_132766,FBgn0264389,FBgn0264389,89.699604743083,FBgn0264389
rna-NM_132767.3,36,1855,0.01940700808625337,NM_132767,FBgn0030607,FBgn0030607,26.966403162055343,FBgn0030607
rna-NM_001298333.1,121,4598,0.02631578947368421,NM_001298333,FBgn0030608,FBgn0030608,135.80355731225293,FBgn0030608
rna-NM_001042811.2,63,2097,0.030042918454935622,NM_001042811,FBgn0030608,FBgn0030608,135.80355731225293,FBgn0030608
rna-NM_001042812.2,66,2279,0.028960070206230804,NM_001042812,FBgn0030608,FBgn0030608,135.80355731225293,FBgn0030608
rna-NM_132768.3,63,2148,0.029329608938547486,NM_132768,FBgn0030608,FBgn0030608,135.80355731225293,FBgn0030608
rna-NM_001298332.1,66,2330,0.02832618025751073,NM_001298332,FBgn0030608,FBgn0030608,135.80355731225293,FBgn0030608
rna-NM_132770.2,25,521,0.04798464491362764,NM_132770,FBgn0030610,FBgn0030610,9.83438735177863,FBgn0030610
rna-NM_132771.3,45,602,0.07475083056478406,NM_132771,FBgn0030611,FBgn0030611,7.478260869565218,FBgn0030611
rna-NM_132772.4,128,1872,0.06837606837606838,NM_132772,FBgn0030612,FBgn0030612,63.937944664031626,FBgn0030612
rna-NM_001038756.2,197,3280,0.060060975609756095,NM_001038756,FBgn0260006,FBgn0260006,1.4644268774703584,FBgn0260006
rna-NM_132777.3,76,1296,0.05864197530864197,NM_132777,FBgn0030616,FBgn0030616,634.6166007905139,FBgn0030616
rna-NM_001272632.2,45,565,0.07964601769911504,NM_001272632,FBgn0030616,FBgn0030616,634.6166007905139,FBgn0030616
rna-NM_132778.2,239,4791,0.04988520141932791,NM_132778,FBgn0030617,FBgn0030617,4.372727272727273,FBgn0030617
rna-NM_001272633.2,239,4791,0.04988520141932791,NM_001272633,FBgn0030617,FBgn0030617,4.372727272727273,FBgn0030617
rna-NM_001298336.1,240,4809,0.049906425452276984,NM_001298336,FBgn0030617,FBgn0030617,4.372727272727273,FBgn0030617
rna-NM_001103514.2,296,5349,0.05533744625163582,NM_001103514,FBgn0030617,FBgn0030617,4.372727272727273,FBgn0030617
rna-NM_132786.4,128,3696,0.03463203463203463,NM_132786,FBgn0030625,FBgn0030625,18.193675889328063,FBgn0030625
rna-NM_001272634.2,99,3171,0.03122043519394513,NM_001272634,FBgn0030625,FBgn0030625,18.193675889328063,FBgn0030625
rna-NM_167434.3,120,2975,0.040336134453781515,NM_167434,FBgn0030625,FBgn0030625,18.193675889328063,FBgn0030625
rna-NM_078606.4,268,4265,0.06283704572098477,NM_078606,FBgn0004924,FBgn0004924,292.9328063241107,FBgn0004924
rna-NM_001014742.2,354,5325,0.06647887323943662,NM_001014742,FBgn0004924,FBgn0004924,292.9328063241107,FBgn0004924
rna-NM_001258750.2,318,4600,0.06913043478260869,NM_001258750,FBgn0004924,FBgn0004924,292.9328063241107,FBgn0004924
rna-NM_167435.3,136,2378,0.057190916736753576,NM_167435,FBgn0004924,FBgn0004924,292.9328063241107,FBgn0004924
rna-NM_001298338.1,260,3942,0.06595636732623034,NM_001298338,FBgn0004924,FBgn0004924,292.9328063241107,FBgn0004924
rna-NM_078607.3,104,2353,0.04419889502762431,NM_078607,FBgn0015926,FBgn0015926,300.15810276679844,FBgn0015926
rna-NM_001272639.2,104,2344,0.04436860068259386,NM_001272639,FBgn0015926,FBgn0015926,300.15810276679844,FBgn0015926
rna-NM_132788.4,165,2315,0.07127429805615551,NM_132788,FBgn0030628,FBgn0030628,6.36403162055336,FBgn0030628
rna-NM_132789.4,248,4483,0.05532009814856123,NM_132789,FBgn0026428,FBgn0026428,423.6679841897233,FBgn0026428
rna-NM_001272640.1,248,4483,0.05532009814856123,NM_001272640,FBgn0026428,FBgn0026428,423.6679841897233,FBgn0026428
rna-NM_001258751.1,204,3817,0.05344511396384595,NM_001258751,FBgn0026428,FBgn0026428,423.6679841897233,FBgn0026428
rna-NM_167437.2,216,4241,0.050931384107521814,NM_167437,FBgn0026428,FBgn0026428,423.6679841897233,FBgn0026428
rna-NM_167436.3,205,3848,0.05327442827442828,NM_167436,FBgn0026428,FBgn0026428,423.6679841897233,FBgn0026428
rna-NM_001258752.1,162,3272,0.049511002444987774,NM_001258752,FBgn0026428,FBgn0026428,423.6679841897233,FBgn0026428
rna-NM_001169289.2,191,3451,0.05534627644161113,NM_001169289,FBgn0026428,FBgn0026428,423.6679841897233,FBgn0026428
rna-NM_132790.3,85,1592,0.05339195979899498,NM_132790,FBgn0030629,FBgn0030629,4.25494071146245,FBgn0030629
rna-NM_132791.4,102,1616,0.06311881188118812,NM_132791,FBgn0030630,FBgn0030630,23.845849802371543,FBgn0030630
rna-NM_132792.3,260,4251,0.06116207951070336,NM_132792,FBgn0030631,FBgn0030631,34.58498023715415,FBgn0030631
rna-NM_001258755.2,231,4343,0.05318903983421598,NM_001258755,FBgn0000028,FBgn0000028,5.00197628458498,FBgn0000028
rna-NM_001014743.3,193,3518,0.05486071631608869,NM_001014743,FBgn0000028,FBgn0000028,5.00197628458498,FBgn0000028
rna-NM_001258754.2,149,2573,0.057909055577147296,NM_001258754,FBgn0000028,FBgn0000028,5.00197628458498,FBgn0000028
rna-NM_001258756.2,150,2579,0.05816207832493214,NM_001258756,FBgn0000028,FBgn0000028,5.00197628458498,FBgn0000028
rna-NM_001144726.2,152,2594,0.058596761757902856,NM_001144726,FBgn0000028,FBgn0000028,5.00197628458498,FBgn0000028
rna-NM_001258758.2,152,2630,0.05779467680608365,NM_001258758,FBgn0000028,FBgn0000028,5.00197628458498,FBgn0000028
rna-NM_001258760.2,153,2636,0.05804248861911988,NM_001258760,FBgn0000028,FBgn0000028,5.00197628458498,FBgn0000028
rna-NM_001258759.2,155,2651,0.05846850245190494,NM_001258759,FBgn0000028,FBgn0000028,5.00197628458498,FBgn0000028
rna-NM_001014744.2,150,2606,0.05755947812739831,NM_001014744,FBgn0000028,FBgn0000028,5.00197628458498,FBgn0000028
rna-NM_001258757.2,151,2612,0.05781010719754977,NM_001258757,FBgn0000028,FBgn0000028,5.00197628458498,FBgn0000028
rna-NM_167438.2,153,2627,0.05824133993148078,NM_167438,FBgn0000028,FBgn0000028,5.00197628458498,FBgn0000028
rna-NM_001258753.2,153,2663,0.05745399924896733,NM_001258753,FBgn0000028,FBgn0000028,5.00197628458498,FBgn0000028
rna-NM_080137.3,157,2690,0.058364312267657995,NM_080137,FBgn0000028,FBgn0000028,5.00197628458498,FBgn0000028
rna-NM_080182.3,102,1892,0.05391120507399577,NM_080182,FBgn0003132,FBgn0003132,1.1403162055335974,FBgn0003132
rna-NM_001258761.3,719,11700,0.061452991452991455,NM_001258761,FBgn0263257,FBgn0263257,0.7687747035573129,FBgn0263257
rna-NM_001258762.3,721,11745,0.06138782460621541,NM_001258762,FBgn0263257,FBgn0263257,0.7687747035573129,FBgn0263257
rna-NM_167441.5,719,11745,0.06121753937845892,NM_167441,FBgn0263257,FBgn0263257,0.7687747035573129,FBgn0263257
rna-NM_001370020.1,696,11134,0.06251122687264235,NM_001370020,FBgn0263257,FBgn0263257,0.7687747035573129,FBgn0263257
rna-NM_001272642.2,696,11134,0.06251122687264235,NM_001272642,FBgn0263257,FBgn0263257,0.7687747035573129,FBgn0263257
rna-NM_132794.5,263,5515,0.04768812330009066,NM_132794,FBgn0263257,FBgn0263257,0.7687747035573129,FBgn0263257
rna-NM_132796.3,116,1720,0.06744186046511629,NM_132796,FBgn0030638,FBgn0030638,3.6158102766798517,FBgn0030638
rna-NM_132797.3,404,6481,0.062336059250115726,NM_132797,FBgn0004391,FBgn0004391,58.612648221343875,FBgn0004391
rna-NM_001298343.1,79,1489,0.05305574210879785,NM_001298343,FBgn0030642,FBgn0030642,1.237154150197627,FBgn0030642
rna-NM_132800.2,65,1261,0.05154639175257732,NM_132800,FBgn0030642,FBgn0030642,1.237154150197627,FBgn0030642
rna-NM_132802.4,198,3484,0.05683122847301952,NM_132802,FBgn0026433,FBgn0026433,11.579446640316192,FBgn0026433
rna-NM_132803.2,27,696,0.03879310344827586,NM_132803,FBgn0030645,FBgn0030645,2.3162055335968468,FBgn0030645
rna-NM_132804.2,105,2349,0.04469987228607918,NM_132804,FBgn0267977,FBgn0267977,20.314624505928876,FBgn0267977
rna-NM_001272645.2,84,1831,0.045876570180229385,NM_001272645,FBgn0030648,FBgn0030648,22.450592885375492,FBgn0030648
rna-NM_167447.3,100,2177,0.045934772622875514,NM_167447,FBgn0030648,FBgn0030648,22.450592885375492,FBgn0030648
rna-NM_132806.4,84,1814,0.04630650496141125,NM_132806,FBgn0030648,FBgn0030648,22.450592885375492,FBgn0030648
rna-NM_167448.2,79,1346,0.058692421991084695,NM_167448,FBgn0030648,FBgn0030648,22.450592885375492,FBgn0030648
rna-NM_001370008.1,225,4899,0.04592774035517452,NM_001370008,FBgn0027287,FBgn0027287,47.32411067193676,FBgn0027287
rna-NM_176734.2,225,4899,0.04592774035517452,NM_176734,FBgn0027287,FBgn0027287,47.32411067193676,FBgn0027287
rna-NM_001298345.1,243,5007,0.048532055122828044,NM_001298345,FBgn0027287,FBgn0027287,47.32411067193676,FBgn0027287
rna-NM_176735.3,225,4707,0.04780114722753346,NM_176735,FBgn0027287,FBgn0027287,47.32411067193676,FBgn0027287
rna-NM_001014745.2,344,7170,0.04797768479776848,NM_001014745,FBgn0022710,FBgn0022710,19.679841897233203,FBgn0022710
rna-NM_001272646.2,367,7565,0.048512888301387974,NM_001272646,FBgn0022710,FBgn0022710,19.679841897233203,FBgn0022710
rna-NM_057951.3,302,6589,0.045833965700409776,NM_057951,FBgn0022710,FBgn0022710,19.679841897233203,FBgn0022710
rna-NM_132811.3,66,1377,0.04793028322440087,NM_132811,FBgn0030653,FBgn0030653,1.7000000000000046,FBgn0030653
rna-NM_001298346.1,58,1204,0.04817275747508306,NM_001298346,FBgn0030653,FBgn0030653,1.7000000000000046,FBgn0030653
rna-NM_176736.2,61,1692,0.03605200945626478,NM_176736,FBgn0030654,FBgn0030654,4.43913043478259,FBgn0030654
rna-NM_001298347.1,42,1411,0.029766123316796598,NM_001298347,FBgn0030654,FBgn0030654,4.43913043478259,FBgn0030654
rna-NM_176737.3,82,2342,0.035012809564474806,NM_176737,FBgn0030655,FBgn0030655,18.790513833992094,FBgn0030655
rna-NM_001298348.1,71,2159,0.03288559518295507,NM_001298348,FBgn0030655,FBgn0030655,18.790513833992094,FBgn0030655
rna-NM_001298349.1,39,1141,0.03418054338299737,NM_001298349,FBgn0030657,FBgn0030657,30.52173913043478,FBgn0030657
rna-NM_167453.3,34,952,0.03571428571428571,NM_167453,FBgn0030657,FBgn0030657,30.52173913043478,FBgn0030657
rna-NM_132815.3,34,968,0.03512396694214876,NM_132815,FBgn0030657,FBgn0030657,30.52173913043478,FBgn0030657
rna-NM_132816.4,73,1653,0.044162129461584994,NM_132816,FBgn0030658,FBgn0030658,200.8181818181818,FBgn0030658
rna-NM_132817.2,54,1945,0.027763496143958868,NM_132817,FBgn0030659,FBgn0030659,11.731225296442684,FBgn0030659
rna-NM_001298350.1,72,1903,0.03783499737256963,NM_001298350,FBgn0030660,FBgn0030660,32.66126482213439,FBgn0030660
rna-NM_132818.4,70,1672,0.041866028708133975,NM_132818,FBgn0030660,FBgn0030660,32.66126482213439,FBgn0030660
rna-NM_206717.3,50,3912,0.01278118609406953,NM_206717,FBgn0030662,FBgn0030662,1.4873517786561266,FBgn0030662
rna-NM_001298351.1,44,3529,0.012468121280816095,NM_001298351,FBgn0030662,FBgn0030662,1.4873517786561266,FBgn0030662
rna-NM_001272649.2,239,5816,0.04109353507565337,NM_001272649,FBgn0003463,FBgn0003463,121.16679841897233,FBgn0003463
rna-NM_001272647.2,214,4841,0.04420574261516216,NM_001272647,FBgn0003463,FBgn0003463,121.16679841897233,FBgn0003463
rna-NM_057388.4,195,4523,0.04311297811187265,NM_057388,FBgn0003463,FBgn0003463,121.16679841897233,FBgn0003463
rna-NM_132825.4,2,1530,0.00130718954248366,NM_132825,FBgn0030668,FBgn0030668,2.7454545454545487,FBgn0030668
rna-NM_001298353.1,2,1809,0.001105583195135434,NM_001298353,FBgn0030668,FBgn0030668,2.7454545454545487,FBgn0030668
rna-NM_001298361.1,172,16606,0.010357702035408888,NM_001298361,FBgn0030674,FBgn0030674,27.59683794466403,FBgn0030674
rna-NM_001298363.1,172,16537,0.010400919150994739,NM_001298363,FBgn0030674,FBgn0030674,27.59683794466403,FBgn0030674
rna-NM_001298362.1,172,16504,0.010421715947649055,NM_001298362,FBgn0030674,FBgn0030674,27.59683794466403,FBgn0030674
rna-NM_001298359.1,172,16609,0.010355831175868505,NM_001298359,FBgn0030674,FBgn0030674,27.59683794466403,FBgn0030674
rna-NM_001298364.1,149,16012,0.009305520859355484,NM_001298364,FBgn0030674,FBgn0030674,27.59683794466403,FBgn0030674
rna-NM_132831.2,149,16147,0.009227720319564005,NM_132831,FBgn0030674,FBgn0030674,27.59683794466403,FBgn0030674
rna-NM_001298360.1,150,16168,0.009277585353785254,NM_001298360,FBgn0030674,FBgn0030674,27.59683794466403,FBgn0030674
rna-NM_132832.3,95,1486,0.0639300134589502,NM_132832,FBgn0030675,FBgn0030675,18.4399209486166,FBgn0030675
rna-NM_132833.3,44,618,0.07119741100323625,NM_132833,FBgn0030676,FBgn0030676,1.0557312252964415,FBgn0030676
rna-NM_001272650.1,49,783,0.06257982120051085,NM_001272650,FBgn0026666,FBgn0026666,10.008300395256914,FBgn0026666
rna-NM_132834.2,49,780,0.06282051282051282,NM_132834,FBgn0026666,FBgn0026666,10.008300395256914,FBgn0026666
rna-NM_078610.3,90,1347,0.066815144766147,NM_078610,FBgn0011741,FBgn0011741,60.14229249011858,FBgn0011741
rna-NM_132835.3,88,1462,0.060191518467852256,NM_132835,FBgn0030678,FBgn0030678,10.873913043478261,FBgn0030678
rna-NM_001298365.1,63,1188,0.05303030303030303,NM_001298365,FBgn0030679,FBgn0030679,81.33596837944664,FBgn0030679
rna-NM_132836.3,56,1013,0.055281342546890426,NM_132836,FBgn0030679,FBgn0030679,81.33596837944664,FBgn0030679
rna-NM_132837.3,264,4350,0.060689655172413794,NM_132837,FBgn0030680,FBgn0030680,133.1897233201581,FBgn0030680
rna-NM_132838.3,85,1924,0.04417879417879418,NM_132838,FBgn0027329,FBgn0027329,409.4624505928854,FBgn0027329
rna-NM_001298366.1,156,2055,0.07591240875912408,NM_001298366,FBgn0030683,FBgn0030683,30.007905138339922,FBgn0030683
rna-NM_132840.5,103,1538,0.06697009102730819,NM_132840,FBgn0030683,FBgn0030683,30.007905138339922,FBgn0030683
rna-NM_206722.2,193,3987,0.04840732380235766,NM_206722,FBgn0030685,FBgn0030685,56.15415019762846,FBgn0030685
rna-NM_132842.3,200,4077,0.04905567819475104,NM_132842,FBgn0030685,FBgn0030685,56.15415019762846,FBgn0030685
rna-NM_001298367.1,200,4104,0.04873294346978557,NM_001298367,FBgn0030685,FBgn0030685,56.15415019762846,FBgn0030685
rna-NM_206720.2,216,4362,0.04951856946354883,NM_206720,FBgn0030685,FBgn0030685,56.15415019762846,FBgn0030685
rna-NM_206718.2,216,4389,0.04921394395078606,NM_206718,FBgn0030685,FBgn0030685,56.15415019762846,FBgn0030685
rna-NM_206719.2,207,4304,0.04809479553903346,NM_206719,FBgn0030685,FBgn0030685,56.15415019762846,FBgn0030685
rna-NM_206721.2,207,4331,0.04779496652043408,NM_206721,FBgn0030685,FBgn0030685,56.15415019762846,FBgn0030685
rna-NM_078611.4,72,1243,0.057924376508447305,NM_078611,FBgn0030686,FBgn0030686,12.795256916996044,FBgn0030686
rna-NM_001103517.3,305,4420,0.06900452488687783,NM_001103517,FBgn0030687,FBgn0030687,5.464822134387321,FBgn0030687
rna-NM_176738.2,185,3205,0.057722308892355696,NM_176738,FBgn0053172,FBgn0053172,16.454150197628458,FBgn0053172
rna-NM_176739.3,352,5174,0.06803247004252029,NM_176739,FBgn0263747,FBgn0263747,1.1446640316205543,FBgn0263747
rna-NM_080350.4,44,1435,0.030662020905923345,NM_080350,FBgn0025809,FBgn0025809,261.30434782608694,FBgn0025809
rna-NM_167461.2,45,1507,0.029860650298606503,NM_167461,FBgn0025809,FBgn0025809,261.30434782608694,FBgn0025809
rna-NM_001298368.1,74,2078,0.0356111645813282,NM_001298368,FBgn0030692,FBgn0030692,60.41501976284585,FBgn0030692
rna-NM_078612.4,70,1829,0.03827227993439038,NM_078612,FBgn0030692,FBgn0030692,60.41501976284585,FBgn0030692
rna-NM_206724.2,105,2536,0.04140378548895899,NM_206724,FBgn0026374,FBgn0026374,2.5782608695652174,FBgn0026374
rna-NM_078613.4,102,2381,0.04283914321713566,NM_078613,FBgn0026374,FBgn0026374,2.5782608695652174,FBgn0026374
rna-NM_206726.2,63,1280,0.04921875,NM_206726,FBgn0030693,FBgn0030693,64.41501976284584,FBgn0030693
rna-NM_206725.2,67,1317,0.05087319665907365,NM_206725,FBgn0030693,FBgn0030693,64.41501976284584,FBgn0030693
rna-NM_167463.3,70,1389,0.0503959683225342,NM_167463,FBgn0030693,FBgn0030693,64.41501976284584,FBgn0030693
rna-NM_132848.4,80,1734,0.0461361014994233,NM_132848,FBgn0030693,FBgn0030693,64.41501976284584,FBgn0030693
rna-NM_167462.3,73,1472,0.049592391304347824,NM_167462,FBgn0030693,FBgn0030693,64.41501976284584,FBgn0030693
rna-NM_001103518.3,88,1345,0.0654275092936803,NM_001103518,FBgn0052581,FBgn0052581,46.74703557312253,FBgn0052581
rna-NM_167464.4,97,1428,0.06792717086834733,NM_167464,FBgn0052581,FBgn0052581,46.74703557312253,FBgn0052581
rna-NM_001298369.1,61,1342,0.045454545454545456,NM_001298369,FBgn0030694,FBgn0030694,9.223320158102759,FBgn0030694
rna-NM_132849.3,44,1172,0.03754266211604096,NM_132849,FBgn0030694,FBgn0030694,9.223320158102759,FBgn0030694
rna-NM_001258766.3,120,2073,0.05788712011577424,NM_001258766,FBgn0030695,FBgn0030695,14.214229249011838,FBgn0030695
rna-NM_132850.4,67,1398,0.04792560801144492,NM_132850,FBgn0030695,FBgn0030695,14.214229249011838,FBgn0030695
rna-NM_001316637.1,258,6005,0.04296419650291424,NM_001316637,FBgn0003345,FBgn0003345,13.755335968379446,FBgn0003345
rna-NM_001258767.2,203,4045,0.05018541409147095,NM_001258767,FBgn0003345,FBgn0003345,13.755335968379446,FBgn0003345
rna-NM_001258772.2,188,3781,0.04972229568897117,NM_001258772,FBgn0003345,FBgn0003345,13.755335968379446,FBgn0003345
rna-NM_001258773.2,171,3355,0.05096870342771982,NM_001258773,FBgn0003345,FBgn0003345,13.755335968379446,FBgn0003345
rna-NM_001103519.3,166,3288,0.05048661800486618,NM_001103519,FBgn0003345,FBgn0003345,13.755335968379446,FBgn0003345
rna-NM_001258768.1,171,3113,0.05493093478959203,NM_001258768,FBgn0003345,FBgn0003345,13.755335968379446,FBgn0003345
rna-NM_001298370.1,146,2666,0.05476369092273068,NM_001298370,FBgn0003345,FBgn0003345,13.755335968379446,FBgn0003345
rna-NM_001382196.1,231,5331,0.04333145751266179,NM_001382196,FBgn0003345,FBgn0003345,13.755335968379446,FBgn0003345
rna-NM_001258770.3,231,5331,0.04333145751266179,NM_001258770,FBgn0003345,FBgn0003345,13.755335968379446,FBgn0003345
rna-NM_001258771.3,173,3471,0.049841544223566694,NM_001258771,FBgn0003345,FBgn0003345,13.755335968379446,FBgn0003345
rna-NM_078614.5,167,3194,0.05228553537883532,NM_078614,FBgn0003345,FBgn0003345,13.755335968379446,FBgn0003345
rna-NM_001103520.3,174,3252,0.05350553505535055,NM_001103520,FBgn0003345,FBgn0003345,13.755335968379446,FBgn0003345
rna-NM_001169290.2,171,3237,0.05282669138090825,NM_001169290,FBgn0003345,FBgn0003345,13.755335968379446,FBgn0003345
rna-NM_001103522.3,167,3139,0.05320165657852819,NM_001103522,FBgn0003345,FBgn0003345,13.755335968379446,FBgn0003345
rna-NM_167465.3,139,2677,0.0519237952932387,NM_167465,FBgn0003345,FBgn0003345,13.755335968379446,FBgn0003345
rna-NM_001169291.2,176,3280,0.05365853658536585,NM_001169291,FBgn0003345,FBgn0003345,13.755335968379446,FBgn0003345
rna-NM_001103521.3,167,3047,0.05480800787659994,NM_001103521,FBgn0003345,FBgn0003345,13.755335968379446,FBgn0003345
rna-NM_001272654.2,173,3164,0.05467762326169406,NM_001272654,FBgn0003345,FBgn0003345,13.755335968379446,FBgn0003345
rna-NM_001272653.2,168,3076,0.054616384915474644,NM_001272653,FBgn0003345,FBgn0003345,13.755335968379446,FBgn0003345
rna-NM_001258769.2,127,2527,0.050257222002374355,NM_001258769,FBgn0003345,FBgn0003345,13.755335968379446,FBgn0003345
rna-NM_001272652.1,210,3670,0.05722070844686648,NM_001272652,FBgn0003345,FBgn0003345,13.755335968379446,FBgn0003345
rna-NM_206727.3,146,2841,0.051390355508623725,NM_206727,FBgn0003345,FBgn0003345,13.755335968379446,FBgn0003345
rna-NM_001103524.2,205,5577,0.036758113681190606,NM_001103524,FBgn0000319,FBgn0000319,94.13438735177866,FBgn0000319
rna-NM_001103523.2,207,5683,0.03642442371986627,NM_001103523,FBgn0000319,FBgn0000319,94.13438735177866,FBgn0000319
rna-NM_057694.3,207,5696,0.03634129213483146,NM_057694,FBgn0000319,FBgn0000319,94.13438735177866,FBgn0000319
rna-NM_001298371.1,210,5788,0.03628196268140981,NM_001298371,FBgn0000319,FBgn0000319,94.13438735177866,FBgn0000319
rna-NM_206729.2,210,5734,0.03662364841297523,NM_206729,FBgn0000319,FBgn0000319,94.13438735177866,FBgn0000319
rna-NM_206728.2,212,5793,0.03659589159330226,NM_206728,FBgn0000319,FBgn0000319,94.13438735177866,FBgn0000319
rna-NM_167466.2,207,5653,0.0366177251017159,NM_167466,FBgn0000319,FBgn0000319,94.13438735177866,FBgn0000319
rna-NM_132853.3,84,2135,0.03934426229508197,NM_132853,FBgn0027093,FBgn0027093,37.85770750988142,FBgn0027093
rna-NM_001298374.1,76,1847,0.04114780725500812,NM_001298374,FBgn0030699,FBgn0030699,9.498418972332015,FBgn0030699
rna-NM_132854.3,68,1615,0.042105263157894736,NM_132854,FBgn0030699,FBgn0030699,9.498418972332015,FBgn0030699
rna-NM_001298373.1,62,1474,0.04206241519674356,NM_001298373,FBgn0030699,FBgn0030699,9.498418972332015,FBgn0030699
rna-NM_079943.4,13,400,0.0325,NM_079943,FBgn0014391,FBgn0014391,183.38339920948616,FBgn0014391
rna-NM_167468.3,16,450,0.035555555555555556,NM_167468,FBgn0014391,FBgn0014391,183.38339920948616,FBgn0014391
rna-NM_001169292.2,93,2160,0.043055555555555555,NM_001169292,FBgn0026076,FBgn0026076,114.14229249011858,FBgn0026076
rna-NM_132855.4,93,2250,0.04133333333333333,NM_132855,FBgn0026076,FBgn0026076,114.14229249011858,FBgn0026076
rna-NM_206730.3,71,1677,0.042337507453786526,NM_206730,FBgn0026076,FBgn0026076,114.14229249011858,FBgn0026076
rna-NM_132856.2,37,1422,0.026019690576652602,NM_132856,FBgn0030700,FBgn0030700,11.197628458498023,FBgn0030700
rna-NM_206733.2,106,2865,0.03699825479930192,NM_206733,FBgn0002914,FBgn0002914,90.2094861660079,FBgn0002914
rna-NM_206734.2,101,2732,0.0369692532942899,NM_206734,FBgn0002914,FBgn0002914,90.2094861660079,FBgn0002914
rna-NM_078615.4,103,2808,0.03668091168091168,NM_078615,FBgn0002914,FBgn0002914,90.2094861660079,FBgn0002914
rna-NM_206731.2,108,2903,0.03720289355838787,NM_206731,FBgn0002914,FBgn0002914,90.2094861660079,FBgn0002914
rna-NM_001347758.1,42,1241,0.03384367445608381,NM_001347758,FBgn0065035,FBgn0065035,17.952569169960473,FBgn0065035
rna-NM_206735.2,39,1133,0.03442188879082083,NM_206735,FBgn0065035,FBgn0065035,17.952569169960473,FBgn0065035
rna-NM_206739.2,252,5087,0.04953803813642618,NM_206739,FBgn0001105,FBgn0001105,726.6363636363636,FBgn0001105
rna-NM_206736.2,256,5080,0.050393700787401574,NM_206736,FBgn0001105,FBgn0001105,726.6363636363636,FBgn0001105
rna-NM_206737.2,252,5321,0.04735951888742718,NM_206737,FBgn0001105,FBgn0001105,726.6363636363636,FBgn0001105
rna-NM_206738.3,86,1850,0.046486486486486484,NM_206738,FBgn0001105,FBgn0001105,726.6363636363636,FBgn0001105
rna-NM_080351.7,96,1921,0.04997397188964081,NM_080351,FBgn0001105,FBgn0001105,726.6363636363636,FBgn0001105
rna-NM_001316638.2,96,2391,0.04015056461731493,NM_001316638,FBgn0001105,FBgn0001105,726.6363636363636,FBgn0001105
rna-NM_080714.4,79,1443,0.05474705474705475,NM_080714,FBgn0001092,FBgn0001092,291.84189723320156,FBgn0001092
rna-NM_001272655.1,75,1377,0.054466230936819175,NM_001272655,FBgn0001092,FBgn0001092,291.84189723320156,FBgn0001092
rna-NM_001298375.1,145,3980,0.0364321608040201,NM_001298375,FBgn0030701,FBgn0030701,125.25296442687747,FBgn0030701
rna-NM_206740.3,146,4040,0.036138613861386136,NM_206740,FBgn0030701,FBgn0030701,125.25296442687747,FBgn0030701
rna-NM_001169293.2,145,4019,0.03607862652401095,NM_001169293,FBgn0030701,FBgn0030701,125.25296442687747,FBgn0030701
rna-NM_001369984.1,142,3852,0.03686396677050883,NM_001369984,FBgn0030701,FBgn0030701,125.25296442687747,FBgn0030701
rna-NM_132857.4,142,3852,0.03686396677050883,NM_132857,FBgn0030701,FBgn0030701,125.25296442687747,FBgn0030701
rna-NM_206741.3,141,3667,0.038451049904554134,NM_206741,FBgn0030701,FBgn0030701,125.25296442687747,FBgn0030701
rna-NM_001272656.2,331,8651,0.03826147266211999,NM_001272656,FBgn0260938,FBgn0260938,40.027667984189726,FBgn0260938
rna-NM_001272657.2,322,8256,0.039001937984496124,NM_001272657,FBgn0260938,FBgn0260938,40.027667984189726,FBgn0260938
rna-NM_001298376.1,329,8358,0.03936348408710218,NM_001298376,FBgn0260938,FBgn0260938,40.027667984189726,FBgn0260938
rna-NM_132858.3,329,8361,0.039349360124387035,NM_132858,FBgn0260938,FBgn0260938,40.027667984189726,FBgn0260938
rna-NM_001169294.2,47,1420,0.03309859154929577,NM_001169294,FBgn0030703,FBgn0030703,93.49407114624506,FBgn0030703
rna-NM_132859.4,48,1487,0.03227975790181574,NM_132859,FBgn0030703,FBgn0030703,93.49407114624506,FBgn0030703
rna-NM_001272658.1,48,1503,0.031936127744510975,NM_001272658,FBgn0030703,FBgn0030703,93.49407114624506,FBgn0030703
rna-NM_132860.4,21,959,0.021897810218978103,NM_132860,FBgn0030704,FBgn0030704,14.687351778656112,FBgn0030704
rna-NM_206742.1,114,3190,0.035736677115987464,NM_206742,FBgn0003392,FBgn0003392,131.90513833992094,FBgn0003392
rna-NM_206745.3,158,3990,0.039598997493734335,NM_206745,FBgn0003392,FBgn0003392,131.90513833992094,FBgn0003392
rna-NM_001272659.2,126,3712,0.03394396551724138,NM_001272659,FBgn0003392,FBgn0003392,131.90513833992094,FBgn0003392
rna-NM_001298377.1,122,3667,0.03326970275429506,NM_001298377,FBgn0003392,FBgn0003392,131.90513833992094,FBgn0003392
rna-NM_001169295.1,117,3380,0.03461538461538462,NM_001169295,FBgn0003392,FBgn0003392,131.90513833992094,FBgn0003392
rna-NM_167470.3,114,3300,0.034545454545454546,NM_167470,FBgn0003392,FBgn0003392,131.90513833992094,FBgn0003392
rna-NM_206743.2,113,3191,0.035412096521466624,NM_206743,FBgn0003392,FBgn0003392,131.90513833992094,FBgn0003392
rna-NM_001272660.2,184,4768,0.03859060402684564,NM_001272660,FBgn0003392,FBgn0003392,131.90513833992094,FBgn0003392
rna-NM_001042814.2,162,4321,0.037491321453367275,NM_001042814,FBgn0003392,FBgn0003392,131.90513833992094,FBgn0003392
rna-NM_001042813.2,162,4309,0.03759572986771873,NM_001042813,FBgn0003392,FBgn0003392,131.90513833992094,FBgn0003392
rna-NM_001169297.2,161,4198,0.03835159599809433,NM_001169297,FBgn0003392,FBgn0003392,131.90513833992094,FBgn0003392
rna-NM_167471.5,161,4180,0.038516746411483255,NM_167471,FBgn0003392,FBgn0003392,131.90513833992094,FBgn0003392
rna-NM_206744.3,157,3991,0.039338511651215234,NM_206744,FBgn0003392,FBgn0003392,131.90513833992094,FBgn0003392
rna-NM_001169296.1,110,3096,0.0355297157622739,NM_001169296,FBgn0003392,FBgn0003392,131.90513833992094,FBgn0003392
rna-NM_080114.4,154,3878,0.039711191335740074,NM_080114,FBgn0003392,FBgn0003392,131.90513833992094,FBgn0003392
rna-NM_078631.4,74,2145,0.0344988344988345,NM_078631,FBgn0010315,FBgn0010315,38.45889328063241,FBgn0010315
rna-NM_167472.3,88,2256,0.03900709219858156,NM_167472,FBgn0010315,FBgn0010315,38.45889328063241,FBgn0010315
rna-NM_167473.2,98,2453,0.03995108030982471,NM_167473,FBgn0010315,FBgn0010315,38.45889328063241,FBgn0010315
rna-NM_001201666.2,181,3950,0.04582278481012658,NM_001201666,FBgn0053180,FBgn0053180,23.731225296442688,FBgn0053180
rna-NM_001298379.1,177,3707,0.047747504720798487,NM_001298379,FBgn0053180,FBgn0053180,23.731225296442688,FBgn0053180
rna-NM_176740.4,174,3515,0.049502133712660025,NM_176740,FBgn0053180,FBgn0053180,23.731225296442688,FBgn0053180
rna-NM_001201667.2,177,3755,0.047137150466045274,NM_001201667,FBgn0053180,FBgn0053180,23.731225296442688,FBgn0053180
rna-NM_001201665.2,177,3683,0.04805864784143361,NM_001201665,FBgn0053180,FBgn0053180,23.731225296442688,FBgn0053180
rna-NM_001201668.2,177,3577,0.04948280682135868,NM_001201668,FBgn0053180,FBgn0053180,23.731225296442688,FBgn0053180
rna-NM_206747.3,92,2141,0.04297057449789818,NM_206747,FBgn0045073,FBgn0045073,126.05138339920948,FBgn0045073
rna-NM_078633.4,97,2255,0.04301552106430155,NM_078633,FBgn0045073,FBgn0045073,126.05138339920948,FBgn0045073
rna-NM_001258774.2,101,2319,0.043553255713669685,NM_001258774,FBgn0045073,FBgn0045073,126.05138339920948,FBgn0045073
rna-NM_001298380.1,62,961,0.06451612903225806,NM_001298380,FBgn0045073,FBgn0045073,126.05138339920948,FBgn0045073
rna-NM_132863.4,117,2575,0.04543689320388349,NM_132863,FBgn0030710,FBgn0030710,30.636363636363637,FBgn0030710
rna-NM_001298381.1,36,1285,0.02801556420233463,NM_001298381,FBgn0030711,FBgn0030711,43.84584980237154,FBgn0030711
rna-NM_132864.2,25,842,0.029691211401425176,NM_132864,FBgn0030711,FBgn0030711,43.84584980237154,FBgn0030711
rna-NM_001258776.2,345,6718,0.05135456981244418,NM_001258776,FBgn0259110,FBgn0259110,0.7992094861660071,FBgn0259110
rna-NM_001272662.2,361,6914,0.05221290135956031,NM_001272662,FBgn0259110,FBgn0259110,0.7992094861660071,FBgn0259110
rna-NM_001272661.2,361,6898,0.05233400985792983,NM_001272661,FBgn0259110,FBgn0259110,0.7992094861660071,FBgn0259110
rna-NM_078634.7,375,7435,0.05043712172158709,NM_078634,FBgn0259110,FBgn0259110,0.7992094861660071,FBgn0259110
rna-NM_001298382.1,377,7441,0.050665233167585005,NM_001298382,FBgn0259110,FBgn0259110,0.7992094861660071,FBgn0259110
rna-NM_001144728.3,342,6696,0.051075268817204304,NM_001144728,FBgn0259110,FBgn0259110,0.7992094861660071,FBgn0259110
rna-NM_001258775.3,348,6784,0.05129716981132076,NM_001258775,FBgn0259110,FBgn0259110,0.7992094861660071,FBgn0259110
rna-NM_206752.3,203,3502,0.05796687607081668,NM_206752,FBgn0259110,FBgn0259110,0.7992094861660071,FBgn0259110
rna-NM_001298383.1,165,4399,0.03750852466469652,NM_001298383,FBgn0030716,FBgn0030716,3.641501976284584,FBgn0030716
rna-NM_206753.3,151,4191,0.03602958721068957,NM_206753,FBgn0030716,FBgn0030716,3.641501976284584,FBgn0030716
rna-NM_132867.3,153,4263,0.03589021815622801,NM_132867,FBgn0030716,FBgn0030716,3.641501976284584,FBgn0030716
rna-NM_132868.5,44,1454,0.030261348005502064,NM_132868,FBgn0030717,FBgn0030717,7.207114624505928,FBgn0030717
rna-NM_001298384.1,37,1282,0.028861154446177848,NM_001298384,FBgn0030718,FBgn0030718,126.36758893280633,FBgn0030718
rna-NM_132869.4,26,909,0.028602860286028604,NM_132869,FBgn0030718,FBgn0030718,126.36758893280633,FBgn0030718
rna-NM_167476.2,27,897,0.030100334448160536,NM_167476,FBgn0030718,FBgn0030718,126.36758893280633,FBgn0030718
rna-NM_206757.2,87,2587,0.03362968689601856,NM_206757,FBgn0030719,FBgn0030719,450.60474308300394,FBgn0030719
rna-NM_206756.2,81,2358,0.03435114503816794,NM_206756,FBgn0030719,FBgn0030719,450.60474308300394,FBgn0030719
rna-NM_167477.2,92,2517,0.03655145013905443,NM_167477,FBgn0030719,FBgn0030719,450.60474308300394,FBgn0030719
rna-NM_206755.2,82,2383,0.03441040704993705,NM_206755,FBgn0030719,FBgn0030719,450.60474308300394,FBgn0030719
rna-NM_132870.4,95,2588,0.03670788253477589,NM_132870,FBgn0030719,FBgn0030719,450.60474308300394,FBgn0030719
rna-NM_206758.2,95,2659,0.035727717186912374,NM_206758,FBgn0030719,FBgn0030719,450.60474308300394,FBgn0030719
rna-NM_206754.2,89,2521,0.035303451011503374,NM_206754,FBgn0030719,FBgn0030719,450.60474308300394,FBgn0030719
rna-NM_078636.5,86,2386,0.03604358759430008,NM_078636,FBgn0000611,FBgn0000611,103.63636363636364,FBgn0000611
rna-NM_001272663.2,110,2930,0.03754266211604096,NM_001272663,FBgn0000611,FBgn0000611,103.63636363636364,FBgn0000611
rna-NM_167478.3,86,2347,0.036642522368981675,NM_167478,FBgn0000611,FBgn0000611,103.63636363636364,FBgn0000611
rna-NM_001272664.1,104,2883,0.036073534512660425,NM_001272664,FBgn0000611,FBgn0000611,103.63636363636364,FBgn0000611
rna-NM_132871.3,126,2622,0.04805491990846682,NM_132871,FBgn0030720,FBgn0030720,41.16600790513834,FBgn0030720
rna-NM_001298385.1,238,4340,0.054838709677419356,NM_001298385,FBgn0003969,FBgn0003969,37.8102766798419,FBgn0003969
rna-NM_078637.3,168,3426,0.04903677758318739,NM_078637,FBgn0003969,FBgn0003969,37.8102766798419,FBgn0003969
rna-NM_167480.2,173,3543,0.048828676263053906,NM_167480,FBgn0003969,FBgn0003969,37.8102766798419,FBgn0003969
rna-NM_206759.2,184,3649,0.050424773910660456,NM_206759,FBgn0003969,FBgn0003969,37.8102766798419,FBgn0003969
rna-NM_167481.3,208,3728,0.055793991416309016,NM_167481,FBgn0003969,FBgn0003969,37.8102766798419,FBgn0003969
rna-NM_001298386.1,213,3845,0.05539661898569571,NM_001298386,FBgn0003969,FBgn0003969,37.8102766798419,FBgn0003969
rna-NM_167484.3,58,1283,0.04520654715510522,NM_167484,FBgn0030724,FBgn0030724,106.45454545454545,FBgn0030724
rna-NM_132875.4,59,1361,0.04335047759000735,NM_132875,FBgn0030724,FBgn0030724,106.45454545454545,FBgn0030724
rna-NM_167483.3,59,1402,0.04208273894436519,NM_167483,FBgn0030724,FBgn0030724,106.45454545454545,FBgn0030724
rna-NM_001298387.1,69,1377,0.05010893246187364,NM_001298387,FBgn0030724,FBgn0030724,106.45454545454545,FBgn0030724
rna-NM_001169300.3,378,7852,0.048140601120733574,NM_001169300,FBgn0028397,FBgn0028397,57.26877470355731,FBgn0028397
rna-NM_001169301.2,235,4596,0.05113141862489121,NM_001169301,FBgn0028397,FBgn0028397,57.26877470355731,FBgn0028397
rna-NM_132876.5,166,3639,0.04561692772739764,NM_132876,FBgn0028397,FBgn0028397,57.26877470355731,FBgn0028397
rna-NM_206760.3,151,3304,0.045702179176755446,NM_206760,FBgn0028397,FBgn0028397,57.26877470355731,FBgn0028397
rna-NM_078638.4,115,3247,0.035417308284570376,NM_078638,FBgn0000459,FBgn0000459,60.26086956521739,FBgn0000459
rna-NM_001038758.2,109,3067,0.035539615259210955,NM_001038758,FBgn0000459,FBgn0000459,60.26086956521739,FBgn0000459
rna-NM_078639.3,80,3186,0.025109855618330193,NM_078639,FBgn0040207,FBgn0040207,22.327272727272753,FBgn0040207
rna-NM_001298388.1,83,3282,0.025289457647775748,NM_001298388,FBgn0040207,FBgn0040207,22.327272727272753,FBgn0040207
rna-NM_167488.2,83,3285,0.025266362252663623,NM_167488,FBgn0040207,FBgn0040207,22.327272727272753,FBgn0040207
rna-NM_132881.3,59,2225,0.02651685393258427,NM_132881,FBgn0030731,FBgn0030731,7.308695652173912,FBgn0030731
rna-NM_001298389.1,56,2116,0.026465028355387523,NM_001298389,FBgn0030731,FBgn0030731,7.308695652173912,FBgn0030731
rna-NM_080353.5,42,1176,0.03571428571428571,NM_080353,FBgn0004066,FBgn0004066,153.9920948616601,FBgn0004066
rna-NM_001258777.1,128,4627,0.02766371298897774,NM_001258777,FBgn0000536,FBgn0000536,29.134387351778656,FBgn0000536
rna-NM_001298390.1,128,4575,0.027978142076502732,NM_001298390,FBgn0000536,FBgn0000536,29.134387351778656,FBgn0000536
rna-NM_167489.2,48,2331,0.02059202059202059,NM_167489,FBgn0000536,FBgn0000536,29.134387351778656,FBgn0000536
rna-NM_001258778.2,56,2442,0.02293202293202293,NM_001258778,FBgn0000536,FBgn0000536,29.134387351778656,FBgn0000536
rna-NM_167490.3,43,2263,0.019001325673884226,NM_167490,FBgn0000536,FBgn0000536,29.134387351778656,FBgn0000536
rna-NM_176741.3,52,2401,0.021657642648896292,NM_176741,FBgn0000536,FBgn0000536,29.134387351778656,FBgn0000536
rna-NM_078640.4,40,2195,0.018223234624145785,NM_078640,FBgn0000536,FBgn0000536,29.134387351778656,FBgn0000536
rna-NM_167491.2,53,2395,0.022129436325678497,NM_167491,FBgn0000536,FBgn0000536,29.134387351778656,FBgn0000536
rna-NM_001014746.3,19,686,0.027696793002915453,NM_001014746,FBgn0052576,FBgn0052576,23.16600790513834,FBgn0052576
rna-NM_167492.4,41,1709,0.02399063779988297,NM_167492,FBgn0052576,FBgn0052576,23.16600790513834,FBgn0052576
rna-NM_132882.3,18,523,0.03441682600382409,NM_132882,FBgn0030733,FBgn0030733,49.10276679841897,FBgn0030733
rna-NM_078641.4,63,1666,0.037815126050420166,NM_078641,FBgn0285954,FBgn0285954,109.26877470355731,FBgn0285954
rna-NM_001272673.1,62,1631,0.03801348865726548,NM_001272673,FBgn0285954,FBgn0285954,109.26877470355731,FBgn0285954
rna-NM_167493.2,61,1621,0.03763109191856878,NM_167493,FBgn0285954,FBgn0285954,109.26877470355731,FBgn0285954
rna-NM_001272672.1,52,1534,0.03389830508474576,NM_001272672,FBgn0285954,FBgn0285954,109.26877470355731,FBgn0285954
rna-NM_167495.3,55,1477,0.037237643872714964,NM_167495,FBgn0030734,FBgn0030734,199.39525691699606,FBgn0030734
rna-NM_167494.3,53,1426,0.03716690042075736,NM_167494,FBgn0030734,FBgn0030734,199.39525691699606,FBgn0030734
rna-NM_132883.4,56,1503,0.037258815701929474,NM_132883,FBgn0030734,FBgn0030734,199.39525691699606,FBgn0030734
rna-NM_167496.3,51,1364,0.0373900293255132,NM_167496,FBgn0030734,FBgn0030734,199.39525691699606,FBgn0030734
rna-NM_167497.3,172,4198,0.04097189137684612,NM_167497,FBgn0030735,FBgn0030735,44.944664031620555,FBgn0030735
rna-NM_167499.3,163,3984,0.0409136546184739,NM_167499,FBgn0030735,FBgn0030735,44.944664031620555,FBgn0030735
rna-NM_001103529.3,171,4174,0.0409678965021562,NM_001103529,FBgn0030735,FBgn0030735,44.944664031620555,FBgn0030735
rna-NM_001103528.3,171,4163,0.04107614700936824,NM_001103528,FBgn0030735,FBgn0030735,44.944664031620555,FBgn0030735
rna-NM_001103526.3,167,4070,0.04103194103194103,NM_001103526,FBgn0030735,FBgn0030735,44.944664031620555,FBgn0030735
rna-NM_001103527.2,167,4107,0.04066228390552715,NM_001103527,FBgn0030735,FBgn0030735,44.944664031620555,FBgn0030735
rna-NM_001272674.1,141,3215,0.04385692068429238,NM_001272674,FBgn0027521,FBgn0027521,116.93280632411067,FBgn0027521
rna-NM_132885.4,120,2760,0.043478260869565216,NM_132885,FBgn0027521,FBgn0027521,116.93280632411067,FBgn0027521
rna-NM_001298391.1,49,1445,0.033910034602076124,NM_001298391,FBgn0286508,FBgn0286508,4.729249011857691,FBgn0286508
rna-NM_132886.3,45,1171,0.03842869342442357,NM_132886,FBgn0286508,FBgn0286508,4.729249011857691,FBgn0286508
rna-NM_001272675.1,87,3003,0.028971028971028972,NM_001272675,FBgn0030738,FBgn0030738,78.17391304347827,FBgn0030738
rna-NM_001103530.2,77,2719,0.02831923501287238,NM_001103530,FBgn0030738,FBgn0030738,78.17391304347827,FBgn0030738
rna-NM_132888.2,133,3558,0.037380550871275994,NM_132888,FBgn0030739,FBgn0030739,12.040711462450592,FBgn0030739
rna-NM_078642.4,57,1227,0.04645476772616137,NM_078642,FBgn0004432,FBgn0004432,692.6324110671936,FBgn0004432
rna-NM_001272676.1,77,1726,0.044611819235225954,NM_001272676,FBgn0030740,FBgn0030740,157.41541501976283,FBgn0030740
rna-NM_132889.3,78,1801,0.043309272626318715,NM_132889,FBgn0030740,FBgn0030740,157.41541501976283,FBgn0030740
rna-NM_001272678.1,28,1009,0.027750247770069375,NM_001272678,FBgn0052579,FBgn0052579,122.9090909090909,FBgn0052579
rna-NM_001272677.2,26,1317,0.019741837509491267,NM_001272677,FBgn0052579,FBgn0052579,122.9090909090909,FBgn0052579
rna-NM_167501.2,25,1296,0.019290123456790122,NM_167501,FBgn0052579,FBgn0052579,122.9090909090909,FBgn0052579
rna-NM_132890.3,106,2687,0.0394491998511351,NM_132890,FBgn0260450,FBgn0260450,4.49169960474308,FBgn0260450
rna-NM_001298392.1,64,1644,0.038929440389294405,NM_001298392,FBgn0030742,FBgn0030742,1.1422924901185767,FBgn0030742
rna-NM_132891.2,64,1647,0.03885853066180935,NM_132891,FBgn0030742,FBgn0030742,1.1422924901185767,FBgn0030742
rna-NM_001272680.2,52,985,0.05279187817258883,NM_001272680,FBgn0030743,FBgn0030743,40.29249011857708,FBgn0030743
rna-NM_001272679.2,28,685,0.040875912408759124,NM_001272679,FBgn0030743,FBgn0030743,40.29249011857708,FBgn0030743
rna-NM_206762.3,232,4240,0.05471698113207547,NM_206762,FBgn0278608,FBgn0278608,184.57707509881422,FBgn0278608
rna-NM_080715.4,251,4511,0.05564176457548215,NM_080715,FBgn0278608,FBgn0278608,184.57707509881422,FBgn0278608
rna-NM_167503.3,218,3990,0.05463659147869674,NM_167503,FBgn0278608,FBgn0278608,184.57707509881422,FBgn0278608
rna-NM_167504.2,206,3915,0.05261813537675607,NM_167504,FBgn0278608,FBgn0278608,184.57707509881422,FBgn0278608
rna-NM_001298393.1,146,2359,0.06189063162356931,NM_001298393,FBgn0278608,FBgn0278608,184.57707509881422,FBgn0278608
rna-NM_167502.3,187,2903,0.0644161212538753,NM_167502,FBgn0278608,FBgn0278608,184.57707509881422,FBgn0278608
rna-NM_001144731.3,143,2205,0.06485260770975057,NM_001144731,FBgn0278608,FBgn0278608,184.57707509881422,FBgn0278608
rna-NM_057378.3,199,5678,0.0350475519549137,NM_057378,FBgn0003416,FBgn0003416,40.86166007905138,FBgn0003416
rna-NM_057543.4,89,1527,0.058284217419777344,NM_057543,FBgn0005411,FBgn0005411,52.52569169960474,FBgn0005411
rna-NM_001258781.2,83,1473,0.05634758995247793,NM_001258781,FBgn0005411,FBgn0005411,52.52569169960474,FBgn0005411
rna-NM_001258780.1,86,1371,0.06272793581327499,NM_001258780,FBgn0005411,FBgn0005411,52.52569169960474,FBgn0005411
rna-NM_001258779.1,82,1344,0.06101190476190476,NM_001258779,FBgn0005411,FBgn0005411,52.52569169960474,FBgn0005411
rna-NM_001298394.1,135,1704,0.07922535211267606,NM_001298394,FBgn0086448,FBgn0086448,33.40316205533597,FBgn0086448
rna-NM_144473.5,130,1573,0.08264462809917356,NM_144473,FBgn0086448,FBgn0086448,33.40316205533597,FBgn0086448
rna-NM_167505.2,186,2358,0.07888040712468193,NM_167505,FBgn0004227,FBgn0004227,175.36363636363637,FBgn0004227
rna-NM_001298395.1,553,6746,0.08197450340942782,NM_001298395,FBgn0004227,FBgn0004227,175.36363636363637,FBgn0004227
rna-NM_001014747.2,361,5008,0.07208466453674121,NM_001014747,FBgn0004227,FBgn0004227,175.36363636363637,FBgn0004227
rna-NM_078643.3,295,3747,0.07872965038697624,NM_078643,FBgn0004227,FBgn0004227,175.36363636363637,FBgn0004227
rna-NM_206763.2,369,5774,0.06390717007273987,NM_206763,FBgn0004598,FBgn0004598,91.79169960474306,FBgn0004598
rna-NM_167510.3,366,5770,0.0634315424610052,NM_167510,FBgn0004598,FBgn0004598,91.79169960474306,FBgn0004598
rna-NM_167506.3,358,5559,0.06440007195538766,NM_167506,FBgn0004598,FBgn0004598,91.79169960474306,FBgn0004598
rna-NM_001169302.2,359,5601,0.06409569719692912,NM_001169302,FBgn0004598,FBgn0004598,91.79169960474306,FBgn0004598
rna-NM_078644.4,358,5550,0.0645045045045045,NM_078644,FBgn0004598,FBgn0004598,91.79169960474306,FBgn0004598
rna-NM_001169303.2,353,5478,0.06443957648776925,NM_001169303,FBgn0004598,FBgn0004598,91.79169960474306,FBgn0004598
rna-NM_167507.3,368,5659,0.0650291570948931,NM_167507,FBgn0004598,FBgn0004598,91.79169960474306,FBgn0004598
rna-NM_167508.2,364,5593,0.06508135168961202,NM_167508,FBgn0004598,FBgn0004598,91.79169960474306,FBgn0004598
rna-NM_167509.3,363,5653,0.06421369184503803,NM_167509,FBgn0004598,FBgn0004598,91.79169960474306,FBgn0004598
rna-NM_167514.2,102,1406,0.07254623044096728,NM_167514,FBgn0030744,FBgn0030744,26.010276679841905,FBgn0030744
rna-NM_167511.2,120,1594,0.07528230865746549,NM_167511,FBgn0030744,FBgn0030744,26.010276679841905,FBgn0030744
rna-NM_132893.3,121,1608,0.07524875621890548,NM_132893,FBgn0030744,FBgn0030744,26.010276679841905,FBgn0030744
rna-NM_167513.2,105,1380,0.07608695652173914,NM_167513,FBgn0030744,FBgn0030744,26.010276679841905,FBgn0030744
rna-NM_167512.2,105,1340,0.07835820895522388,NM_167512,FBgn0030744,FBgn0030744,26.010276679841905,FBgn0030744
rna-NM_167515.2,108,2028,0.05325443786982249,NM_167515,FBgn0030745,FBgn0030745,5.278260869565191,FBgn0030745
rna-NM_132894.3,102,1741,0.05858701895462378,NM_132894,FBgn0030745,FBgn0030745,5.278260869565191,FBgn0030745
rna-NM_167516.2,101,1824,0.05537280701754386,NM_167516,FBgn0030745,FBgn0030745,5.278260869565191,FBgn0030745
rna-NM_001298396.1,118,1756,0.06719817767653759,NM_001298396,FBgn0030745,FBgn0030745,5.278260869565191,FBgn0030745
rna-NM_132895.3,144,2297,0.06269046582498912,NM_132895,FBgn0010416,FBgn0010416,114.73913043478261,FBgn0010416
rna-NM_001298397.1,123,1967,0.06253177427554651,NM_001298397,FBgn0010416,FBgn0010416,114.73913043478261,FBgn0010416
rna-NM_078645.3,528,7899,0.0668439042916825,NM_078645,FBgn0004367,FBgn0004367,7.195256916996039,FBgn0004367
rna-NM_001272686.1,91,1905,0.047769028871391075,NM_001272686,FBgn0030749,FBgn0030749,35.62845849802372,FBgn0030749
rna-NM_001272689.1,138,2927,0.04714724974376495,NM_001272689,FBgn0030749,FBgn0030749,35.62845849802372,FBgn0030749
rna-NM_001272687.1,114,2485,0.045875251509054325,NM_001272687,FBgn0030749,FBgn0030749,35.62845849802372,FBgn0030749
rna-NM_001272688.1,71,1375,0.05163636363636363,NM_001272688,FBgn0030749,FBgn0030749,35.62845849802372,FBgn0030749
rna-NM_001272685.1,76,1429,0.05318404478656403,NM_001272685,FBgn0030749,FBgn0030749,35.62845849802372,FBgn0030749
rna-NM_078646.3,68,1233,0.055150040551500405,NM_078646,FBgn0030749,FBgn0030749,35.62845849802372,FBgn0030749
rna-NM_167519.2,86,1731,0.04968226458694396,NM_167519,FBgn0030749,FBgn0030749,35.62845849802372,FBgn0030749
rna-NM_001144732.2,540,8763,0.06162273194111605,NM_001144732,FBgn0026575,FBgn0026575,244.4822134387352,FBgn0026575
rna-NM_167520.3,475,7971,0.059591017438213524,NM_167520,FBgn0026575,FBgn0026575,244.4822134387352,FBgn0026575
rna-NM_167521.3,471,7876,0.059801929913661754,NM_167521,FBgn0026575,FBgn0026575,244.4822134387352,FBgn0026575
rna-NM_001298398.2,93,1820,0.0510989010989011,NM_001298398,FBgn0030752,FBgn0030752,162.52569169960475,FBgn0030752
rna-NM_132900.3,62,1261,0.04916732751784298,NM_132900,FBgn0030752,FBgn0030752,162.52569169960475,FBgn0030752
rna-NM_132901.3,112,2186,0.05123513266239707,NM_132901,FBgn0030753,FBgn0030753,134.0909090909091,FBgn0030753
rna-NM_001298399.1,113,2216,0.050992779783393505,NM_001298399,FBgn0030753,FBgn0030753,134.0909090909091,FBgn0030753
rna-NM_001298400.1,101,1519,0.06649111257406189,NM_001298400,FBgn0261609,FBgn0261609,55.383399209486164,FBgn0261609
rna-NM_132902.4,81,1200,0.0675,NM_132902,FBgn0261609,FBgn0261609,55.383399209486164,FBgn0261609
rna-NM_001038759.2,55,594,0.09259259259259259,NM_001038759,FBgn0054015,FBgn0054015,54.683794466403164,FBgn0054015
rna-NM_080220.5,235,3898,0.060287326834273985,NM_080220,FBgn0262734,FBgn0262734,372.6837944664032,FBgn0262734
rna-NM_167522.5,235,3895,0.06033376123234917,NM_167522,FBgn0262734,FBgn0262734,372.6837944664032,FBgn0262734
rna-NM_001298401.1,151,2730,0.05531135531135531,NM_001298401,FBgn0262734,FBgn0262734,372.6837944664032,FBgn0262734
rna-NM_206764.3,147,2640,0.05568181818181818,NM_206764,FBgn0262734,FBgn0262734,372.6837944664032,FBgn0262734
rna-NM_001298402.1,147,2816,0.052201704545454544,NM_001298402,FBgn0262734,FBgn0262734,372.6837944664032,FBgn0262734
rna-NM_001272691.2,264,5059,0.05218422613164657,NM_001272691,FBgn0030757,FBgn0030757,5.152964426877443,FBgn0030757
rna-NM_132905.3,189,3613,0.05231109880985331,NM_132905,FBgn0030757,FBgn0030757,5.152964426877443,FBgn0030757
rna-NM_001103531.2,124,2475,0.050101010101010104,NM_001103531,FBgn0011742,FBgn0011742,335.4189723320158,FBgn0011742
rna-NM_078648.4,102,2219,0.04596665164488508,NM_078648,FBgn0011742,FBgn0011742,335.4189723320158,FBgn0011742
rna-NM_001272692.1,103,2217,0.04645917907081642,NM_001272692,FBgn0011742,FBgn0011742,335.4189723320158,FBgn0011742
rna-NM_001258786.3,252,5390,0.046753246753246755,NM_001258786,FBgn0011826,FBgn0011826,157.20158102766797,FBgn0011826
rna-NM_001258787.2,187,4551,0.04108987035816304,NM_001258787,FBgn0011826,FBgn0011826,157.20158102766797,FBgn0011826
rna-NM_078649.4,127,3253,0.03904088533661236,NM_078649,FBgn0011826,FBgn0011826,157.20158102766797,FBgn0011826
rna-NM_001258788.2,486,7965,0.061016949152542375,NM_001258788,FBgn0267912,FBgn0267912,65.08260869565218,FBgn0267912
rna-NM_167524.3,442,6837,0.06464823753108088,NM_167524,FBgn0267912,FBgn0267912,65.08260869565218,FBgn0267912
rna-NM_001272693.2,283,4007,0.07062640379336162,NM_001272693,FBgn0267912,FBgn0267912,65.08260869565218,FBgn0267912
rna-NM_167523.3,222,3052,0.0727391874180865,NM_167523,FBgn0267912,FBgn0267912,65.08260869565218,FBgn0267912
rna-NM_132906.3,57,1058,0.05387523629489603,NM_132906,FBgn0030759,FBgn0030759,5.115810276679826,FBgn0030759
rna-NM_078650.3,275,4020,0.06840796019900497,NM_078650,FBgn0015615,FBgn0015615,154.0,FBgn0015615
rna-NM_001298405.1,91,1886,0.048250265111346766,NM_001298405,FBgn0267384,FBgn0267384,60.84189723320158,FBgn0267384
rna-NM_079945.4,70,1435,0.04878048780487805,NM_079945,FBgn0267384,FBgn0267384,60.84189723320158,FBgn0267384
rna-NM_132907.3,251,3361,0.07468015471585837,NM_132907,FBgn0030761,FBgn0030761,27.35612648221344,FBgn0030761
rna-NM_001272695.2,160,1967,0.0813421453990849,NM_001272695,FBgn0030761,FBgn0030761,27.35612648221344,FBgn0030761
rna-NM_001272694.2,163,1971,0.08269913749365804,NM_001272694,FBgn0030761,FBgn0030761,27.35612648221344,FBgn0030761
rna-NM_001144734.2,437,7927,0.055128043395988396,NM_001144734,FBgn0061200,FBgn0061200,115.48616600790514,FBgn0061200
rna-NM_001103532.3,435,7981,0.05450444806415236,NM_001103532,FBgn0061200,FBgn0061200,115.48616600790514,FBgn0061200
rna-NM_132908.5,431,7843,0.0549534616855795,NM_132908,FBgn0061200,FBgn0061200,115.48616600790514,FBgn0061200
rna-NM_078651.4,168,3269,0.05139186295503212,NM_078651,FBgn0025743,FBgn0025743,89.4703557312253,FBgn0025743
rna-NM_132909.3,87,1406,0.061877667140825036,NM_132909,FBgn0030763,FBgn0030763,5.179446640316206,FBgn0030763
rna-NM_001298407.1,236,5220,0.045210727969348656,NM_001298407,FBgn0026181,FBgn0026181,85.87747035573122,FBgn0026181
rna-NM_001298406.1,370,7163,0.05165433477593187,NM_001298406,FBgn0026181,FBgn0026181,85.87747035573122,FBgn0026181
rna-NM_080535.3,372,7190,0.051738525730180805,NM_080535,FBgn0026181,FBgn0026181,85.87747035573122,FBgn0026181
rna-NM_001298408.1,243,5293,0.04590969204609862,NM_001298408,FBgn0026181,FBgn0026181,85.87747035573122,FBgn0026181
rna-NM_001298409.1,25,949,0.026343519494204427,NM_001298409,FBgn0010412,FBgn0010412,824.1264822134387,FBgn0010412
rna-NM_167527.3,38,925,0.04108108108108108,NM_167527,FBgn0010412,FBgn0010412,824.1264822134387,FBgn0010412
rna-NM_167526.3,19,642,0.029595015576323987,NM_167526,FBgn0010412,FBgn0010412,824.1264822134387,FBgn0010412
rna-NM_078652.4,17,620,0.027419354838709678,NM_078652,FBgn0010412,FBgn0010412,824.1264822134387,FBgn0010412
rna-NM_001298410.1,18,678,0.02654867256637168,NM_001298410,FBgn0010412,FBgn0010412,824.1264822134387,FBgn0010412
rna-NM_132911.3,15,483,0.031055900621118012,NM_132911,FBgn0261791,FBgn0261791,151.18577075098815,FBgn0261791
rna-NM_001144737.2,14,432,0.032407407407407406,NM_001144737,FBgn0261791,FBgn0261791,151.18577075098815,FBgn0261791
rna-NM_001298411.1,197,5083,0.03875663977965768,NM_001298411,FBgn0030766,FBgn0030766,35.55335968379447,FBgn0030766
rna-NM_132912.2,174,4471,0.03891746812793558,NM_132912,FBgn0030766,FBgn0030766,35.55335968379447,FBgn0030766
rna-NM_132914.4,57,1729,0.03296703296703297,NM_132914,FBgn0030768,FBgn0030768,17.537549407114625,FBgn0030768
rna-NM_078653.2,207,7057,0.029332577582542155,NM_078653,FBgn0003189,FBgn0003189,2.3217391304347843,FBgn0003189
rna-NM_206765.3,206,6946,0.029657356752087534,NM_206765,FBgn0003189,FBgn0003189,2.3217391304347843,FBgn0003189
rna-NM_001298414.1,211,6875,0.03069090909090909,NM_001298414,FBgn0003189,FBgn0003189,2.3217391304347843,FBgn0003189
rna-NM_057429.3,59,2575,0.0229126213592233,NM_057429,FBgn0000152,FBgn0000152,20.616600790513836,FBgn0000152
rna-NM_167530.2,59,2444,0.02414075286415712,NM_167530,FBgn0259923,FBgn0259923,25.36284584980241,FBgn0259923
rna-NM_167531.2,64,2582,0.024786986831913247,NM_167531,FBgn0259923,FBgn0259923,25.36284584980241,FBgn0259923
rna-NM_167534.2,71,2750,0.025818181818181817,NM_167534,FBgn0259923,FBgn0259923,25.36284584980241,FBgn0259923
rna-NM_132919.3,76,2896,0.026243093922651933,NM_132919,FBgn0259923,FBgn0259923,25.36284584980241,FBgn0259923
rna-NM_167533.2,76,2915,0.02607204116638079,NM_167533,FBgn0259923,FBgn0259923,25.36284584980241,FBgn0259923
rna-NM_167532.2,76,2919,0.02603631380609798,NM_167532,FBgn0259923,FBgn0259923,25.36284584980241,FBgn0259923
rna-NM_206766.2,53,2433,0.02178380600082203,NM_206766,FBgn0259923,FBgn0259923,25.36284584980241,FBgn0259923
rna-NM_001298420.1,170,3646,0.04662643993417444,NM_001298420,FBgn0027528,FBgn0027528,54.3201581027668,FBgn0027528
rna-NM_132932.3,170,3661,0.04643540016388965,NM_132932,FBgn0027528,FBgn0027528,54.3201581027668,FBgn0027528
rna-NM_001298421.1,164,3281,0.04998476074367571,NM_001298421,FBgn0027528,FBgn0027528,54.3201581027668,FBgn0027528
rna-NM_167544.2,214,5649,0.03788281111701186,NM_167544,FBgn0001250,FBgn0001250,6.171541501976285,FBgn0001250
rna-NM_078654.2,221,5724,0.03860936408106219,NM_078654,FBgn0001250,FBgn0001250,6.171541501976285,FBgn0001250
rna-NM_001169306.2,223,5683,0.039239838113672355,NM_001169306,FBgn0001250,FBgn0001250,6.171541501976285,FBgn0001250
rna-NM_001169307.1,224,5818,0.03850120316259883,NM_001169307,FBgn0001250,FBgn0001250,6.171541501976285,FBgn0001250
rna-NM_078655.4,20,973,0.020554984583761562,NM_078655,FBgn0030786,FBgn0030786,8.07865612648221,FBgn0030786
rna-NM_132933.3,29,1834,0.015812431842966195,NM_132933,FBgn0030787,FBgn0030787,42.70909090909092,FBgn0030787
rna-NM_001298423.1,40,1994,0.020060180541624874,NM_001298423,FBgn0030788,FBgn0030788,452.25691699604744,FBgn0030788
rna-NM_132934.4,31,1669,0.018573996405032954,NM_132934,FBgn0030788,FBgn0030788,452.25691699604744,FBgn0030788
rna-NM_001298424.1,56,1647,0.03400121432908318,NM_001298424,FBgn0030789,FBgn0030789,16.487747035573122,FBgn0030789
rna-NM_132935.3,54,1599,0.03377110694183865,NM_132935,FBgn0030789,FBgn0030789,16.487747035573122,FBgn0030789
rna-NM_001316633.1,168,3669,0.04578904333605887,NM_001316633,FBgn0030790,FBgn0030790,148.92094861660078,FBgn0030790
rna-NM_001258790.2,128,2683,0.04770778978755125,NM_001258790,FBgn0030790,FBgn0030790,148.92094861660078,FBgn0030790
rna-NM_132936.4,89,1950,0.045641025641025644,NM_132936,FBgn0030790,FBgn0030790,148.92094861660078,FBgn0030790
rna-NM_206768.3,154,2545,0.06051080550098232,NM_206768,FBgn0030791,FBgn0030791,47.84584980237154,FBgn0030791
rna-NM_206767.3,137,1960,0.06989795918367347,NM_206767,FBgn0030791,FBgn0030791,47.84584980237154,FBgn0030791
rna-NM_001258791.1,124,1792,0.06919642857142858,NM_001258791,FBgn0030791,FBgn0030791,47.84584980237154,FBgn0030791
rna-NM_132938.4,48,942,0.050955414012738856,NM_132938,FBgn0030792,FBgn0030792,7.5664031620553205,FBgn0030792
rna-NM_206769.3,66,1329,0.04966139954853273,NM_206769,FBgn0030793,FBgn0030793,7.656126482213428,FBgn0030793
rna-NM_132940.4,100,2027,0.0493339911198816,NM_132940,FBgn0030794,FBgn0030794,7.493675889328042,FBgn0030794
rna-NM_167550.2,44,3129,0.014062000639181848,NM_167550,FBgn0030796,FBgn0030796,1.3723320158102756,FBgn0030796
rna-NM_001103535.2,42,2859,0.014690451206715634,NM_001103535,FBgn0030796,FBgn0030796,1.3723320158102756,FBgn0030796
rna-NM_001272699.1,51,3094,0.016483516483516484,NM_001272699,FBgn0030796,FBgn0030796,1.3723320158102756,FBgn0030796
rna-NM_167549.2,48,3022,0.01588352084712111,NM_167549,FBgn0030796,FBgn0030796,1.3723320158102756,FBgn0030796
rna-NM_001103534.2,46,2752,0.016715116279069766,NM_001103534,FBgn0030796,FBgn0030796,1.3723320158102756,FBgn0030796
rna-NM_132942.3,43,2892,0.014868603042876901,NM_132942,FBgn0030796,FBgn0030796,1.3723320158102756,FBgn0030796
rna-NM_132945.3,43,1283,0.03351519875292284,NM_132945,FBgn0030799,FBgn0030799,1.9371541501976335,FBgn0030799
rna-NM_132946.3,58,1707,0.03397773872290568,NM_132946,FBgn0030800,FBgn0030800,22.06600790513835,FBgn0030800
rna-NM_132947.5,61,1138,0.05360281195079086,NM_132947,FBgn0030801,FBgn0030801,13.217391304347826,FBgn0030801
rna-NM_206770.2,37,1080,0.03425925925925926,NM_206770,FBgn0030801,FBgn0030801,13.217391304347826,FBgn0030801
rna-NM_001272701.1,30,689,0.04354136429608128,NM_001272701,FBgn0030802,FBgn0030802,22.359683794466402,FBgn0030802
rna-NM_132948.4,38,729,0.05212620027434842,NM_132948,FBgn0030802,FBgn0030802,22.359683794466402,FBgn0030802
rna-NM_132949.2,77,1700,0.045294117647058825,NM_132949,FBgn0030803,FBgn0030803,42.976284584980235,FBgn0030803
rna-NM_001272702.1,68,1505,0.045182724252491695,NM_001272702,FBgn0030803,FBgn0030803,42.976284584980235,FBgn0030803
rna-NM_001298426.1,89,2118,0.042020774315391876,NM_001298426,FBgn0030805,FBgn0030805,60.869565217391305,FBgn0030805
rna-NM_132952.3,82,1866,0.04394426580921758,NM_132952,FBgn0030805,FBgn0030805,60.869565217391305,FBgn0030805
rna-NM_132953.3,65,1786,0.036394176931690926,NM_132953,FBgn0030806,FBgn0030806,28.035573122529645,FBgn0030806
rna-NM_132955.4,319,6046,0.052762156797882896,NM_132955,FBgn0030808,FBgn0030808,23.039525691699605,FBgn0030808
rna-NM_001042817.3,303,5681,0.05333568033796867,NM_001042817,FBgn0030808,FBgn0030808,23.039525691699605,FBgn0030808
rna-NM_132954.2,26,508,0.051181102362204724,NM_132954,FBgn0030807,FBgn0030807,40.01699604743084,FBgn0030807
rna-NM_001298427.1,142,7096,0.020011273957158963,NM_001298427,FBgn0030809,FBgn0030809,117.4703557312253,FBgn0030809
rna-NM_001258794.2,96,6241,0.015382150296426854,NM_001258794,FBgn0030809,FBgn0030809,117.4703557312253,FBgn0030809
rna-NM_132956.3,100,6383,0.015666614444618518,NM_132956,FBgn0030809,FBgn0030809,117.4703557312253,FBgn0030809
rna-NM_001258796.2,143,4773,0.029960192750890426,NM_001258796,FBgn0030812,FBgn0030812,256.5612648221344,FBgn0030812
rna-NM_132959.3,141,4532,0.031112091791703444,NM_132959,FBgn0030812,FBgn0030812,256.5612648221344,FBgn0030812
rna-NM_001272708.1,141,4532,0.031112091791703444,NM_001272708,FBgn0030812,FBgn0030812,256.5612648221344,FBgn0030812
rna-NM_001103538.4,131,4466,0.029332736229287955,NM_001103538,FBgn0030812,FBgn0030812,256.5612648221344,FBgn0030812
rna-NM_001272706.2,133,4511,0.029483484814896918,NM_001272706,FBgn0030812,FBgn0030812,256.5612648221344,FBgn0030812
rna-NM_001272707.1,137,4624,0.0296280276816609,NM_001272707,FBgn0030812,FBgn0030812,256.5612648221344,FBgn0030812
rna-NM_132960.3,70,2013,0.03477396920019871,NM_132960,FBgn0030813,FBgn0030813,60.00790513833992,FBgn0030813
rna-NM_167554.2,85,2339,0.036340316374519024,NM_167554,FBgn0030813,FBgn0030813,60.00790513833992,FBgn0030813
rna-NM_001144742.2,82,2177,0.037666513550757924,NM_001144742,FBgn0030817,FBgn0030817,200.88616600790513,FBgn0030817
rna-NM_167555.3,74,2087,0.03545759463344514,NM_167555,FBgn0030817,FBgn0030817,200.88616600790513,FBgn0030817
rna-NM_001272710.2,74,2084,0.03550863723608445,NM_001272710,FBgn0030817,FBgn0030817,200.88616600790513,FBgn0030817
rna-NM_001272709.2,82,2012,0.040755467196819085,NM_001272709,FBgn0030817,FBgn0030817,200.88616600790513,FBgn0030817
rna-NM_132964.3,70,1920,0.036458333333333336,NM_132964,FBgn0030817,FBgn0030817,200.88616600790513,FBgn0030817
rna-NM_132963.2,80,2433,0.032881216605014384,NM_132963,FBgn0030816,FBgn0030816,2.0561264822134406,FBgn0030816
rna-NM_132967.3,188,5088,0.036949685534591194,NM_132967,FBgn0260748,FBgn0260748,20.277865612648224,FBgn0260748
rna-NM_001201726.1,166,4573,0.03630002186748305,NM_001201726,FBgn0260748,FBgn0260748,20.277865612648224,FBgn0260748
rna-NM_001201725.2,164,4563,0.03594126671049748,NM_001201725,FBgn0260748,FBgn0260748,20.277865612648224,FBgn0260748
rna-NM_001316634.1,91,2075,0.04385542168674699,NM_001316634,FBgn0260748,FBgn0260748,20.277865612648224,FBgn0260748
rna-NM_001201727.1,82,1967,0.041687849517031014,NM_001201727,FBgn0260748,FBgn0260748,20.277865612648224,FBgn0260748
rna-NM_001298430.1,79,1800,0.04388888888888889,NM_001298430,FBgn0260748,FBgn0260748,20.277865612648224,FBgn0260748
rna-NM_001144743.2,285,6197,0.04598999515894788,NM_001144743,FBgn0002709,FBgn0002709,2.7541501976284595,FBgn0002709
rna-NM_001031897.3,223,5005,0.04455544455544456,NM_001031897,FBgn0002709,FBgn0002709,2.7541501976284595,FBgn0002709
rna-NM_001201728.1,180,4420,0.04072398190045249,NM_001201728,FBgn0002709,FBgn0002709,2.7541501976284595,FBgn0002709
rna-NM_167557.3,179,4124,0.04340446168768186,NM_167557,FBgn0002709,FBgn0002709,2.7541501976284595,FBgn0002709
rna-NM_078658.3,10,864,0.011574074074074073,NM_078658,FBgn0002590,FBgn0002590,1392.3280632411067,FBgn0002590
rna-NM_001298431.1,10,1011,0.009891196834817012,NM_001298431,FBgn0002590,FBgn0002590,1392.3280632411067,FBgn0002590
rna-NM_001298432.1,10,1380,0.007246376811594203,NM_001298432,FBgn0002590,FBgn0002590,1392.3280632411067,FBgn0002590
rna-NM_001298433.1,10,809,0.012360939431396786,NM_001298433,FBgn0002590,FBgn0002590,1392.3280632411067,FBgn0002590
rna-NM_001370033.1,328,6861,0.04780644220959044,NM_001370033,FBgn0286809,FBgn0286809,15.542292490118577,FBgn0286809
rna-NM_080034.3,123,2852,0.043127629733520335,NM_080034,FBgn0286809,FBgn0286809,15.542292490118577,FBgn0286809
rna-NM_167558.2,252,5073,0.04967474866942637,NM_167558,FBgn0286809,FBgn0286809,15.542292490118577,FBgn0286809
rna-NM_001042818.4,484,10439,0.04636459430979979,NM_001042818,FBgn0000163,FBgn0000163,55.39525691699605,FBgn0000163
rna-NM_001298436.2,477,10334,0.046158312366944065,NM_001298436,FBgn0000163,FBgn0000163,55.39525691699605,FBgn0000163
rna-NM_001298435.2,285,6485,0.04394757131842714,NM_001298435,FBgn0000163,FBgn0000163,55.39525691699605,FBgn0000163
rna-NM_001298440.1,230,4371,0.0526195378631892,NM_001298440,FBgn0030833,FBgn0030833,54.75494071146245,FBgn0030833
rna-NM_132980.3,196,3572,0.054871220604703244,NM_132980,FBgn0030833,FBgn0030833,54.75494071146245,FBgn0030833
rna-NM_132981.3,32,1071,0.029878618113912233,NM_132981,FBgn0030834,FBgn0030834,7.124505928853753,FBgn0030834
rna-NM_001298442.1,110,2047,0.0537371763556424,NM_001298442,FBgn0030838,FBgn0030838,33.83794466403162,FBgn0030838
rna-NM_176748.2,98,1995,0.04912280701754386,NM_176748,FBgn0030838,FBgn0030838,33.83794466403162,FBgn0030838
rna-NM_132985.4,97,1943,0.049922799794132784,NM_132985,FBgn0030838,FBgn0030838,33.83794466403162,FBgn0030838
rna-NM_167568.3,85,1740,0.04885057471264368,NM_167568,FBgn0030838,FBgn0030838,33.83794466403162,FBgn0030838
rna-NM_167567.2,81,1664,0.048677884615384616,NM_167567,FBgn0030838,FBgn0030838,33.83794466403162,FBgn0030838
rna-NM_078661.4,159,3387,0.046944198405668734,NM_078661,FBgn0024238,FBgn0024238,74.80632411067194,FBgn0024238
rna-NM_167564.2,143,3269,0.043744264301009486,NM_167564,FBgn0024238,FBgn0024238,74.80632411067194,FBgn0024238
rna-NM_167565.2,138,3236,0.04264524103831891,NM_167565,FBgn0024238,FBgn0024238,74.80632411067194,FBgn0024238
rna-NM_001272712.1,159,3142,0.05060471037555697,NM_001272712,FBgn0004854,FBgn0004854,1.233596837944664,FBgn0004854
rna-NM_078662.3,158,3102,0.050934880722114766,NM_078662,FBgn0004854,FBgn0004854,1.233596837944664,FBgn0004854
rna-NM_001272713.1,149,2724,0.05469897209985316,NM_001272713,FBgn0011758,FBgn0011758,1.0268774703557306,FBgn0011758
rna-NM_078663.3,149,2719,0.05479955866127253,NM_078663,FBgn0011758,FBgn0011758,1.0268774703557306,FBgn0011758
rna-NM_176749.2,227,4145,0.054764776839565744,NM_176749,FBgn0027602,FBgn0027602,42.54545454545455,FBgn0027602
rna-NM_132986.5,208,3614,0.05755395683453238,NM_132986,FBgn0027602,FBgn0027602,42.54545454545455,FBgn0027602
rna-NM_001298443.1,237,3917,0.060505488894562164,NM_001298443,FBgn0027602,FBgn0027602,42.54545454545455,FBgn0027602
rna-NM_132987.2,109,2138,0.0509822263797942,NM_132987,FBgn0030839,FBgn0030839,3.094466403162059,FBgn0030839
rna-NM_176750.2,99,1969,0.05027932960893855,NM_176750,FBgn0030839,FBgn0030839,3.094466403162059,FBgn0030839
rna-NM_001272715.2,253,7877,0.032118826964580426,NM_001272715,FBgn0263706,FBgn0263706,48.968774703557315,FBgn0263706
rna-NM_001272714.2,327,9857,0.033174393831794664,NM_001272714,FBgn0263706,FBgn0263706,48.968774703557315,FBgn0263706
rna-NM_001169309.2,214,7090,0.030183356840620592,NM_001169309,FBgn0263706,FBgn0263706,48.968774703557315,FBgn0263706
rna-NM_176751.5,222,7249,0.0306249137812112,NM_176751,FBgn0263706,FBgn0263706,48.968774703557315,FBgn0263706
rna-NM_001298444.1,222,7249,0.0306249137812112,NM_001298444,FBgn0263706,FBgn0263706,48.968774703557315,FBgn0263706
rna-NM_132990.3,220,7067,0.031130607046837414,NM_132990,FBgn0263706,FBgn0263706,48.968774703557315,FBgn0263706
rna-NM_001272716.1,220,7067,0.031130607046837414,NM_001272716,FBgn0263706,FBgn0263706,48.968774703557315,FBgn0263706
rna-NM_001298445.1,227,7346,0.030901170705145656,NM_001298445,FBgn0263706,FBgn0263706,48.968774703557315,FBgn0263706
rna-NM_001298446.1,169,3855,0.04383916990920882,NM_001298446,FBgn0028343,FBgn0028343,100.77865612648222,FBgn0028343
rna-NM_132993.3,170,3870,0.04392764857881137,NM_132993,FBgn0028343,FBgn0028343,100.77865612648222,FBgn0028343
rna-NM_167569.2,177,3876,0.0456656346749226,NM_167569,FBgn0028343,FBgn0028343,100.77865612648222,FBgn0028343
rna-NM_167570.2,163,3569,0.04567105631829644,NM_167570,FBgn0028343,FBgn0028343,100.77865612648222,FBgn0028343
rna-NM_001272720.1,146,2734,0.053401609363569864,NM_001272720,FBgn0030847,FBgn0030847,19.930039525691697,FBgn0030847
rna-NM_001272719.1,144,2713,0.05307777368227055,NM_001272719,FBgn0030847,FBgn0030847,19.930039525691697,FBgn0030847
rna-NM_001272718.1,144,2707,0.05319541928333949,NM_001272718,FBgn0030847,FBgn0030847,19.930039525691697,FBgn0030847
rna-NM_001272721.1,140,2611,0.05361930294906166,NM_001272721,FBgn0030847,FBgn0030847,19.930039525691697,FBgn0030847
rna-NM_132995.2,119,2360,0.050423728813559325,NM_132995,FBgn0030847,FBgn0030847,19.930039525691697,FBgn0030847
rna-NM_167571.2,105,2255,0.04656319290465632,NM_167571,FBgn0030847,FBgn0030847,19.930039525691697,FBgn0030847
rna-NM_001298447.1,262,5288,0.04954614220877458,NM_001298447,FBgn0026313,FBgn0026313,180.11462450592884,FBgn0026313
rna-NM_001169310.2,261,5282,0.049413101098068915,NM_001169310,FBgn0026313,FBgn0026313,180.11462450592884,FBgn0026313
rna-NM_001272726.2,217,4485,0.048383500557413604,NM_001272726,FBgn0026313,FBgn0026313,180.11462450592884,FBgn0026313
rna-NM_132996.4,218,4500,0.04844444444444444,NM_132996,FBgn0026313,FBgn0026313,180.11462450592884,FBgn0026313
rna-NM_001272725.2,236,4862,0.04853969559851913,NM_001272725,FBgn0026313,FBgn0026313,180.11462450592884,FBgn0026313
rna-NM_132997.3,72,1882,0.03825717321997875,NM_132997,FBgn0030850,FBgn0030850,122.65217391304348,FBgn0030850
rna-NM_001144745.2,72,2163,0.033287101248266296,NM_001144745,FBgn0030850,FBgn0030850,122.65217391304348,FBgn0030850
rna-NM_132998.2,38,1260,0.03015873015873016,NM_132998,FBgn0030851,FBgn0030851,27.40316205533597,FBgn0030851
rna-NM_001298448.1,86,1978,0.043478260869565216,NM_001298448,FBgn0267967,FBgn0267967,10.91264822134387,FBgn0267967
rna-NM_132999.3,87,1984,0.043850806451612906,NM_132999,FBgn0267967,FBgn0267967,10.91264822134387,FBgn0267967
rna-NM_133000.3,31,1064,0.02913533834586466,NM_133000,FBgn0030853,FBgn0030853,7.969960474308299,FBgn0030853
rna-NM_001298449.1,29,906,0.03200883002207505,NM_001298449,FBgn0030853,FBgn0030853,7.969960474308299,FBgn0030853
rna-NM_001298450.1,66,1767,0.03735144312393888,NM_001298450,FBgn0030854,FBgn0030854,31.063241106719367,FBgn0030854
rna-NM_133001.3,66,1770,0.03728813559322034,NM_133001,FBgn0030854,FBgn0030854,31.063241106719367,FBgn0030854
rna-NM_133002.2,94,2647,0.03551190026445032,NM_133002,FBgn0030855,FBgn0030855,10.059288537549406,FBgn0030855
rna-NM_001272730.1,282,6742,0.041827350934440816,NM_001272730,FBgn0026375,FBgn0026375,417.40711462450594,FBgn0026375
rna-NM_001272729.1,296,7411,0.039940628795034405,NM_001272729,FBgn0026375,FBgn0026375,417.40711462450594,FBgn0026375
rna-NM_167573.2,304,7639,0.03979578478858489,NM_167573,FBgn0026375,FBgn0026375,417.40711462450594,FBgn0026375
rna-NM_001272728.1,304,7693,0.03951644352008319,NM_001272728,FBgn0026375,FBgn0026375,417.40711462450594,FBgn0026375
rna-NM_001272727.1,295,7301,0.04040542391453226,NM_001272727,FBgn0026375,FBgn0026375,417.40711462450594,FBgn0026375
rna-NM_167572.2,294,7348,0.040010887316276535,NM_167572,FBgn0026375,FBgn0026375,417.40711462450594,FBgn0026375
rna-NM_133003.3,215,5872,0.03661444141689373,NM_133003,FBgn0026375,FBgn0026375,417.40711462450594,FBgn0026375
rna-NM_133004.2,132,3668,0.03598691384950927,NM_133004,FBgn0030858,FBgn0030858,20.711462450592887,FBgn0030858
rna-NM_001272732.1,230,7896,0.02912867274569402,NM_001272732,FBgn0250788,FBgn0250788,41.85770750988142,FBgn0250788
rna-NM_078664.3,228,7671,0.02972233085647243,NM_078664,FBgn0250788,FBgn0250788,41.85770750988142,FBgn0250788
rna-NM_001272731.1,230,7718,0.02980046644208344,NM_001272731,FBgn0250788,FBgn0250788,41.85770750988142,FBgn0250788
rna-NM_167574.2,215,5224,0.04115620214395099,NM_167574,FBgn0263258,FBgn0263258,16.771541501976287,FBgn0263258
rna-NM_001298451.1,216,5175,0.04173913043478261,NM_001298451,FBgn0263258,FBgn0263258,16.771541501976287,FBgn0263258
rna-NM_001298452.1,202,5746,0.03515489035851027,NM_001298452,FBgn0263258,FBgn0263258,16.771541501976287,FBgn0263258
rna-NM_206773.2,204,4682,0.043571123451516446,NM_206773,FBgn0263258,FBgn0263258,16.771541501976287,FBgn0263258
rna-NM_001298453.1,226,5219,0.04330331481126653,NM_001298453,FBgn0263258,FBgn0263258,16.771541501976287,FBgn0263258
rna-NM_001298455.1,160,3297,0.048528965726417954,NM_001298455,FBgn0030863,FBgn0030863,347.77470355731225,FBgn0030863
rna-NM_133009.3,132,2689,0.04908888062476757,NM_133009,FBgn0030863,FBgn0030863,347.77470355731225,FBgn0030863
rna-NM_001298454.1,123,2442,0.05036855036855037,NM_001298454,FBgn0030863,FBgn0030863,347.77470355731225,FBgn0030863
rna-NM_001038763.2,117,2119,0.05521472392638037,NM_001038763,FBgn0030863,FBgn0030863,347.77470355731225,FBgn0030863
rna-NM_133010.5,131,3032,0.04320580474934037,NM_133010,FBgn0026192,FBgn0026192,183.2687747035573,FBgn0026192
rna-NM_167575.2,98,2564,0.038221528861154444,NM_167575,FBgn0026192,FBgn0026192,183.2687747035573,FBgn0026192
rna-NM_133011.3,74,1643,0.04503956177723676,NM_133011,FBgn0030864,FBgn0030864,243.3320158102767,FBgn0030864
rna-NM_133012.5,247,6323,0.03906373556855923,NM_133012,FBgn0261570,FBgn0261570,45.355731225296445,FBgn0261570
rna-NM_001201734.3,241,6100,0.03950819672131148,NM_001201734,FBgn0261570,FBgn0261570,45.355731225296445,FBgn0261570
rna-NM_001298457.1,238,6028,0.03948241539482415,NM_001298457,FBgn0261570,FBgn0261570,45.355731225296445,FBgn0261570
rna-NM_001103542.4,241,6073,0.0396838465338383,NM_001103542,FBgn0261570,FBgn0261570,45.355731225296445,FBgn0261570
rna-NM_001298458.1,238,6022,0.03952175357024244,NM_001298458,FBgn0261570,FBgn0261570,45.355731225296445,FBgn0261570
rna-NM_001298456.1,219,5411,0.04047311033080762,NM_001298456,FBgn0261570,FBgn0261570,45.355731225296445,FBgn0261570
rna-NM_167576.3,219,5390,0.040630797773654914,NM_167576,FBgn0261570,FBgn0261570,45.355731225296445,FBgn0261570
rna-NM_001298459.1,264,7345,0.0359428182437032,NM_001298459,FBgn0261570,FBgn0261570,45.355731225296445,FBgn0261570
rna-NM_001201733.1,264,7324,0.03604587657018023,NM_001201733,FBgn0261570,FBgn0261570,45.355731225296445,FBgn0261570
rna-NM_133015.2,27,531,0.05084745762711865,NM_133015,FBgn0030868,FBgn0030868,1.0893280632411069,FBgn0030868
rna-NM_001272733.2,29,4906,0.0059111292295148795,NM_001272733,FBgn0030869,FBgn0030869,116.56126482213439,FBgn0030869
rna-NM_078666.4,27,4836,0.005583126550868486,NM_078666,FBgn0030869,FBgn0030869,116.56126482213439,FBgn0030869
rna-NM_001298462.1,60,1972,0.030425963488843813,NM_001298462,FBgn0030870,FBgn0030870,84.3913043478261,FBgn0030870
rna-NM_133016.3,59,1860,0.031720430107526884,NM_133016,FBgn0030870,FBgn0030870,84.3913043478261,FBgn0030870
rna-NM_078667.4,41,1124,0.036476868327402136,NM_078667,FBgn0000617,FBgn0000617,26.474308300395258,FBgn0000617
rna-NM_133017.4,51,1224,0.041666666666666664,NM_133017,FBgn0030871,FBgn0030871,83.3201581027668,FBgn0030871
rna-NM_001201735.2,54,2022,0.026706231454005934,NM_001201735,FBgn0030872,FBgn0030872,31.476284584980245,FBgn0030872
rna-NM_133018.4,53,1803,0.029395452024403773,NM_133018,FBgn0030872,FBgn0030872,31.476284584980245,FBgn0030872
rna-NM_001298463.1,50,1693,0.029533372711163616,NM_001298463,FBgn0030872,FBgn0030872,31.476284584980245,FBgn0030872
rna-NM_167577.3,51,1664,0.03064903846153846,NM_167577,FBgn0030873,FBgn0030873,249.67193675889328,FBgn0030873
rna-NM_167578.3,52,1740,0.029885057471264367,NM_167578,FBgn0030873,FBgn0030873,249.67193675889328,FBgn0030873
rna-NM_133019.4,57,1884,0.030254777070063694,NM_133019,FBgn0030873,FBgn0030873,249.67193675889328,FBgn0030873
rna-NM_167579.2,45,1487,0.03026227303295225,NM_167579,FBgn0030873,FBgn0030873,249.67193675889328,FBgn0030873
rna-NM_133020.4,31,1309,0.023682200152788387,NM_133020,FBgn0030874,FBgn0030874,9.834387351778656,FBgn0030874
rna-NM_167580.2,27,817,0.033047735618115054,NM_167580,FBgn0052554,FBgn0052554,1.2280632411067183,FBgn0052554
rna-NM_001201738.1,29,767,0.03780964797913951,NM_001201738,FBgn0030876,FBgn0030876,4.173122529644269,FBgn0030876
rna-NM_133022.3,34,984,0.034552845528455285,NM_133022,FBgn0030876,FBgn0030876,4.173122529644269,FBgn0030876
rna-NM_001201736.2,36,921,0.03908794788273615,NM_001201736,FBgn0030876,FBgn0030876,4.173122529644269,FBgn0030876
rna-NM_001201737.2,30,788,0.03807106598984772,NM_001201737,FBgn0030876,FBgn0030876,4.173122529644269,FBgn0030876
rna-NM_133023.4,80,2289,0.03494975972040192,NM_133023,FBgn0030877,FBgn0030877,47.83794466403162,FBgn0030877
rna-NM_001272734.1,64,1543,0.04147764095917045,NM_001272734,FBgn0030878,FBgn0030878,7.36086956521739,FBgn0030878
rna-NM_133024.4,61,1468,0.04155313351498638,NM_133024,FBgn0030878,FBgn0030878,7.36086956521739,FBgn0030878
rna-NM_167581.3,242,5507,0.04394407118213183,NM_167581,FBgn0259168,FBgn0259168,319.8656126482214,FBgn0259168
rna-NM_170659.2,164,4228,0.03878902554399243,NM_170659,FBgn0259168,FBgn0259168,319.8656126482214,FBgn0259168
rna-NM_001014750.2,193,4257,0.04533709184871976,NM_001014750,FBgn0259168,FBgn0259168,319.8656126482214,FBgn0259168
rna-NM_170658.3,204,4460,0.045739910313901344,NM_170658,FBgn0259168,FBgn0259168,319.8656126482214,FBgn0259168
rna-NM_001298464.1,115,2978,0.038616521155137674,NM_001298464,FBgn0259168,FBgn0259168,319.8656126482214,FBgn0259168
rna-NM_133029.4,35,843,0.04151838671411625,NM_133029,FBgn0030883,FBgn0030883,16.141501976284584,FBgn0030883
rna-NM_001298467.1,97,2411,0.040232268768146,NM_001298467,FBgn0283469,FBgn0283469,245.75494071146244,FBgn0283469
rna-NM_133030.4,88,2031,0.043328409650418516,NM_133030,FBgn0283469,FBgn0283469,245.75494071146244,FBgn0283469
rna-NM_001298469.1,98,3494,0.028048082427017746,NM_001298469,FBgn0030890,FBgn0030890,364.24110671936756,FBgn0030890
rna-NM_167599.2,67,3075,0.021788617886178863,NM_167599,FBgn0030890,FBgn0030890,364.24110671936756,FBgn0030890
rna-NM_001298470.1,78,3537,0.02205258693808312,NM_001298470,FBgn0030890,FBgn0030890,364.24110671936756,FBgn0030890
rna-NM_133037.3,63,3019,0.020867837032129844,NM_133037,FBgn0030890,FBgn0030890,364.24110671936756,FBgn0030890
rna-NM_078671.5,69,2658,0.025959367945823927,NM_078671,FBgn0030891,FBgn0030891,127.49802371541502,FBgn0030891
rna-NM_001272738.2,69,2658,0.025959367945823927,NM_001272738,FBgn0030891,FBgn0030891,127.49802371541502,FBgn0030891
rna-NM_206776.2,43,1585,0.027129337539432176,NM_206776,FBgn0030892,FBgn0030892,20.6600790513834,FBgn0030892
rna-NM_001258799.1,46,1643,0.02799756542909312,NM_001258799,FBgn0030892,FBgn0030892,20.6600790513834,FBgn0030892
rna-NM_001258800.2,33,1134,0.0291005291005291,NM_001258800,FBgn0021765,FBgn0021765,78.74703557312253,FBgn0021765
rna-NM_078672.5,33,1034,0.031914893617021274,NM_078672,FBgn0021765,FBgn0021765,78.74703557312253,FBgn0021765
rna-NM_001298472.1,82,3098,0.02646868947708199,NM_001298472,FBgn0030893,FBgn0030893,12.424901185770748,FBgn0030893
rna-NM_176755.3,70,2623,0.02668699961875715,NM_176755,FBgn0030893,FBgn0030893,12.424901185770748,FBgn0030893
rna-NM_133039.5,65,2424,0.026815181518151814,NM_133039,FBgn0030893,FBgn0030893,12.424901185770748,FBgn0030893
rna-NM_001258801.2,65,2363,0.027507405840033854,NM_001258801,FBgn0030893,FBgn0030893,12.424901185770748,FBgn0030893
rna-NM_001298471.1,63,2256,0.027925531914893616,NM_001298471,FBgn0030893,FBgn0030893,12.424901185770748,FBgn0030893
rna-NM_133040.3,47,2126,0.022107243650047036,NM_133040,FBgn0030894,FBgn0030894,135.0513833992095,FBgn0030894
rna-NM_001258802.1,49,2101,0.023322227510709188,NM_001258802,FBgn0030894,FBgn0030894,135.0513833992095,FBgn0030894
rna-NM_167602.2,40,1928,0.02074688796680498,NM_167602,FBgn0030894,FBgn0030894,135.0513833992095,FBgn0030894
rna-NM_078673.4,34,1341,0.02535421327367636,NM_078673,FBgn0022724,FBgn0022724,166.79446640316206,FBgn0022724
rna-NM_167604.4,41,1257,0.03261734287987271,NM_167604,FBgn0283471,FBgn0283471,4.714229249011857,FBgn0283471
rna-NM_001272740.2,40,1345,0.02973977695167286,NM_001272740,FBgn0283471,FBgn0283471,4.714229249011857,FBgn0283471
rna-NM_078674.4,38,1160,0.032758620689655175,NM_078674,FBgn0283471,FBgn0283471,4.714229249011857,FBgn0283471
rna-NM_167606.3,39,1160,0.03362068965517241,NM_167606,FBgn0283471,FBgn0283471,4.714229249011857,FBgn0283471
rna-NM_167607.3,37,1160,0.03189655172413793,NM_167607,FBgn0283471,FBgn0283471,4.714229249011857,FBgn0283471
rna-NM_167608.3,55,1343,0.04095309009679821,NM_167608,FBgn0283471,FBgn0283471,4.714229249011857,FBgn0283471
rna-NM_001272741.1,53,1347,0.03934669636228656,NM_001272741,FBgn0283471,FBgn0283471,4.714229249011857,FBgn0283471
rna-NM_001272739.1,36,1159,0.031061259706643658,NM_001272739,FBgn0283471,FBgn0283471,4.714229249011857,FBgn0283471
rna-NM_167603.3,39,1129,0.03454384410983171,NM_167603,FBgn0283471,FBgn0283471,4.714229249011857,FBgn0283471
rna-NM_167605.3,39,1129,0.03454384410983171,NM_167605,FBgn0283471,FBgn0283471,4.714229249011857,FBgn0283471
rna-NM_001258805.2,31,1039,0.029836381135707413,NM_001258805,FBgn0283471,FBgn0283471,4.714229249011857,FBgn0283471
rna-NM_001258804.2,32,1029,0.031098153547133137,NM_001258804,FBgn0283471,FBgn0283471,4.714229249011857,FBgn0283471
rna-NM_001258803.2,49,1212,0.040429042904290426,NM_001258803,FBgn0283471,FBgn0283471,4.714229249011857,FBgn0283471
rna-NM_001258807.3,129,4416,0.029211956521739132,NM_001258807,FBgn0017418,FBgn0017418,209.53754940711462,FBgn0017418
rna-NM_001272742.2,88,3234,0.027210884353741496,NM_001272742,FBgn0017418,FBgn0017418,209.53754940711462,FBgn0017418
rna-NM_001272743.1,100,3350,0.029850746268656716,NM_001272743,FBgn0017418,FBgn0017418,209.53754940711462,FBgn0017418
rna-NM_078675.4,77,2656,0.028990963855421686,NM_078675,FBgn0017418,FBgn0017418,209.53754940711462,FBgn0017418
rna-NM_206777.2,83,2811,0.029526858769121308,NM_206777,FBgn0017418,FBgn0017418,209.53754940711462,FBgn0017418
rna-NM_167610.4,78,2635,0.029601518026565465,NM_167610,FBgn0017418,FBgn0017418,209.53754940711462,FBgn0017418
rna-NM_133045.4,49,920,0.05326086956521739,NM_133045,FBgn0030900,FBgn0030900,0.4177865612648226,FBgn0030900
rna-NM_001370039.1,71,1980,0.03585858585858586,NM_001370039,FBgn0030904,FBgn0030904,3.8217391304347825,FBgn0030904
rna-NM_001298473.1,74,2602,0.02843966179861645,NM_001298473,FBgn0004956,FBgn0004956,35.64229249011858,FBgn0004956
rna-NM_001103545.3,65,2443,0.02660663119115841,NM_001103545,FBgn0004956,FBgn0004956,35.64229249011858,FBgn0004956
rna-NM_080356.4,81,2642,0.030658591975775928,NM_080356,FBgn0004956,FBgn0004956,35.64229249011858,FBgn0004956
rna-NM_133057.3,66,1425,0.04631578947368421,NM_133057,FBgn0030912,FBgn0030912,14.584584980237134,FBgn0030912
rna-NM_206780.2,84,1453,0.057811424638678596,NM_206780,FBgn0030912,FBgn0030912,14.584584980237134,FBgn0030912
rna-NM_001298474.1,80,2446,0.032706459525756335,NM_001298474,FBgn0030914,FBgn0030914,0.7664031620553328,FBgn0030914
rna-NM_133059.3,68,1878,0.0362087326943557,NM_133059,FBgn0030914,FBgn0030914,0.7664031620553328,FBgn0030914
rna-NM_001103546.3,85,2091,0.04065040650406504,NM_001103546,FBgn0265784,FBgn0265784,53.44664031620553,FBgn0265784
rna-NM_001103547.4,143,3518,0.04064809550881183,NM_001103547,FBgn0265784,FBgn0265784,53.44664031620553,FBgn0265784
rna-NM_001103548.4,141,3380,0.04171597633136095,NM_001103548,FBgn0265784,FBgn0265784,53.44664031620553,FBgn0265784
rna-NM_001272749.2,90,2049,0.043923865300146414,NM_001272749,FBgn0265784,FBgn0265784,53.44664031620553,FBgn0265784
rna-NM_001382186.1,92,2475,0.037171717171717175,NM_001382186,FBgn0265784,FBgn0265784,53.44664031620553,FBgn0265784
rna-NM_001347813.2,78,2063,0.03780901599612215,NM_001347813,FBgn0265784,FBgn0265784,53.44664031620553,FBgn0265784
rna-NM_001272748.3,78,2051,0.03803022915650902,NM_001272748,FBgn0265784,FBgn0265784,53.44664031620553,FBgn0265784
rna-NM_001258811.3,66,2015,0.032754342431761785,NM_001258811,FBgn0265784,FBgn0265784,53.44664031620553,FBgn0265784
rna-NM_206781.4,79,2072,0.03812741312741313,NM_206781,FBgn0265784,FBgn0265784,53.44664031620553,FBgn0265784
rna-NM_206783.4,81,2198,0.036851683348498636,NM_206783,FBgn0265784,FBgn0265784,53.44664031620553,FBgn0265784
rna-NM_001272751.1,70,2257,0.031014621178555603,NM_001272751,FBgn0004957,FBgn0004957,33.37549407114624,FBgn0004957
rna-NM_057542.3,74,2331,0.031746031746031744,NM_057542,FBgn0004957,FBgn0004957,33.37549407114624,FBgn0004957
rna-NM_001272750.1,61,1848,0.03300865800865801,NM_001272750,FBgn0004957,FBgn0004957,33.37549407114624,FBgn0004957
rna-NM_133060.3,60,1276,0.047021943573667714,NM_133060,FBgn0030915,FBgn0030915,54.83794466403162,FBgn0030915
rna-NM_078676.4,99,3203,0.030908523259444272,NM_078676,FBgn0008635,FBgn0008635,19.150197628458496,FBgn0008635
rna-NM_133061.3,61,2310,0.026406926406926406,NM_133061,FBgn0052549,FBgn0052549,187.93675889328063,FBgn0052549
rna-NM_206785.2,61,2652,0.023001508295625944,NM_206785,FBgn0052549,FBgn0052549,187.93675889328063,FBgn0052549
rna-NM_206786.2,61,2781,0.02193455591513844,NM_206786,FBgn0052549,FBgn0052549,187.93675889328063,FBgn0052549
rna-NM_167614.2,92,2509,0.036667995217218016,NM_167614,FBgn0052549,FBgn0052549,187.93675889328063,FBgn0052549
rna-NM_167615.2,56,2677,0.020918939110945087,NM_167615,FBgn0052549,FBgn0052549,187.93675889328063,FBgn0052549
rna-NM_206787.2,56,2806,0.019957234497505347,NM_206787,FBgn0052549,FBgn0052549,187.93675889328063,FBgn0052549
rna-NM_001298477.1,139,3668,0.03789531079607415,NM_001298477,FBgn0030930,FBgn0030930,136.27667984189722,FBgn0030930
rna-NM_167623.2,130,3437,0.037823683444864704,NM_167623,FBgn0030930,FBgn0030930,136.27667984189722,FBgn0030930
rna-NM_133073.3,106,2537,0.04178163184864012,NM_133073,FBgn0030930,FBgn0030930,136.27667984189722,FBgn0030930
rna-NM_133074.3,51,1132,0.045053003533568906,NM_133074,FBgn0030931,FBgn0030931,2.0256916996047525,FBgn0030931
rna-NM_001298478.1,154,4005,0.03845193508114857,NM_001298478,FBgn0010194,FBgn0010194,15.743083003952568,FBgn0010194
rna-NM_057576.5,152,3850,0.039480519480519484,NM_057576,FBgn0010194,FBgn0010194,15.743083003952568,FBgn0010194
rna-NM_133075.3,107,2396,0.044657762938230386,NM_133075,FBgn0030932,FBgn0030932,95.4146245059288,FBgn0030932
rna-NM_001298479.1,101,2212,0.045660036166365284,NM_001298479,FBgn0030932,FBgn0030932,95.4146245059288,FBgn0030932
rna-NM_001272759.2,88,2309,0.038111736682546554,NM_001272759,FBgn0265598,FBgn0265598,192.1818181818182,FBgn0265598
rna-NM_176758.3,134,3413,0.03926164664518019,NM_176758,FBgn0265598,FBgn0265598,192.1818181818182,FBgn0265598
rna-NM_167625.3,97,2494,0.03889334402566159,NM_167625,FBgn0265598,FBgn0265598,192.1818181818182,FBgn0265598
rna-NM_001272758.1,97,2494,0.03889334402566159,NM_001272758,FBgn0265598,FBgn0265598,192.1818181818182,FBgn0265598
rna-NM_078678.4,77,2051,0.03754266211604096,NM_078678,FBgn0265598,FBgn0265598,192.1818181818182,FBgn0265598
rna-NM_001272757.1,86,2862,0.03004891684136967,NM_001272757,FBgn0027087,FBgn0027087,61.91304347826087,FBgn0027087
rna-NM_001272756.1,66,2250,0.029333333333333333,NM_001272756,FBgn0027087,FBgn0027087,61.91304347826087,FBgn0027087
rna-NM_133077.2,64,2104,0.030418250950570342,NM_133077,FBgn0027087,FBgn0027087,61.91304347826087,FBgn0027087
rna-NM_167624.3,59,1978,0.029828109201213347,NM_167624,FBgn0027087,FBgn0027087,61.91304347826087,FBgn0027087
rna-NM_133081.3,26,911,0.02854006586169045,NM_133081,FBgn0030938,FBgn0030938,27.001976284585073,FBgn0030938
rna-NM_167626.2,79,2415,0.032712215320910974,NM_167626,FBgn0030941,FBgn0030941,8.317391304347826,FBgn0030941
rna-NM_001298481.1,83,2594,0.03199691595990748,NM_001298481,FBgn0030941,FBgn0030941,8.317391304347826,FBgn0030941
rna-NM_001169320.2,49,2329,0.0210390725633319,NM_001169320,FBgn0027335,FBgn0027335,101.9802371541502,FBgn0027335
rna-NM_001298482.1,41,2508,0.01634768740031898,NM_001298482,FBgn0027335,FBgn0027335,101.9802371541502,FBgn0027335
rna-NM_001298484.1,89,3466,0.02567801500288517,NM_001298484,FBgn0027335,FBgn0027335,101.9802371541502,FBgn0027335
rna-NM_001298483.1,89,3726,0.023886205045625334,NM_001298483,FBgn0027335,FBgn0027335,101.9802371541502,FBgn0027335
rna-NM_133085.4,89,3808,0.0233718487394958,NM_133085,FBgn0027335,FBgn0027335,101.9802371541502,FBgn0027335
rna-NM_133086.4,63,1249,0.05044035228182546,NM_133086,FBgn0030943,FBgn0030943,56.8498023715415,FBgn0030943
rna-NM_133087.3,36,989,0.03640040444893832,NM_133087,FBgn0030944,FBgn0030944,98.4703557312253,FBgn0030944
rna-NM_133088.1,86,2298,0.03742384682332463,NM_133088,FBgn0030945,FBgn0030945,11.296442687747035,FBgn0030945
rna-NM_133089.2,160,3356,0.04767580452920143,NM_133089,FBgn0030946,FBgn0030946,42.055335968379445,FBgn0030946
rna-NM_167627.1,167,3426,0.04874489200233508,NM_167627,FBgn0030946,FBgn0030946,42.055335968379445,FBgn0030946
rna-NM_058151.5,98,3251,0.03014457090126115,NM_058151,FBgn0001079,FBgn0001079,30.031620553359684,FBgn0001079
rna-NM_001298485.1,30,2203,0.013617793917385384,NM_001298485,FBgn0004959,FBgn0004959,7.228458498023716,FBgn0004959
rna-NM_133091.3,27,1997,0.013520280420630946,NM_133091,FBgn0004959,FBgn0004959,7.228458498023716,FBgn0004959
rna-NM_078679.3,88,3049,0.028861921941620204,NM_078679,FBgn0010383,FBgn0010383,1.5695652173913055,FBgn0010383
rna-NM_167628.2,65,2199,0.02955889040472942,NM_167628,FBgn0010383,FBgn0010383,1.5695652173913055,FBgn0010383
rna-NM_133096.3,45,2055,0.021897810218978103,NM_133096,FBgn0030956,FBgn0030956,69.0,FBgn0030956
rna-NM_133097.3,62,1894,0.03273495248152059,NM_133097,FBgn0030959,FBgn0030959,340.2134387351779,FBgn0030959
rna-NM_080122.4,54,2129,0.025364020666979802,NM_080122,FBgn0283473,FBgn0283473,44.65612648221344,FBgn0283473
rna-NM_001258814.2,54,2123,0.025435704192180875,NM_001258814,FBgn0283473,FBgn0283473,44.65612648221344,FBgn0283473
rna-NM_001258813.1,42,1651,0.025439127801332527,NM_001258813,FBgn0283473,FBgn0283473,44.65612648221344,FBgn0283473
rna-NM_133098.3,59,1850,0.03189189189189189,NM_133098,FBgn0030960,FBgn0030960,45.237154150197625,FBgn0030960
rna-NM_167634.3,76,2406,0.03158769742310889,NM_167634,FBgn0001090,FBgn0001090,985.8458498023715,FBgn0001090
rna-NM_078682.4,58,1947,0.029789419619928096,NM_078682,FBgn0001090,FBgn0001090,985.8458498023715,FBgn0001090
rna-NM_167633.2,60,2095,0.028639618138424822,NM_167633,FBgn0001090,FBgn0001090,985.8458498023715,FBgn0001090
rna-NM_167635.3,54,1853,0.02914193200215866,NM_167635,FBgn0001090,FBgn0001090,985.8458498023715,FBgn0001090
rna-NM_001272762.2,289,8896,0.032486510791366906,NM_001272762,FBgn0259927,FBgn0259927,5.531225296442686,FBgn0259927
rna-NM_133100.4,202,5085,0.039724680432645036,NM_133100,FBgn0259927,FBgn0259927,5.531225296442686,FBgn0259927
rna-NM_133101.4,45,1454,0.030949105914718018,NM_133101,FBgn0030963,FBgn0030963,17.912648221343886,FBgn0030963
rna-NM_001298486.1,49,2783,0.01760689902982393,NM_001298486,FBgn0030964,FBgn0030964,17.107114624505975,FBgn0030964
rna-NM_078683.3,36,1896,0.0189873417721519,NM_078683,FBgn0030964,FBgn0030964,17.107114624505975,FBgn0030964
rna-NM_001169321.2,32,1804,0.017738359201773836,NM_001169321,FBgn0030964,FBgn0030964,17.107114624505975,FBgn0030964
rna-NM_133102.3,219,8079,0.027107315261789826,NM_133102,FBgn0085451,FBgn0085451,20.636363636363637,FBgn0085451
rna-NM_133104.3,169,5984,0.028241978609625667,NM_133104,FBgn0085451,FBgn0085451,20.636363636363637,FBgn0085451
rna-NM_133103.3,73,2115,0.03451536643026005,NM_133103,FBgn0030966,FBgn0030966,7.760869565217379,FBgn0030966
rna-NM_133105.3,28,934,0.029978586723768737,NM_133105,FBgn0030968,FBgn0030968,2.8703557312253056,FBgn0030968
rna-NM_001298487.1,39,1183,0.03296703296703297,NM_001298487,FBgn0030968,FBgn0030968,2.8703557312253056,FBgn0030968
rna-NM_001272764.1,28,877,0.03192702394526796,NM_001272764,FBgn0030968,FBgn0030968,2.8703557312253056,FBgn0030968
rna-NM_133106.3,81,1695,0.047787610619469026,NM_133106,FBgn0030969,FBgn0030969,60.39920948616601,FBgn0030969
rna-NM_001272766.1,105,2580,0.040697674418604654,NM_001272766,FBgn0030970,FBgn0030970,29.0399209486166,FBgn0030970
rna-NM_133107.2,90,2217,0.04059539918809202,NM_133107,FBgn0030970,FBgn0030970,29.0399209486166,FBgn0030970
rna-NM_133108.3,550,13753,0.0399912746309896,NM_133108,FBgn0085430,FBgn0085430,179.19367588932806,FBgn0085430
rna-NM_001370011.1,414,10317,0.040127944169816805,NM_001370011,FBgn0085430,FBgn0085430,179.19367588932806,FBgn0085430
rna-NM_144236.3,414,10317,0.040127944169816805,NM_144236,FBgn0085430,FBgn0085430,179.19367588932806,FBgn0085430
rna-NM_001298488.1,185,3401,0.054395765951190826,NM_001298488,FBgn0030973,FBgn0030973,192.21343873517787,FBgn0030973
rna-NM_133110.3,126,2146,0.05871388630009319,NM_133110,FBgn0030973,FBgn0030973,192.21343873517787,FBgn0030973
rna-NM_001298489.1,180,3919,0.045930084205154376,NM_001298489,FBgn0030974,FBgn0030974,43.130434782608695,FBgn0030974
rna-NM_133111.2,181,3952,0.04579959514170041,NM_133111,FBgn0030974,FBgn0030974,43.130434782608695,FBgn0030974
rna-NM_001298490.1,185,4147,0.04461056185194116,NM_001298490,FBgn0030974,FBgn0030974,43.130434782608695,FBgn0030974
rna-NM_001272769.1,180,6340,0.028391167192429023,NM_001272769,FBgn0264090,FBgn0264090,27.09486166007905,FBgn0264090
rna-NM_133114.4,128,4583,0.027929303949378138,NM_133114,FBgn0264090,FBgn0264090,27.09486166007905,FBgn0264090
rna-NM_001272768.1,128,4583,0.027929303949378138,NM_001272768,FBgn0264090,FBgn0264090,27.09486166007905,FBgn0264090
rna-NM_001298493.1,123,4396,0.027979981801637854,NM_001298493,FBgn0264090,FBgn0264090,27.09486166007905,FBgn0264090
rna-NM_133124.4,81,4695,0.017252396166134186,NM_133124,FBgn0261461,FBgn0261461,26.9308300395257,FBgn0261461
rna-NM_001144748.2,76,3931,0.01933350292546426,NM_001144748,FBgn0261461,FBgn0261461,26.9308300395257,FBgn0261461
rna-NM_001298497.1,57,1787,0.0318970341354225,NM_001298497,FBgn0261461,FBgn0261461,26.9308300395257,FBgn0261461
rna-NM_001144749.2,55,1689,0.03256364712847839,NM_001144749,FBgn0261461,FBgn0261461,26.9308300395257,FBgn0261461
rna-NM_133123.2,75,2208,0.033967391304347824,NM_133123,FBgn0261461,FBgn0261461,26.9308300395257,FBgn0261461
rna-NM_001298498.1,70,2893,0.024196335983408226,NM_001298498,FBgn0030990,FBgn0030990,82.72332015810277,FBgn0030990
rna-NM_133126.2,42,2005,0.020947630922693267,NM_133126,FBgn0030990,FBgn0030990,82.72332015810277,FBgn0030990
rna-NM_133127.3,89,1852,0.048056155507559394,NM_133127,FBgn0030991,FBgn0030991,66.39920948616601,FBgn0030991
rna-NM_133131.2,42,1230,0.03414634146341464,NM_133131,FBgn0030995,FBgn0030995,7.542687747035561,FBgn0030995
rna-NM_133132.2,81,1940,0.041752577319587626,NM_133132,FBgn0030996,FBgn0030996,297.699604743083,FBgn0030996
rna-NM_001272771.1,78,1868,0.0417558886509636,NM_001272771,FBgn0030996,FBgn0030996,297.699604743083,FBgn0030996
rna-NM_133134.3,179,5498,0.03255729356129502,NM_133134,FBgn0027603,FBgn0027603,83.88537549407114,FBgn0027603
rna-NM_133138.2,180,3960,0.045454545454545456,NM_133138,FBgn0031001,FBgn0031001,12.99288537549407,FBgn0031001
rna-NM_001272772.1,172,3777,0.04553878739740535,NM_001272772,FBgn0031001,FBgn0031001,12.99288537549407,FBgn0031001
rna-NM_133140.3,48,1468,0.0326975476839237,NM_133140,FBgn0031003,FBgn0031003,16.799604743083002,FBgn0031003
rna-NM_133141.3,62,1693,0.03662138216184288,NM_133141,FBgn0031004,FBgn0031004,0.2976284584980241,FBgn0031004
rna-NM_001298503.1,216,6552,0.03296703296703297,NM_001298503,FBgn0031006,FBgn0031006,60.07114624505929,FBgn0031006
rna-NM_133143.2,216,6612,0.032667876588021776,NM_133143,FBgn0031006,FBgn0031006,60.07114624505929,FBgn0031006
rna-NM_001298504.1,205,6485,0.03161141094834233,NM_001298504,FBgn0031006,FBgn0031006,60.07114624505929,FBgn0031006
rna-NM_167642.3,223,4603,0.04844666521833587,NM_167642,FBgn0040068,FBgn0040068,19.945454545454545,FBgn0040068
rna-NM_001103560.3,177,4036,0.043855302279484636,NM_001103560,FBgn0040068,FBgn0040068,19.945454545454545,FBgn0040068
rna-NM_001272774.1,174,3925,0.044331210191082805,NM_001272774,FBgn0040068,FBgn0040068,19.945454545454545,FBgn0040068
rna-NM_133144.4,146,3412,0.04279015240328253,NM_133144,FBgn0040068,FBgn0040068,19.945454545454545,FBgn0040068
rna-NM_133145.4,47,1633,0.02878138395590937,NM_133145,FBgn0031008,FBgn0031008,8.103162055335968,FBgn0031008
rna-NM_167643.3,80,2442,0.03276003276003276,NM_167643,FBgn0052537,FBgn0052537,13.805928853754937,FBgn0052537
rna-NM_001272775.1,61,1817,0.033571821684094665,NM_001272775,FBgn0052537,FBgn0052537,13.805928853754937,FBgn0052537
rna-NM_133148.5,147,4405,0.03337116912599319,NM_133148,FBgn0031011,FBgn0031011,81.24505928853755,FBgn0031011
rna-NM_001169323.2,71,2053,0.0345835362883585,NM_001169323,FBgn0031011,FBgn0031011,81.24505928853755,FBgn0031011
rna-NM_001298506.1,121,3414,0.035442296426479204,NM_001298506,FBgn0259834,FBgn0259834,48.71620553359684,FBgn0259834
rna-NM_133150.3,101,2902,0.03480358373535493,NM_133150,FBgn0259834,FBgn0259834,48.71620553359684,FBgn0259834
rna-NM_001258817.2,178,6284,0.028325907065563337,NM_001258817,FBgn0031016,FBgn0031016,56.09090909090909,FBgn0031016
rna-NM_167648.3,130,4544,0.028609154929577465,NM_167648,FBgn0031016,FBgn0031016,56.09090909090909,FBgn0031016
rna-NM_167647.3,118,4444,0.026552655265526554,NM_167647,FBgn0031016,FBgn0031016,56.09090909090909,FBgn0031016
rna-NM_133154.5,118,4374,0.026977594878829447,NM_133154,FBgn0031016,FBgn0031016,56.09090909090909,FBgn0031016
rna-NM_167649.2,87,3600,0.024166666666666666,NM_167649,FBgn0052533,FBgn0052533,10.632411067193676,FBgn0052533
rna-NM_001298508.1,84,3508,0.02394526795895097,NM_001298508,FBgn0052533,FBgn0052533,10.632411067193676,FBgn0052533
rna-NM_001298509.1,25,797,0.03136762860727729,NM_001298509,FBgn0044030,FBgn0044030,29.292490118577074,FBgn0044030
rna-NM_167650.2,3,476,0.0063025210084033615,NM_167650,FBgn0044030,FBgn0044030,29.292490118577074,FBgn0044030
rna-NM_001298510.1,95,4013,0.02367306254672315,NM_001298510,FBgn0031020,FBgn0031020,146.85375494071147,FBgn0031020
rna-NM_133156.2,75,3738,0.020064205457463884,NM_133156,FBgn0031020,FBgn0031020,146.85375494071147,FBgn0031020
rna-NM_001169325.2,91,5384,0.01690193164933135,NM_001169325,FBgn0020261,FBgn0020261,40.5098814229249,FBgn0020261
rna-NM_078684.4,90,5260,0.017110266159695818,NM_078684,FBgn0020261,FBgn0020261,40.5098814229249,FBgn0020261
rna-NM_133157.4,15,768,0.01953125,NM_133157,FBgn0031021,FBgn0031021,11.118577075098814,FBgn0031021
rna-NM_133158.4,12,1110,0.010810810810810811,NM_133158,FBgn0031022,FBgn0031022,8.209881422924902,FBgn0031022
rna-NM_144242.4,5,435,0.011494252873563218,NM_144242,FBgn0040890,FBgn0040890,31.88932806324112,FBgn0040890
rna-NM_133159.3,170,8091,0.021010999876405884,NM_133159,FBgn0031023,FBgn0031023,69.77114624505928,FBgn0031023
rna-NM_001258819.2,165,7411,0.022264201862096884,NM_001258819,FBgn0031023,FBgn0031023,69.77114624505928,FBgn0031023
rna-NM_001258820.2,165,7408,0.022273218142548595,NM_001258820,FBgn0031023,FBgn0031023,69.77114624505928,FBgn0031023
rna-NM_167654.2,56,2912,0.019230769230769232,NM_167654,FBgn0027621,FBgn0027621,42.27272727272727,FBgn0027621
rna-NM_001258821.2,57,3061,0.018621365566808233,NM_001258821,FBgn0027621,FBgn0027621,42.27272727272727,FBgn0027621
rna-NM_167651.2,56,2981,0.018785642401878563,NM_167651,FBgn0027621,FBgn0027621,42.27272727272727,FBgn0027621
rna-NM_167656.2,56,2978,0.01880456682337139,NM_167656,FBgn0027621,FBgn0027621,42.27272727272727,FBgn0027621
rna-NM_058104.5,59,3376,0.017476303317535545,NM_058104,FBgn0027621,FBgn0027621,42.27272727272727,FBgn0027621
rna-NM_001298512.1,59,3373,0.01749184702045657,NM_001298512,FBgn0027621,FBgn0027621,42.27272727272727,FBgn0027621
rna-NM_058103.3,54,2928,0.018442622950819672,NM_058103,FBgn0027621,FBgn0027621,42.27272727272727,FBgn0027621
rna-NM_167652.2,58,2983,0.019443513241702983,NM_167652,FBgn0027621,FBgn0027621,42.27272727272727,FBgn0027621
rna-NM_167655.2,58,2980,0.019463087248322148,NM_167655,FBgn0027621,FBgn0027621,42.27272727272727,FBgn0027621
rna-NM_001258822.2,60,3197,0.01876759461995621,NM_001258822,FBgn0027621,FBgn0027621,42.27272727272727,FBgn0027621
rna-NM_001258823.2,64,3383,0.018918120011823827,NM_001258823,FBgn0027621,FBgn0027621,42.27272727272727,FBgn0027621
rna-NM_167653.3,60,3193,0.018791105543376135,NM_167653,FBgn0027621,FBgn0027621,42.27272727272727,FBgn0027621
rna-NM_001298511.1,58,3031,0.019135598812273176,NM_001298511,FBgn0027621,FBgn0027621,42.27272727272727,FBgn0027621
rna-NM_167657.3,38,2029,0.018728437654016758,NM_167657,FBgn0027291,FBgn0027291,285.3517786561265,FBgn0027291
rna-NM_133160.2,20,1332,0.015015015015015015,NM_133160,FBgn0027291,FBgn0027291,285.3517786561265,FBgn0027291
rna-NM_001272776.1,20,1395,0.014336917562724014,NM_001272776,FBgn0027291,FBgn0027291,285.3517786561265,FBgn0027291
rna-NM_001014754.1,17,1800,0.009444444444444445,NM_001014754,FBgn0261573,FBgn0261573,64.03557312252964,FBgn0261573
rna-NM_001258824.1,54,3155,0.01711568938193344,NM_001258824,FBgn0261573,FBgn0261573,64.03557312252964,FBgn0261573
rna-NM_001201742.3,79,3998,0.019759879939969985,NM_001201742,FBgn0261573,FBgn0261573,64.03557312252964,FBgn0261573
rna-NM_001014752.4,58,3296,0.017597087378640776,NM_001014752,FBgn0261573,FBgn0261573,64.03557312252964,FBgn0261573
rna-NM_001014753.3,58,3290,0.01762917933130699,NM_001014753,FBgn0261573,FBgn0261573,64.03557312252964,FBgn0261573
rna-NM_001258825.2,55,3255,0.016897081413210446,NM_001258825,FBgn0261573,FBgn0261573,64.03557312252964,FBgn0261573
rna-NM_001014755.2,19,2085,0.009112709832134292,NM_001014755,FBgn0261573,FBgn0261573,64.03557312252964,FBgn0261573
rna-NM_001014756.2,17,1839,0.009244154431756389,NM_001014756,FBgn0261573,FBgn0261573,64.03557312252964,FBgn0261573
rna-NM_001272777.1,25,1834,0.013631406761177753,NM_001272777,FBgn0261573,FBgn0261573,64.03557312252964,FBgn0261573
rna-NM_001258826.1,48,2203,0.021788470267816613,NM_001258826,FBgn0261573,FBgn0261573,64.03557312252964,FBgn0261573
rna-NM_001298515.1,226,5063,0.04463756666008296,NM_001298515,FBgn0026430,FBgn0026430,39.24505928853755,FBgn0026430
rna-NM_001169327.2,124,3214,0.038581207218419414,NM_001169327,FBgn0026430,FBgn0026430,39.24505928853755,FBgn0026430
rna-NM_167662.2,132,3313,0.03984304255961364,NM_167662,FBgn0026430,FBgn0026430,39.24505928853755,FBgn0026430
rna-NM_001169326.2,168,4110,0.040875912408759124,NM_001169326,FBgn0026430,FBgn0026430,39.24505928853755,FBgn0026430
rna-NM_078685.3,126,3154,0.039949270767279645,NM_078685,FBgn0026430,FBgn0026430,39.24505928853755,FBgn0026430
rna-NM_167663.2,134,3253,0.0411927451583154,NM_167663,FBgn0026430,FBgn0026430,39.24505928853755,FBgn0026430
rna-NM_167664.2,65,3173,0.020485345099275135,NM_167664,FBgn0000257,FBgn0000257,57.6798418972332,FBgn0000257
rna-NM_001272778.1,65,3173,0.020485345099275135,NM_001272778,FBgn0000257,FBgn0000257,57.6798418972332,FBgn0000257
rna-NM_078686.5,63,3097,0.020342266709719083,NM_078686,FBgn0000257,FBgn0000257,57.6798418972332,FBgn0000257
rna-NM_001201743.3,103,5483,0.018785336494619734,NM_001201743,FBgn0031030,FBgn0031030,378.49407114624506,FBgn0031030
rna-NM_001201744.2,48,2621,0.018313620755436855,NM_001201744,FBgn0031030,FBgn0031030,378.49407114624506,FBgn0031030
rna-NM_167665.2,55,3685,0.014925373134328358,NM_167665,FBgn0031030,FBgn0031030,378.49407114624506,FBgn0031030
rna-NM_167666.3,64,4035,0.015861214374225528,NM_167666,FBgn0031030,FBgn0031030,378.49407114624506,FBgn0031030
rna-NM_001272779.1,64,4230,0.015130023640661938,NM_001272779,FBgn0031030,FBgn0031030,378.49407114624506,FBgn0031030
rna-NM_134475.4,32,2099,0.015245354930919485,NM_134475,FBgn0031030,FBgn0031030,378.49407114624506,FBgn0031030
rna-NM_167667.3,35,2238,0.015638963360142984,NM_167667,FBgn0031030,FBgn0031030,378.49407114624506,FBgn0031030
rna-NM_001272780.2,44,2744,0.016034985422740525,NM_001272780,FBgn0031030,FBgn0031030,378.49407114624506,FBgn0031030
rna-NM_001258827.1,43,2720,0.015808823529411764,NM_001258827,FBgn0031030,FBgn0031030,378.49407114624506,FBgn0031030
rna-NM_001258828.2,35,1554,0.02252252252252252,NM_001258828,FBgn0031031,FBgn0031031,2.1762845849802446,FBgn0031031
rna-NM_134476.3,35,1571,0.022278803309993635,NM_134476,FBgn0031031,FBgn0031031,2.1762845849802446,FBgn0031031
rna-NM_001272781.1,79,2768,0.028540462427745664,NM_001272781,FBgn0031032,FBgn0031032,3.4667984189723313,FBgn0031032
rna-NM_134477.3,70,2301,0.030421555845284658,NM_134477,FBgn0031032,FBgn0031032,3.4667984189723313,FBgn0031032
rna-NM_167668.2,23,743,0.03095558546433378,NM_167668,FBgn0285947,FBgn0285947,378.40711462450594,FBgn0285947
rna-NM_134480.4,58,1469,0.039482641252552755,NM_134480,FBgn0285947,FBgn0285947,378.40711462450594,FBgn0285947
rna-NM_001258829.2,26,809,0.032138442521631644,NM_001258829,FBgn0285947,FBgn0285947,378.40711462450594,FBgn0285947
rna-NM_001298516.1,18,651,0.027649769585253458,NM_001298516,FBgn0285947,FBgn0285947,378.40711462450594,FBgn0285947
rna-NM_001258830.2,89,1817,0.04898183819482664,NM_001258830,FBgn0031036,FBgn0031036,13.95296442687747,FBgn0031036
rna-NM_134481.2,67,1312,0.051067073170731704,NM_134481,FBgn0031036,FBgn0031036,13.95296442687747,FBgn0031036
rna-NM_001298517.1,45,1380,0.03260869565217391,NM_001298517,FBgn0031037,FBgn0031037,168.08300395256916,FBgn0031037
rna-NM_167669.3,40,1267,0.03157063930544594,NM_167669,FBgn0031037,FBgn0031037,168.08300395256916,FBgn0031037
rna-NM_134482.4,39,1240,0.031451612903225803,NM_134482,FBgn0031037,FBgn0031037,168.08300395256916,FBgn0031037
rna-NM_001258831.1,16,753,0.021248339973439574,NM_001258831,FBgn0031037,FBgn0031037,168.08300395256916,FBgn0031037
rna-NM_134484.3,18,567,0.031746031746031744,NM_134484,FBgn0031040,FBgn0031040,9.458498023715414,FBgn0031040
rna-NM_001298520.1,18,559,0.03220035778175313,NM_001298520,FBgn0031040,FBgn0031040,9.458498023715414,FBgn0031040
rna-NM_001272785.1,27,807,0.03345724907063197,NM_001272785,FBgn0031043,FBgn0031043,417.8656126482214,FBgn0031043
rna-NM_134487.3,41,1233,0.0332522303325223,NM_134487,FBgn0031043,FBgn0031043,417.8656126482214,FBgn0031043
rna-NM_001272787.2,41,1247,0.03287890938251804,NM_001272787,FBgn0031043,FBgn0031043,417.8656126482214,FBgn0031043
rna-NM_001272786.1,41,1242,0.033011272141706925,NM_001272786,FBgn0031043,FBgn0031043,417.8656126482214,FBgn0031043
rna-NM_134488.2,77,2358,0.03265479219677693,NM_134488,FBgn0031044,FBgn0031044,40.28853754940712,FBgn0031044
rna-NM_001272788.1,45,1815,0.024793388429752067,NM_001272788,FBgn0031044,FBgn0031044,40.28853754940712,FBgn0031044
rna-NM_001272789.1,280,7784,0.03597122302158273,NM_001272789,FBgn0087008,FBgn0087008,356.99209486166006,FBgn0087008
rna-NM_001272792.1,253,6531,0.038738324911958354,NM_001272792,FBgn0087008,FBgn0087008,356.99209486166006,FBgn0087008
rna-NM_134490.3,269,6937,0.03877756955456249,NM_134490,FBgn0087008,FBgn0087008,356.99209486166006,FBgn0087008
rna-NM_001272790.1,276,7200,0.03833333333333333,NM_001272790,FBgn0087008,FBgn0087008,356.99209486166006,FBgn0087008
rna-NM_001272791.1,303,7718,0.039258875356309925,NM_001272791,FBgn0087008,FBgn0087008,356.99209486166006,FBgn0087008
rna-NM_001272793.2,63,1725,0.036521739130434785,NM_001272793,FBgn0031047,FBgn0031047,373.4189723320158,FBgn0031047
rna-NM_167675.2,64,1612,0.03970223325062035,NM_167675,FBgn0031047,FBgn0031047,373.4189723320158,FBgn0031047
rna-NM_134491.4,62,1544,0.04015544041450777,NM_134491,FBgn0031047,FBgn0031047,373.4189723320158,FBgn0031047
rna-NM_134492.3,51,1679,0.030375223347230494,NM_134492,FBgn0031048,FBgn0031048,125.67193675889328,FBgn0031048
rna-NM_001298521.1,25,792,0.03156565656565657,NM_001298521,FBgn0031049,FBgn0031049,162.61660079051384,FBgn0031049
rna-NM_134493.3,21,669,0.03139013452914798,NM_134493,FBgn0031049,FBgn0031049,162.61660079051384,FBgn0031049
rna-NM_001298522.1,20,537,0.037243947858473,NM_001298522,FBgn0031049,FBgn0031049,162.61660079051384,FBgn0031049
rna-NM_001298523.1,64,1536,0.041666666666666664,NM_001298523,FBgn0031050,FBgn0031050,2.3430830039525725,FBgn0031050
rna-NM_134494.3,57,1374,0.04148471615720524,NM_134494,FBgn0031050,FBgn0031050,2.3430830039525725,FBgn0031050
rna-NM_001298524.1,240,5879,0.040823269263480184,NM_001298524,FBgn0031051,FBgn0031051,120.47826086956522,FBgn0031051
rna-NM_134495.3,210,5190,0.04046242774566474,NM_134495,FBgn0031051,FBgn0031051,120.47826086956522,FBgn0031051
rna-NM_134496.3,9,6649,0.0013535870055647466,NM_134496,FBgn0031052,FBgn0031052,23.545454545454547,FBgn0031052
rna-NM_001298525.1,6,6514,0.00092109303039607,NM_001298525,FBgn0031052,FBgn0031052,23.545454545454547,FBgn0031052
rna-NM_078688.3,200,4875,0.041025641025641026,NM_078688,FBgn0043903,FBgn0043903,107.20553359683794,FBgn0043903
rna-NM_001298528.1,128,3429,0.037328667249927096,NM_001298528,FBgn0031057,FBgn0031057,405.0671936758893,FBgn0031057
rna-NM_134500.4,108,3011,0.03586848223181667,NM_134500,FBgn0031057,FBgn0031057,405.0671936758893,FBgn0031057
rna-NM_001298529.1,179,3400,0.052647058823529415,NM_001298529,FBgn0086384,FBgn0086384,177.44664031620553,FBgn0086384
rna-NM_078689.4,117,2503,0.046743907311226525,NM_078689,FBgn0086384,FBgn0086384,177.44664031620553,FBgn0086384
rna-NM_001272797.1,28,1018,0.0275049115913556,NM_001272797,FBgn0031059,FBgn0031059,60.8102766798419,FBgn0031059
rna-NM_001298530.1,23,989,0.023255813953488372,NM_001298530,FBgn0031059,FBgn0031059,60.8102766798419,FBgn0031059
rna-NM_134502.4,20,797,0.025094102885821833,NM_134502,FBgn0031059,FBgn0031059,60.8102766798419,FBgn0031059
rna-NM_001258833.3,76,2078,0.03657362848893166,NM_001258833,FBgn0010341,FBgn0010341,200.29249011857706,FBgn0010341
rna-NM_001258834.3,73,2005,0.03640897755610972,NM_001258834,FBgn0010341,FBgn0010341,200.29249011857706,FBgn0010341
rna-NM_078690.4,52,1392,0.03735632183908046,NM_078690,FBgn0010341,FBgn0010341,200.29249011857706,FBgn0010341
rna-NM_001258836.2,78,1881,0.04146730462519936,NM_001258836,FBgn0031060,FBgn0031060,19.51778656126482,FBgn0031060
rna-NM_134503.4,74,1628,0.045454545454545456,NM_134503,FBgn0031060,FBgn0031060,19.51778656126482,FBgn0031060
rna-NM_134504.4,65,1905,0.03412073490813648,NM_134504,FBgn0031061,FBgn0031061,86.32411067193677,FBgn0031061
rna-NM_001258837.1,65,1874,0.03468516542155817,NM_001258837,FBgn0031061,FBgn0031061,86.32411067193677,FBgn0031061
rna-NM_144358.3,1,2521,0.0003966679888932963,NM_144358,FBgn0040089,FBgn0040089,3.7992094861660113,FBgn0040089
rna-NM_001298531.1,1,2588,0.0003863987635239567,NM_001298531,FBgn0040089,FBgn0040089,3.7992094861660113,FBgn0040089
rna-NM_001298532.1,7,2619,0.002672775868652157,NM_001298532,FBgn0040089,FBgn0040089,3.7992094861660113,FBgn0040089
rna-NM_001169328.2,13,3096,0.004198966408268734,NM_001169328,FBgn0040089,FBgn0040089,3.7992094861660113,FBgn0040089
rna-NM_078691.3,76,3228,0.023543990086741014,NM_078691,FBgn0010380,FBgn0010380,33.391304347826086,FBgn0010380
rna-NM_167680.3,25,706,0.03541076487252125,NM_167680,FBgn0031066,FBgn0031066,292.25691699604744,FBgn0031066
rna-NM_167678.3,26,740,0.03513513513513514,NM_167678,FBgn0031066,FBgn0031066,292.25691699604744,FBgn0031066
rna-NM_001258838.2,24,678,0.035398230088495575,NM_001258838,FBgn0031066,FBgn0031066,292.25691699604744,FBgn0031066
rna-NM_167679.3,20,554,0.036101083032490974,NM_167679,FBgn0031066,FBgn0031066,292.25691699604744,FBgn0031066
rna-NM_167682.3,77,2006,0.03838484546360917,NM_167682,FBgn0042132,FBgn0042132,28.150197628458496,FBgn0042132
rna-NM_167681.3,78,2019,0.03863298662704309,NM_167681,FBgn0042132,FBgn0042132,28.150197628458496,FBgn0042132
rna-NM_144412.4,82,2557,0.032068830660930775,NM_144412,FBgn0042132,FBgn0042132,28.150197628458496,FBgn0042132
rna-NM_001272801.1,73,1783,0.04094223219293326,NM_001272801,FBgn0042132,FBgn0042132,28.150197628458496,FBgn0042132
rna-NM_001298535.1,45,1840,0.024456521739130436,NM_001298535,FBgn0052528,FBgn0052528,28.810671936758894,FBgn0052528
rna-NM_134508.3,44,1801,0.024430871737923375,NM_134508,FBgn0052528,FBgn0052528,28.810671936758894,FBgn0052528
rna-NM_001272802.2,23,1362,0.016886930983847283,NM_001272802,FBgn0031068,FBgn0031068,62.16600790513834,FBgn0031068
rna-NM_134509.4,20,1107,0.018066847335140017,NM_134509,FBgn0031068,FBgn0031068,62.16600790513834,FBgn0031068
rna-NM_001272805.1,99,3185,0.03108320251177394,NM_001272805,FBgn0031069,FBgn0031069,33.65612648221344,FBgn0031069
rna-NM_134510.2,95,2975,0.031932773109243695,NM_134510,FBgn0031069,FBgn0031069,33.65612648221344,FBgn0031069
rna-NM_001272803.1,87,2728,0.03189149560117302,NM_001272803,FBgn0031069,FBgn0031069,33.65612648221344,FBgn0031069
rna-NM_001272804.1,96,2882,0.033310201249132546,NM_001272804,FBgn0031069,FBgn0031069,33.65612648221344,FBgn0031069
rna-NM_001298536.1,125,3461,0.0361167292689974,NM_001298536,FBgn0031070,FBgn0031070,20.387351778656125,FBgn0031070
rna-NM_001272806.1,118,3353,0.03519236504622726,NM_001272806,FBgn0031070,FBgn0031070,20.387351778656125,FBgn0031070
rna-NM_134511.2,102,2896,0.03522099447513812,NM_134511,FBgn0031070,FBgn0031070,20.387351778656125,FBgn0031070
rna-NM_001258840.3,196,8011,0.024466358756709525,NM_001258840,FBgn0259789,FBgn0259789,407.54150197628456,FBgn0259789
rna-NM_001258839.2,112,5919,0.018922115222165907,NM_001258839,FBgn0259789,FBgn0259789,407.54150197628456,FBgn0259789
rna-NM_167685.3,138,7217,0.019121518636552585,NM_167685,FBgn0259789,FBgn0259789,407.54150197628456,FBgn0259789
rna-NM_134512.5,142,7562,0.018778101031473156,NM_134512,FBgn0259789,FBgn0259789,407.54150197628456,FBgn0259789
rna-NM_001298537.1,134,7157,0.018722928601369287,NM_001298537,FBgn0259789,FBgn0259789,407.54150197628456,FBgn0259789
rna-NM_134514.2,62,629,0.0985691573926868,NM_134514,FBgn0026175,FBgn0026175,1.4699604743083017,FBgn0026175
rna-NM_167686.3,262,6790,0.03858615611192931,NM_167686,FBgn0261811,FBgn0261811,113.06719367588933,FBgn0261811
rna-NM_134519.3,254,6183,0.041080381691735404,NM_134519,FBgn0261811,FBgn0261811,113.06719367588933,FBgn0261811
rna-NM_001201745.1,200,5095,0.03925417075564279,NM_001201745,FBgn0261811,FBgn0261811,113.06719367588933,FBgn0261811
rna-NM_001201746.1,206,5135,0.04011684518013632,NM_001201746,FBgn0261811,FBgn0261811,113.06719367588933,FBgn0261811
rna-NM_167687.3,258,6470,0.03987635239567233,NM_167687,FBgn0031078,FBgn0031078,36.96837944664031,FBgn0031078
rna-NM_134518.4,253,6401,0.039525074207155134,NM_134518,FBgn0031078,FBgn0031078,36.96837944664031,FBgn0031078
rna-NM_134517.3,172,5352,0.032137518684603884,NM_134517,FBgn0031077,FBgn0031077,2.8537549407114655,FBgn0031077
rna-NM_001258841.1,173,5361,0.03227009886215258,NM_001258841,FBgn0031077,FBgn0031077,2.8537549407114655,FBgn0031077
rna-NM_001272807.1,466,11220,0.041532976827094475,NM_001272807,FBgn0052529,FBgn0052529,21.027667984189723,FBgn0052529
rna-NM_134516.3,412,9826,0.041929574598005295,NM_134516,FBgn0052529,FBgn0052529,21.027667984189723,FBgn0052529
rna-NM_001258842.1,415,9896,0.041936135812449475,NM_001258842,FBgn0052529,FBgn0052529,21.027667984189723,FBgn0052529
rna-NM_001258843.1,323,6603,0.048917158867181586,NM_001258843,FBgn0052529,FBgn0052529,21.027667984189723,FBgn0052529
rna-NM_001038766.3,389,8024,0.04847956131605184,NM_001038766,FBgn0052529,FBgn0052529,21.027667984189723,FBgn0052529
rna-NM_001258844.1,322,6524,0.04935622317596566,NM_001258844,FBgn0052529,FBgn0052529,21.027667984189723,FBgn0052529
rna-NM_167688.2,283,5874,0.04817841334695267,NM_167688,FBgn0052529,FBgn0052529,21.027667984189723,FBgn0052529
rna-NM_001258845.1,282,5631,0.0500799147575919,NM_001258845,FBgn0052529,FBgn0052529,21.027667984189723,FBgn0052529
rna-NM_134525.2,26,981,0.026503567787971458,NM_134525,FBgn0031086,FBgn0031086,4.458893280632387,FBgn0031086
rna-NM_001272810.1,3,3348,0.0008960573476702509,NM_001272810,FBgn0031090,FBgn0031090,288.8853754940711,FBgn0031090
rna-NM_134529.4,3,2635,0.0011385199240986717,NM_134529,FBgn0031090,FBgn0031090,288.8853754940711,FBgn0031090
rna-NM_001201749.2,3,2024,0.0014822134387351778,NM_001201749,FBgn0031090,FBgn0031090,288.8853754940711,FBgn0031090
rna-NM_001272809.1,3,2159,0.0013895321908290875,NM_001272809,FBgn0031090,FBgn0031090,288.8853754940711,FBgn0031090
rna-NM_001272812.1,15,2505,0.005988023952095809,NM_001272812,FBgn0031091,FBgn0031091,142.40711462450594,FBgn0031091
rna-NM_134530.3,6,2221,0.0027014858171994596,NM_134530,FBgn0031091,FBgn0031091,142.40711462450594,FBgn0031091
rna-NM_001272811.1,15,2211,0.0067842605156037995,NM_001272811,FBgn0031091,FBgn0031091,142.40711462450594,FBgn0031091
rna-NM_134531.4,6,1131,0.005305039787798408,NM_134531,FBgn0031092,FBgn0031092,14.831620553359683,FBgn0031092
rna-NM_134532.4,33,1883,0.017525225703664365,NM_134532,FBgn0031093,FBgn0031093,15.517786561264822,FBgn0031093
rna-NM_134533.4,47,1094,0.04296160877513711,NM_134533,FBgn0031094,FBgn0031094,26.96798418972333,FBgn0031094
rna-NM_057267.4,38,1244,0.03054662379421222,NM_057267,FBgn0000084,FBgn0000084,13.063636363636348,FBgn0000084
rna-NM_001169333.2,38,1247,0.030473135525260625,NM_001169333,FBgn0000084,FBgn0000084,13.063636363636348,FBgn0000084
rna-NM_057730.5,129,3070,0.04201954397394137,NM_057730,FBgn0003654,FBgn0003654,24.818181818181817,FBgn0003654
rna-NM_057722.4,122,2868,0.042538354253835425,NM_057722,FBgn0003654,FBgn0003654,24.818181818181817,FBgn0003654
rna-NM_001298558.1,122,2889,0.04222914503288335,NM_001298558,FBgn0003654,FBgn0003654,24.818181818181817,FBgn0003654
rna-NM_057728.4,123,2838,0.04334038054968287,NM_057728,FBgn0003654,FBgn0003654,24.818181818181817,FBgn0003654
rna-NM_057729.4,123,2841,0.04329461457233368,NM_057729,FBgn0003654,FBgn0003654,24.818181818181817,FBgn0003654
rna-NM_001298557.1,123,2862,0.0429769392033543,NM_001298557,FBgn0003654,FBgn0003654,24.818181818181817,FBgn0003654
rna-NM_057721.4,124,2889,0.04292142609899619,NM_057721,FBgn0003654,FBgn0003654,24.818181818181817,FBgn0003654
rna-NM_057731.4,124,2910,0.04261168384879725,NM_057731,FBgn0003654,FBgn0003654,24.818181818181817,FBgn0003654
rna-NM_206799.2,125,3032,0.04122691292875989,NM_206799,FBgn0003654,FBgn0003654,24.818181818181817,FBgn0003654
rna-NM_057724.4,121,2678,0.04518297236743839,NM_057724,FBgn0003654,FBgn0003654,24.818181818181817,FBgn0003654
rna-NM_057723.4,122,2702,0.04515173945225759,NM_057723,FBgn0003654,FBgn0003654,24.818181818181817,FBgn0003654
rna-NM_057726.4,123,2699,0.045572434234901815,NM_057726,FBgn0003654,FBgn0003654,24.818181818181817,FBgn0003654
rna-NM_057725.4,124,2756,0.04499274310595065,NM_057725,FBgn0003654,FBgn0003654,24.818181818181817,FBgn0003654
rna-NM_057727.5,125,2786,0.04486719310839914,NM_057727,FBgn0003654,FBgn0003654,24.818181818181817,FBgn0003654
rna-NM_206798.2,125,2873,0.0435085276714236,NM_206798,FBgn0003654,FBgn0003654,24.818181818181817,FBgn0003654
rna-NM_134534.3,74,1905,0.03884514435695538,NM_134534,FBgn0031097,FBgn0031097,3.9055335968379454,FBgn0031097
rna-NM_001258849.2,45,1235,0.03643724696356275,NM_001258849,FBgn0031097,FBgn0031097,3.9055335968379454,FBgn0031097
rna-NM_001258850.2,49,1406,0.03485064011379801,NM_001258850,FBgn0022770,FBgn0022770,4.011067193675891,FBgn0022770
rna-NM_167694.2,46,1348,0.03412462908011869,NM_167694,FBgn0022770,FBgn0022770,4.011067193675891,FBgn0022770
rna-NM_078694.3,45,1238,0.036348949919224556,NM_078694,FBgn0022770,FBgn0022770,4.011067193675891,FBgn0022770
rna-NM_134535.3,91,2785,0.03267504488330341,NM_134535,FBgn0031098,FBgn0031098,59.01185770750988,FBgn0031098
rna-NM_078695.4,83,2336,0.03553082191780822,NM_078695,FBgn0015789,FBgn0015789,129.7826086956522,FBgn0015789
rna-NM_001298559.1,40,1624,0.024630541871921183,NM_001298559,FBgn0031099,FBgn0031099,5.025691699604734,FBgn0031099
rna-NM_134536.3,38,1556,0.02442159383033419,NM_134536,FBgn0031099,FBgn0031099,5.025691699604734,FBgn0031099
rna-NM_001169334.1,39,1598,0.024405506883604506,NM_001169334,FBgn0031099,FBgn0031099,5.025691699604734,FBgn0031099
rna-NM_134543.3,35,955,0.03664921465968586,NM_134543,FBgn0027334,FBgn0027334,16.67193675889328,FBgn0027334
rna-NM_078696.3,50,1282,0.0390015600624025,NM_078696,FBgn0031106,FBgn0031106,3.6482213438735243,FBgn0031106
rna-NM_134544.3,453,15917,0.028460136960482503,NM_134544,FBgn0031107,FBgn0031107,54.22134387351779,FBgn0031107
rna-NM_001298560.1,60,2159,0.02779064381658175,NM_001298560,FBgn0023177,FBgn0023177,81.0,FBgn0023177
rna-NM_080064.3,56,1953,0.02867383512544803,NM_080064,FBgn0023177,FBgn0023177,81.0,FBgn0023177
rna-NM_001316641.1,56,1977,0.02832574607991907,NM_001316641,FBgn0023177,FBgn0023177,81.0,FBgn0023177
rna-NM_167703.4,56,2001,0.02798600699650175,NM_167703,FBgn0023177,FBgn0023177,81.0,FBgn0023177
rna-NM_001298561.1,53,1856,0.028556034482758622,NM_001298561,FBgn0023177,FBgn0023177,81.0,FBgn0023177
rna-NM_078698.4,73,2334,0.031276778063410456,NM_078698,FBgn0031114,FBgn0031114,10.632411067193676,FBgn0031114
rna-NM_001298562.1,12,500,0.024,NM_001298562,FBgn0040650,FBgn0040650,23.691699604743082,FBgn0040650
rna-NM_144035.3,11,477,0.023060796645702306,NM_144035,FBgn0040650,FBgn0040650,23.691699604743082,FBgn0040650
rna-NM_001298563.1,67,1903,0.03520756699947451,NM_001298563,FBgn0031115,FBgn0031115,18.383399209486164,FBgn0031115
rna-NM_167704.3,62,1766,0.035107587768969425,NM_167704,FBgn0031115,FBgn0031115,18.383399209486164,FBgn0031115
rna-NM_134549.4,62,1779,0.03485103991006183,NM_134549,FBgn0031115,FBgn0031115,18.383399209486164,FBgn0031115
rna-NM_001298564.1,105,3209,0.03272047366780929,NM_001298564,FBgn0002641,FBgn0002641,24.158498023715474,FBgn0002641
rna-NM_078699.3,84,2749,0.03055656602400873,NM_078699,FBgn0002641,FBgn0002641,24.158498023715474,FBgn0002641
rna-NM_001298565.1,140,5559,0.025184385680877854,NM_001298565,FBgn0052506,FBgn0052506,0.667193675889328,FBgn0052506
rna-NM_134551.7,127,4714,0.02694102672889266,NM_134551,FBgn0052506,FBgn0052506,0.667193675889328,FBgn0052506
rna-NM_001298566.1,61,1369,0.04455807158509861,NM_001298566,FBgn0031117,FBgn0031117,28.071541501976284,FBgn0031117
rna-NM_001169337.2,43,978,0.04396728016359918,NM_001169337,FBgn0031117,FBgn0031117,28.071541501976284,FBgn0031117
rna-NM_167706.3,41,875,0.046857142857142854,NM_167706,FBgn0031117,FBgn0031117,28.071541501976284,FBgn0031117
rna-NM_001169338.2,318,9211,0.03452393876886332,NM_001169338,FBgn0031118,FBgn0031118,113.54545454545455,FBgn0031118
rna-NM_001258851.1,320,9289,0.034449348692001294,NM_001258851,FBgn0031118,FBgn0031118,113.54545454545455,FBgn0031118
rna-NM_001298567.1,331,9502,0.03483477162702589,NM_001298567,FBgn0031118,FBgn0031118,113.54545454545455,FBgn0031118
rna-NM_001298568.1,314,8804,0.03566560654248069,NM_001298568,FBgn0031118,FBgn0031118,113.54545454545455,FBgn0031118
rna-NM_134552.6,268,7735,0.03464770523594053,NM_134552,FBgn0031118,FBgn0031118,113.54545454545455,FBgn0031118
rna-NM_134553.3,145,3229,0.0449055435119232,NM_134553,FBgn0031119,FBgn0031119,49.648221343873516,FBgn0031119
rna-NM_079356.3,155,3391,0.04570923031554114,NM_079356,FBgn0026323,FBgn0026323,73.69565217391305,FBgn0026323
rna-NM_001298569.1,76,1650,0.04606060606060606,NM_001298569,FBgn0026323,FBgn0026323,73.69565217391305,FBgn0026323
rna-NM_001298570.1,46,2800,0.016428571428571428,NM_001298570,FBgn0031126,FBgn0031126,128.6798418972332,FBgn0031126
rna-NM_134559.3,49,2993,0.016371533578349484,NM_134559,FBgn0031126,FBgn0031126,128.6798418972332,FBgn0031126
rna-NM_001298571.1,41,2528,0.016218354430379747,NM_001298571,FBgn0031126,FBgn0031126,128.6798418972332,FBgn0031126
rna-NM_001298572.1,103,3145,0.032750397456279806,NM_001298572,FBgn0003300,FBgn0003300,53.157312252964424,FBgn0003300
rna-NM_078700.4,86,2474,0.034761519805982216,NM_078700,FBgn0003300,FBgn0003300,53.157312252964424,FBgn0003300
rna-NM_001258857.2,73,2171,0.03362505757715339,NM_001258857,FBgn0003300,FBgn0003300,53.157312252964424,FBgn0003300
rna-NM_001298576.1,23,1236,0.0186084142394822,NM_001298576,FBgn0031143,FBgn0031143,45.541501976284586,FBgn0031143
rna-NM_134576.3,19,1073,0.017707362534948742,NM_134576,FBgn0031143,FBgn0031143,45.541501976284586,FBgn0031143
rna-NM_001144751.2,80,3235,0.02472952086553323,NM_001144751,FBgn0031144,FBgn0031144,18.61185770750989,FBgn0031144
rna-NM_134577.2,82,3246,0.025261860751694395,NM_134577,FBgn0031144,FBgn0031144,18.61185770750989,FBgn0031144
rna-NM_001298577.1,45,1815,0.024793388429752067,NM_001298577,FBgn0031144,FBgn0031144,18.61185770750989,FBgn0031144
rna-NM_001272821.1,59,3078,0.01916829109811566,NM_001272821,FBgn0031145,FBgn0031145,980.8735177865613,FBgn0031145
rna-NM_001272819.1,31,1482,0.020917678812415654,NM_001272819,FBgn0031145,FBgn0031145,980.8735177865613,FBgn0031145
rna-NM_001103570.2,39,1607,0.024268823895457373,NM_001103570,FBgn0031145,FBgn0031145,980.8735177865613,FBgn0031145
rna-NM_134578.3,16,755,0.02119205298013245,NM_134578,FBgn0031145,FBgn0031145,980.8735177865613,FBgn0031145
rna-NM_001298578.1,4,951,0.004206098843322818,NM_001298578,FBgn0025814,FBgn0025814,244.12252964426878,FBgn0025814
rna-NM_167724.3,2,591,0.00338409475465313,NM_167724,FBgn0025814,FBgn0025814,244.12252964426878,FBgn0025814
rna-NM_079957.4,2,660,0.0030303030303030303,NM_079957,FBgn0025814,FBgn0025814,244.12252964426878,FBgn0025814
rna-NM_134580.3,3,1911,0.0015698587127158557,NM_134580,FBgn0031148,FBgn0031148,31.3399209486166,FBgn0031148
rna-NM_001298579.1,3,1788,0.0016778523489932886,NM_001298579,FBgn0031148,FBgn0031148,31.3399209486166,FBgn0031148
rna-NM_167726.2,3,1990,0.001507537688442211,NM_167726,FBgn0031148,FBgn0031148,31.3399209486166,FBgn0031148
rna-NM_001272822.2,74,2755,0.026860254083484573,NM_001272822,FBgn0031149,FBgn0031149,384.102766798419,FBgn0031149
rna-NM_134581.2,73,2676,0.02727952167414051,NM_134581,FBgn0031149,FBgn0031149,384.102766798419,FBgn0031149
rna-NM_134582.4,97,3952,0.024544534412955465,NM_134582,FBgn0031150,FBgn0031150,37.715415019762844,FBgn0031150
rna-NM_001272823.1,86,3461,0.02484830973707021,NM_001272823,FBgn0031150,FBgn0031150,37.715415019762844,FBgn0031150
rna-NM_001272824.1,86,3428,0.025087514585764293,NM_001272824,FBgn0031150,FBgn0031150,37.715415019762844,FBgn0031150
rna-NM_206800.3,94,3789,0.02480865663763526,NM_206800,FBgn0031150,FBgn0031150,37.715415019762844,FBgn0031150
rna-NM_001298580.1,59,2322,0.025409130060292853,NM_001298580,FBgn0052512,FBgn0052512,590.1857707509881,FBgn0052512
rna-NM_134584.4,58,2215,0.02618510158013544,NM_134584,FBgn0052512,FBgn0052512,590.1857707509881,FBgn0052512
rna-NM_001272826.1,41,1412,0.02903682719546742,NM_001272826,FBgn0052512,FBgn0052512,590.1857707509881,FBgn0052512
rna-NM_001272825.1,33,1283,0.025720966484801246,NM_001272825,FBgn0052512,FBgn0052512,590.1857707509881,FBgn0052512
rna-NM_001298582.1,28,1405,0.0199288256227758,NM_001298582,FBgn0031157,FBgn0031157,12.007905138339922,FBgn0031157
rna-NM_134588.2,26,1237,0.021018593371059015,NM_134588,FBgn0031157,FBgn0031157,12.007905138339922,FBgn0031157
rna-NM_167729.2,40,2269,0.01762891141472014,NM_167729,FBgn0031161,FBgn0031161,4.74466403162055,FBgn0031161
rna-NM_001272827.1,39,2215,0.017607223476297968,NM_001272827,FBgn0031161,FBgn0031161,4.74466403162055,FBgn0031161
rna-NM_134592.4,39,2320,0.016810344827586206,NM_134592,FBgn0031161,FBgn0031161,4.74466403162055,FBgn0031161
rna-NM_167730.2,40,2220,0.018018018018018018,NM_167730,FBgn0031161,FBgn0031161,4.74466403162055,FBgn0031161
rna-NM_167731.2,40,2216,0.018050541516245487,NM_167731,FBgn0031161,FBgn0031161,4.74466403162055,FBgn0031161
rna-NM_001298584.1,104,7388,0.014076881429344884,NM_001298584,FBgn0083956,FBgn0083956,5.790118577075085,FBgn0083956
rna-NM_001042822.4,101,6688,0.015101674641148326,NM_001042822,FBgn0083956,FBgn0083956,5.790118577075085,FBgn0083956
rna-NM_001144752.2,100,6640,0.015060240963855422,NM_001144752,FBgn0083956,FBgn0083956,5.790118577075085,FBgn0083956
rna-NM_001042821.2,16,980,0.0163265306122449,NM_001042821,FBgn0083956,FBgn0083956,5.790118577075085,FBgn0083956
rna-NM_167734.2,29,1714,0.01691948658109685,NM_167734,FBgn0052521,FBgn0052521,31.367588932806324,FBgn0052521
rna-NM_167735.2,30,1782,0.016835016835016835,NM_167735,FBgn0052521,FBgn0052521,31.367588932806324,FBgn0052521
rna-NM_001272833.1,26,1496,0.017379679144385027,NM_001272833,FBgn0052521,FBgn0052521,31.367588932806324,FBgn0052521
rna-NM_001272828.1,29,1691,0.01714961561206387,NM_001272828,FBgn0052521,FBgn0052521,31.367588932806324,FBgn0052521
rna-NM_001272831.1,22,1290,0.017054263565891473,NM_001272831,FBgn0052521,FBgn0052521,31.367588932806324,FBgn0052521
rna-NM_001272832.2,45,2994,0.01503006012024048,NM_001272832,FBgn0052521,FBgn0052521,31.367588932806324,FBgn0052521
rna-NM_001272829.1,40,2293,0.01744439598778892,NM_001272829,FBgn0052521,FBgn0052521,31.367588932806324,FBgn0052521
rna-NM_001272830.1,45,2706,0.01662971175166297,NM_001272830,FBgn0052521,FBgn0052521,31.367588932806324,FBgn0052521
rna-NM_167736.3,44,2643,0.01664774877033674,NM_167736,FBgn0052521,FBgn0052521,31.367588932806324,FBgn0052521
rna-NM_134601.3,182,6793,0.02679228617694686,NM_134601,FBgn0031170,FBgn0031170,11.767193675889327,FBgn0031170
rna-NM_001272836.1,174,6336,0.027462121212121212,NM_001272836,FBgn0031170,FBgn0031170,11.767193675889327,FBgn0031170
rna-NM_001272835.1,132,5542,0.02381811620353663,NM_001272835,FBgn0031170,FBgn0031170,11.767193675889327,FBgn0031170
rna-NM_134603.2,42,1404,0.029914529914529916,NM_134603,FBgn0020369,FBgn0020369,65.43873517786561,FBgn0020369
rna-NM_001298586.1,81,3034,0.026697429136453527,NM_001298586,FBgn0029067,FBgn0029067,122.2292490118577,FBgn0029067
rna-NM_001298587.1,76,2860,0.026573426573426574,NM_001298587,FBgn0029067,FBgn0029067,122.2292490118577,FBgn0029067
rna-NM_134605.3,81,3043,0.026618468616496877,NM_134605,FBgn0029067,FBgn0029067,122.2292490118577,FBgn0029067
rna-NM_134606.4,109,3634,0.029994496422674738,NM_134606,FBgn0031174,FBgn0031174,56.77075098814229,FBgn0031174
rna-NM_167743.2,110,3700,0.02972972972972973,NM_167743,FBgn0031174,FBgn0031174,56.77075098814229,FBgn0031174
rna-NM_001272840.2,236,6642,0.03553146642577537,NM_001272840,FBgn0015558,FBgn0015558,6.107905138339921,FBgn0015558
rna-NM_167744.4,242,7199,0.0336157799694402,NM_167744,FBgn0015558,FBgn0015558,6.107905138339921,FBgn0015558
rna-NM_001272839.2,142,3853,0.03685439916947833,NM_001272839,FBgn0015558,FBgn0015558,6.107905138339921,FBgn0015558
rna-NM_001272837.2,145,3757,0.038594623369709875,NM_001272837,FBgn0015558,FBgn0015558,6.107905138339921,FBgn0015558
rna-NM_080712.7,149,3927,0.03794244970715559,NM_080712,FBgn0015558,FBgn0015558,6.107905138339921,FBgn0015558
rna-NM_001272838.1,128,3078,0.04158544509421702,NM_001272838,FBgn0015558,FBgn0015558,6.107905138339921,FBgn0015558
rna-NM_080358.3,95,4827,0.01968096125958152,NM_080358,FBgn0000709,FBgn0000709,64.35177865612648,FBgn0000709
rna-NM_078704.4,30,1021,0.029382957884427033,NM_078704,FBgn0015379,FBgn0015379,28.703557312252965,FBgn0015379
rna-NM_078705.3,23,2367,0.009716941275876637,NM_078705,FBgn0015527,FBgn0015527,37.16600790513834,FBgn0015527
rna-NM_057390.6,57,5592,0.0101931330472103,NM_057390,FBgn0003464,FBgn0003464,48.29249011857708,FBgn0003464
rna-NM_001169342.2,57,5589,0.010198604401502952,NM_001169342,FBgn0003464,FBgn0003464,48.29249011857708,FBgn0003464
rna-NM_057389.6,57,4990,0.011422845691382766,NM_057389,FBgn0003464,FBgn0003464,48.29249011857708,FBgn0003464
rna-NM_206801.3,57,5153,0.011061517562584902,NM_206801,FBgn0003464,FBgn0003464,48.29249011857708,FBgn0003464
rna-NM_078706.4,54,2026,0.02665350444225074,NM_078706,FBgn0011710,FBgn0011710,242.13438735177866,FBgn0011710
rna-NM_001258863.2,76,3472,0.021889400921658985,NM_001258863,FBgn0003423,FBgn0003423,140.9328063241107,FBgn0003423
rna-NM_206803.3,77,3859,0.01995335579165587,NM_206803,FBgn0003423,FBgn0003423,140.9328063241107,FBgn0003423
rna-NM_078709.4,78,3814,0.02045097011012061,NM_078709,FBgn0003423,FBgn0003423,140.9328063241107,FBgn0003423
rna-NM_167752.3,81,3814,0.021237545883586787,NM_167752,FBgn0003423,FBgn0003423,140.9328063241107,FBgn0003423
rna-NM_167753.3,80,3778,0.021175224986765485,NM_167753,FBgn0003423,FBgn0003423,140.9328063241107,FBgn0003423
rna-NM_001258862.2,76,3580,0.021229050279329607,NM_001258862,FBgn0003423,FBgn0003423,140.9328063241107,FBgn0003423
rna-NM_206805.3,73,3497,0.02087503574492422,NM_206805,FBgn0003423,FBgn0003423,140.9328063241107,FBgn0003423
rna-NM_167751.3,60,2908,0.02063273727647868,NM_167751,FBgn0003423,FBgn0003423,140.9328063241107,FBgn0003423
rna-NM_001258864.2,72,3404,0.021151586368977675,NM_001258864,FBgn0003423,FBgn0003423,140.9328063241107,FBgn0003423
rna-NM_001258867.2,73,3457,0.021116575065085335,NM_001258867,FBgn0003423,FBgn0003423,140.9328063241107,FBgn0003423
rna-NM_206804.3,72,3421,0.02104647763811751,NM_206804,FBgn0003423,FBgn0003423,140.9328063241107,FBgn0003423
rna-NM_001258866.2,58,2551,0.022736181889455115,NM_001258866,FBgn0003423,FBgn0003423,140.9328063241107,FBgn0003423
rna-NM_001258865.2,72,3359,0.02143495087823757,NM_001258865,FBgn0003423,FBgn0003423,140.9328063241107,FBgn0003423
rna-NM_167754.2,57,2494,0.02285485164394547,NM_167754,FBgn0003423,FBgn0003423,140.9328063241107,FBgn0003423
rna-NM_078710.4,38,2116,0.017958412098298678,NM_078710,FBgn0001565,FBgn0001565,89.5098814229249,FBgn0001565
rna-NM_001298588.1,34,1963,0.017320427916454408,NM_001298588,FBgn0001565,FBgn0001565,89.5098814229249,FBgn0001565
rna-NM_001298589.1,35,2443,0.014326647564469915,NM_001298589,FBgn0020272,FBgn0020272,10.787351778656122,FBgn0020272
rna-NM_078711.5,30,1893,0.01584786053882726,NM_078711,FBgn0020272,FBgn0020272,10.787351778656122,FBgn0020272
rna-NM_167757.3,1,3228,0.0003097893432465923,NM_167757,FBgn0027588,FBgn0027588,424.1146245059289,FBgn0027588
rna-NM_167760.1,3,3264,0.0009191176470588235,NM_167760,FBgn0027588,FBgn0027588,424.1146245059289,FBgn0027588
rna-NM_001169345.2,49,2466,0.019870235198702353,NM_001169345,FBgn0024807,FBgn0024807,360.6363636363636,FBgn0024807
rna-NM_079929.3,50,2559,0.019538882375928098,NM_079929,FBgn0024807,FBgn0024807,360.6363636363636,FBgn0024807
rna-NM_167772.2,50,2604,0.019201228878648235,NM_167772,FBgn0024807,FBgn0024807,360.6363636363636,FBgn0024807
rna-NM_001169346.2,72,3477,0.02070750647109577,NM_001169346,FBgn0024807,FBgn0024807,360.6363636363636,FBgn0024807
rna-NM_167774.3,74,3508,0.021094640820980615,NM_167774,FBgn0024807,FBgn0024807,360.6363636363636,FBgn0024807
rna-NM_167773.3,74,3553,0.02082746974387841,NM_167773,FBgn0024807,FBgn0024807,360.6363636363636,FBgn0024807
rna-NM_001169343.2,77,3823,0.02014125032696835,NM_001169343,FBgn0024807,FBgn0024807,360.6363636363636,FBgn0024807
rna-NM_001169344.2,67,3195,0.020970266040688575,NM_001169344,FBgn0024807,FBgn0024807,360.6363636363636,FBgn0024807
rna-NM_001298593.1,44,2068,0.02127659574468085,NM_001298593,FBgn0031183,FBgn0031183,21.92924901185771,FBgn0031183
rna-NM_001298594.1,53,2200,0.02409090909090909,NM_001298594,FBgn0031183,FBgn0031183,21.92924901185771,FBgn0031183
rna-NM_134614.2,42,1546,0.027166882276843468,NM_134614,FBgn0031183,FBgn0031183,21.92924901185771,FBgn0031183
rna-NM_001298595.1,39,1461,0.026694045174537988,NM_001298595,FBgn0031183,FBgn0031183,21.92924901185771,FBgn0031183
rna-NM_001298596.1,15,1826,0.008214676889375685,NM_001298596,FBgn0031184,FBgn0031184,2.527667984189728,FBgn0031184
rna-NM_134615.3,4,1356,0.0029498525073746312,NM_134615,FBgn0031184,FBgn0031184,2.527667984189728,FBgn0031184
rna-NM_001298597.1,79,3366,0.023469994058229353,NM_001298597,FBgn0266848,FBgn0266848,204.9090909090909,FBgn0266848
rna-NM_001258869.3,67,3077,0.021774455638609035,NM_001258869,FBgn0266848,FBgn0266848,204.9090909090909,FBgn0266848
rna-NM_134617.5,64,3025,0.02115702479338843,NM_134617,FBgn0266848,FBgn0266848,204.9090909090909,FBgn0266848
rna-NM_001258868.3,56,2688,0.020833333333333332,NM_001258868,FBgn0266848,FBgn0266848,204.9090909090909,FBgn0266848
rna-NM_001298598.1,60,3992,0.01503006012024048,NM_001298598,FBgn0031187,FBgn0031187,86.44268774703558,FBgn0031187
rna-NM_001258871.2,67,5178,0.012939358825801467,NM_001258871,FBgn0031187,FBgn0031187,86.44268774703558,FBgn0031187
rna-NM_167776.3,41,3194,0.012836568566061366,NM_167776,FBgn0031187,FBgn0031187,86.44268774703558,FBgn0031187
rna-NM_167777.3,60,4711,0.012736149437486733,NM_167777,FBgn0031187,FBgn0031187,86.44268774703558,FBgn0031187
rna-NM_001298599.1,56,4341,0.0129002533978346,NM_001298599,FBgn0031187,FBgn0031187,86.44268774703558,FBgn0031187
rna-NM_001258870.2,56,4305,0.013008130081300813,NM_001258870,FBgn0031187,FBgn0031187,86.44268774703558,FBgn0031187
rna-NM_167775.2,41,3247,0.012627040344933785,NM_167775,FBgn0031187,FBgn0031187,86.44268774703558,FBgn0031187
rna-NM_134618.3,41,3434,0.011939429237041351,NM_134618,FBgn0031187,FBgn0031187,86.44268774703558,FBgn0031187
rna-NM_167778.2,20,1420,0.014084507042253521,NM_167778,FBgn0031187,FBgn0031187,86.44268774703558,FBgn0031187
rna-NM_001272843.1,30,1755,0.017094017094017096,NM_001272843,FBgn0031188,FBgn0031188,255.14229249011856,FBgn0031188
rna-NM_134619.4,29,1539,0.018843404808317088,NM_134619,FBgn0031188,FBgn0031188,255.14229249011856,FBgn0031188
rna-NM_134620.4,14,1210,0.011570247933884297,NM_134620,FBgn0031189,FBgn0031189,12.024110671936748,FBgn0031189
rna-NM_001272844.2,8,2547,0.0031409501374165686,NM_001272844,FBgn0031190,FBgn0031190,58.25335968379447,FBgn0031190
rna-NM_001272846.2,9,2404,0.0037437603993344427,NM_001272846,FBgn0031190,FBgn0031190,58.25335968379447,FBgn0031190
rna-NM_134621.3,9,2407,0.003739094308267553,NM_134621,FBgn0031190,FBgn0031190,58.25335968379447,FBgn0031190
rna-NM_167779.2,5,2020,0.0024752475247524753,NM_167779,FBgn0031190,FBgn0031190,58.25335968379447,FBgn0031190
rna-NM_001038768.2,37,2649,0.013967534918837296,NM_001038768,FBgn0031191,FBgn0031191,5.584980237154143,FBgn0031191
rna-NM_001298601.1,43,2650,0.016226415094339624,NM_001298601,FBgn0031191,FBgn0031191,5.584980237154143,FBgn0031191
rna-NM_001038770.2,43,2919,0.01473107228502912,NM_001038770,FBgn0031191,FBgn0031191,5.584980237154143,FBgn0031191
rna-NM_176775.2,43,2777,0.015484335613971912,NM_176775,FBgn0031191,FBgn0031191,5.584980237154143,FBgn0031191
rna-NM_176776.3,37,2630,0.014068441064638783,NM_176776,FBgn0031191,FBgn0031191,5.584980237154143,FBgn0031191
rna-NM_001298602.1,37,2320,0.015948275862068966,NM_001298602,FBgn0031191,FBgn0031191,5.584980237154143,FBgn0031191
rna-NM_001038769.2,44,2487,0.01769199839163651,NM_001038769,FBgn0031191,FBgn0031191,5.584980237154143,FBgn0031191
rna-NM_001272847.2,44,2292,0.019197207678883072,NM_001272847,FBgn0031191,FBgn0031191,5.584980237154143,FBgn0031191
rna-NM_001298606.1,16,6268,0.0025526483726866626,NM_001298606,FBgn0027279,FBgn0027279,38.541501976284586,FBgn0027279
rna-NM_176777.2,16,5793,0.002761954082513378,NM_176777,FBgn0027279,FBgn0027279,38.541501976284586,FBgn0027279
rna-NM_001298607.1,16,5723,0.002795736501834702,NM_001298607,FBgn0027279,FBgn0027279,38.541501976284586,FBgn0027279
rna-NM_001103571.2,16,6200,0.0025806451612903226,NM_001103571,FBgn0027279,FBgn0027279,38.541501976284586,FBgn0027279
rna-NM_176780.2,16,5003,0.0031980811513092145,NM_176780,FBgn0027279,FBgn0027279,38.541501976284586,FBgn0027279
rna-NM_176778.2,16,4562,0.0035072336694432268,NM_176778,FBgn0027279,FBgn0027279,38.541501976284586,FBgn0027279
rna-NM_001298605.1,17,4107,0.0041392744095446795,NM_001298605,FBgn0027279,FBgn0027279,38.541501976284586,FBgn0027279
rna-NM_176779.3,29,4786,0.00605933974091099,NM_176779,FBgn0027279,FBgn0027279,38.541501976284586,FBgn0027279
rna-NM_001298604.1,29,4777,0.006070755704416998,NM_001298604,FBgn0027279,FBgn0027279,38.541501976284586,FBgn0027279
rna-NM_001298603.1,29,4540,0.006387665198237885,NM_001298603,FBgn0027279,FBgn0027279,38.541501976284586,FBgn0027279
rna-NM_134625.3,23,2470,0.00931174089068826,NM_134625,FBgn0031195,FBgn0031195,20.948616600790515,FBgn0031195
rna-NM_001272849.1,23,2398,0.009591326105087573,NM_001272849,FBgn0031195,FBgn0031195,20.948616600790515,FBgn0031195
rna-NM_167787.2,1,1069,0.0009354536950420954,NM_167787,FBgn0031195,FBgn0031195,20.948616600790515,FBgn0031195
rna-NM_001272848.1,1,973,0.0010277492291880781,NM_001272848,FBgn0031195,FBgn0031195,20.948616600790515,FBgn0031195
rna-NM_001272850.1,85,6055,0.014037985136251032,NM_001272850,FBgn0262866,FBgn0262866,31.063241106719367,FBgn0262866
rna-NM_078713.3,46,3777,0.012178978024887478,NM_078713,FBgn0262866,FBgn0262866,31.063241106719367,FBgn0262866
rna-NM_001272851.1,91,4272,0.021301498127340824,NM_001272851,FBgn0031194,FBgn0031194,48.25375494071147,FBgn0031194
rna-NM_134624.4,62,2662,0.02329075882794891,NM_134624,FBgn0031194,FBgn0031194,48.25375494071147,FBgn0031194
rna-NM_167788.2,41,1934,0.021199586349534644,NM_167788,FBgn0052499,FBgn0052499,3.243873517786563,FBgn0052499
rna-NM_001272855.2,28,5256,0.00532724505327245,NM_001272855,FBgn0000719,FBgn0000719,66.0909090909091,FBgn0000719
rna-NM_001272854.1,24,3825,0.006274509803921568,NM_001272854,FBgn0000719,FBgn0000719,66.0909090909091,FBgn0000719
rna-NM_001038771.3,28,3937,0.007112014224028448,NM_001038771,FBgn0000719,FBgn0000719,66.0909090909091,FBgn0000719
rna-NM_001272852.1,27,4504,0.005994671403197158,NM_001272852,FBgn0000719,FBgn0000719,66.0909090909091,FBgn0000719
rna-NM_078714.6,34,4647,0.0073165483107381106,NM_078714,FBgn0000719,FBgn0000719,66.0909090909091,FBgn0000719
rna-NM_001272853.2,9,3188,0.0028230865746549563,NM_001272853,FBgn0000719,FBgn0000719,66.0909090909091,FBgn0000719
rna-NM_001258471.2,59,7050,0.008368794326241135,NM_001258471,FBgn0025740,FBgn0025740,11.806324110671937,FBgn0025740
rna-NM_079877.4,59,6716,0.00878499106611078,NM_079877,FBgn0025740,FBgn0025740,11.806324110671937,FBgn0025740
rna-NM_001258473.1,57,5191,0.010980543247929108,NM_001258473,FBgn0004859,FBgn0004859,56.95533596837945,FBgn0004859
rna-NM_001258472.2,52,4874,0.010668855149774312,NM_001258472,FBgn0004859,FBgn0004859,56.95533596837945,FBgn0004859
rna-NM_079878.5,53,4941,0.010726573568103623,NM_079878,FBgn0004859,FBgn0004859,56.95533596837945,FBgn0004859
rna-NM_001258476.2,86,4954,0.017359709325797335,NM_001258476,FBgn0085432,FBgn0085432,53.82213438735178,FBgn0085432
rna-NM_001014685.3,82,4219,0.019435885280872246,NM_001014685,FBgn0085432,FBgn0085432,53.82213438735178,FBgn0085432
rna-NM_166723.3,55,3101,0.017736214124475975,NM_166723,FBgn0085432,FBgn0085432,53.82213438735178,FBgn0085432
rna-NM_079880.6,56,3023,0.018524644392987098,NM_079880,FBgn0085432,FBgn0085432,53.82213438735178,FBgn0085432
rna-NM_001038709.3,36,3795,0.009486166007905139,NM_001038709,FBgn0085432,FBgn0085432,53.82213438735178,FBgn0085432
rna-NM_001258477.2,114,8472,0.013456090651558074,NM_001258477,FBgn0085432,FBgn0085432,53.82213438735178,FBgn0085432
rna-NM_166718.3,85,4129,0.020586098328893195,NM_166718,FBgn0085432,FBgn0085432,53.82213438735178,FBgn0085432
rna-NM_166720.3,78,4095,0.01904761904761905,NM_166720,FBgn0085432,FBgn0085432,53.82213438735178,FBgn0085432
rna-NM_166724.4,102,6005,0.016985845129059117,NM_166724,FBgn0085432,FBgn0085432,53.82213438735178,FBgn0085432
rna-NM_001169348.2,51,5777,0.00882811147654492,NM_001169348,FBgn0011747,FBgn0011747,53.76679841897233,FBgn0011747
rna-NM_175927.3,51,5176,0.009853168469860896,NM_175927,FBgn0011747,FBgn0011747,53.76679841897233,FBgn0011747
rna-NM_175928.3,51,5291,0.009639009639009639,NM_175928,FBgn0011747,FBgn0011747,53.76679841897233,FBgn0011747
rna-NM_175926.3,51,5101,0.009998039600078416,NM_175926,FBgn0011747,FBgn0011747,53.76679841897233,FBgn0011747
rna-NM_001103379.2,62,5743,0.010795751349468918,NM_001103379,FBgn0052000,FBgn0052000,70.78656126482214,FBgn0052000
rna-NM_205865.2,59,4782,0.0123379339188624,NM_205865,FBgn0052000,FBgn0052000,70.78656126482214,FBgn0052000
rna-NM_166728.2,35,3219,0.010872941907424665,NM_166728,FBgn0052000,FBgn0052000,70.78656126482214,FBgn0052000
rna-NM_166733.2,32,2238,0.014298480786416443,NM_166733,FBgn0052000,FBgn0052000,70.78656126482214,FBgn0052000
rna-NM_166729.2,32,2262,0.014146772767462422,NM_166729,FBgn0052000,FBgn0052000,70.78656126482214,FBgn0052000
rna-NM_001272114.1,57,4447,0.012817629862828873,NM_001272114,FBgn0052000,FBgn0052000,70.78656126482214,FBgn0052000
rna-NM_166730.3,60,4754,0.012620950778291964,NM_166730,FBgn0052000,FBgn0052000,70.78656126482214,FBgn0052000
rna-NM_166732.3,57,4435,0.012852311161217588,NM_166732,FBgn0052000,FBgn0052000,70.78656126482214,FBgn0052000
rna-NM_166731.2,33,2234,0.01477170993733214,NM_166731,FBgn0052000,FBgn0052000,70.78656126482214,FBgn0052000
rna-NM_001272115.1,49,6914,0.00708706971362453,NM_001272115,FBgn0053978,FBgn0053978,1.088932806324111,FBgn0053978
rna-NM_001272117.1,44,6722,0.006545670931270455,NM_001272117,FBgn0053978,FBgn0053978,1.088932806324111,FBgn0053978
rna-NM_001272116.1,44,6779,0.006490632836701578,NM_001272116,FBgn0053978,FBgn0053978,1.088932806324111,FBgn0053978
rna-NM_001258478.1,27,7548,0.003577106518282989,NM_001258478,FBgn0053978,FBgn0053978,1.088932806324111,FBgn0053978
rna-NM_001038712.3,23,7461,0.003082696689451816,NM_001038712,FBgn0053978,FBgn0053978,1.088932806324111,FBgn0053978
rna-NM_001258479.3,14,1095,0.012785388127853882,NM_001258479,FBgn0039889,FBgn0039889,57.21343873517787,FBgn0039889
rna-NM_001272118.1,13,958,0.013569937369519834,NM_001272118,FBgn0039889,FBgn0039889,57.21343873517787,FBgn0039889
rna-NM_143648.3,13,1002,0.012974051896207584,NM_143648,FBgn0039889,FBgn0039889,57.21343873517787,FBgn0039889
rna-NM_166736.4,31,3050,0.010163934426229508,NM_166736,FBgn0039890,FBgn0039890,25.225691699604745,FBgn0039890
rna-NM_166738.3,23,2709,0.008490217792543374,NM_166738,FBgn0039890,FBgn0039890,25.225691699604745,FBgn0039890
rna-NM_166737.3,23,2773,0.008294266137756943,NM_166737,FBgn0039890,FBgn0039890,25.225691699604745,FBgn0039890
rna-NM_143649.3,23,2762,0.00832729905865315,NM_143649,FBgn0039890,FBgn0039890,25.225691699604745,FBgn0039890
rna-NM_166740.2,23,2840,0.008098591549295774,NM_166740,FBgn0039890,FBgn0039890,25.225691699604745,FBgn0039890
rna-NM_001258480.1,23,2614,0.008798775822494262,NM_001258480,FBgn0039890,FBgn0039890,25.225691699604745,FBgn0039890
rna-NM_001258481.2,73,5980,0.012207357859531772,NM_001258481,FBgn0051998,FBgn0051998,62.944664031620555,FBgn0051998
rna-NM_166742.3,58,4863,0.01192679415998355,NM_166742,FBgn0051998,FBgn0051998,62.944664031620555,FBgn0051998
rna-NM_001258483.2,10,1357,0.007369196757553427,NM_001258483,FBgn0024811,FBgn0024811,64.70750988142292,FBgn0024811
rna-NM_143651.6,8,1197,0.006683375104427736,NM_143651,FBgn0024811,FBgn0024811,64.70750988142292,FBgn0024811
rna-NM_001297781.1,6,863,0.006952491309385863,NM_001297781,FBgn0024811,FBgn0024811,64.70750988142292,FBgn0024811
rna-NM_166744.3,8,1143,0.00699912510936133,NM_166744,FBgn0024811,FBgn0024811,64.70750988142292,FBgn0024811
rna-NM_001258482.2,8,1173,0.0068201193520886615,NM_001258482,FBgn0024811,FBgn0024811,64.70750988142292,FBgn0024811
rna-NM_166743.3,8,1122,0.0071301247771836,NM_166743,FBgn0024811,FBgn0024811,64.70750988142292,FBgn0024811
rna-NM_001297782.1,7,917,0.007633587786259542,NM_001297782,FBgn0024811,FBgn0024811,64.70750988142292,FBgn0024811
rna-NM_001297783.1,21,3639,0.005770816158285243,NM_001297783,FBgn0051999,FBgn0051999,1.5233201581027664,FBgn0051999
rna-NM_166745.3,15,2972,0.0050471063257065945,NM_166745,FBgn0051999,FBgn0051999,1.5233201581027664,FBgn0051999
rna-NM_143656.2,9,2557,0.0035197497066875244,NM_143656,FBgn0039897,FBgn0039897,0.8719367588932799,FBgn0039897
rna-NM_001169351.2,9,3016,0.0029840848806366046,NM_001169351,FBgn0039897,FBgn0039897,0.8719367588932799,FBgn0039897
rna-NM_001272120.1,9,2893,0.0031109574835810577,NM_001272120,FBgn0039897,FBgn0039897,0.8719367588932799,FBgn0039897
rna-NM_166746.3,3,2131,0.0014077897700610043,NM_166746,FBgn0039897,FBgn0039897,0.8719367588932799,FBgn0039897
rna-NM_166747.3,9,2989,0.003011040481766477,NM_166747,FBgn0039897,FBgn0039897,0.8719367588932799,FBgn0039897
rna-NM_001258485.2,3,3052,0.000982961992136304,NM_001258485,FBgn0039897,FBgn0039897,0.8719367588932799,FBgn0039897
rna-NM_001258484.2,3,2917,0.0010284538909838875,NM_001258484,FBgn0039897,FBgn0039897,0.8719367588932799,FBgn0039897
rna-NM_001169352.2,3,2419,0.0012401818933443572,NM_001169352,FBgn0039897,FBgn0039897,0.8719367588932799,FBgn0039897
rna-NM_205866.3,4,1457,0.002745367192862045,NM_205866,FBgn0039897,FBgn0039897,0.8719367588932799,FBgn0039897
rna-NM_001169350.2,9,2899,0.003104518799586064,NM_001169350,FBgn0039897,FBgn0039897,0.8719367588932799,FBgn0039897
rna-NM_001103380.3,15,1275,0.011764705882352941,NM_001103380,FBgn0053481,FBgn0053481,1.0442687747035575,FBgn0053481
rna-NM_001103381.3,18,1515,0.011881188118811881,NM_001103381,FBgn0053481,FBgn0053481,1.0442687747035575,FBgn0053481
rna-NM_166749.2,28,2684,0.010432190760059613,NM_166749,FBgn0039900,FBgn0039900,1.5470355731225296,FBgn0039900
rna-NM_001258488.2,28,2596,0.01078582434514638,NM_001258488,FBgn0039900,FBgn0039900,1.5470355731225296,FBgn0039900
rna-NM_166748.5,30,2794,0.010737294201861132,NM_166748,FBgn0039900,FBgn0039900,1.5470355731225296,FBgn0039900
rna-NM_166751.6,30,2830,0.01060070671378092,NM_166751,FBgn0039900,FBgn0039900,1.5470355731225296,FBgn0039900
rna-NM_205871.3,32,3002,0.010659560293137908,NM_205871,FBgn0039900,FBgn0039900,1.5470355731225296,FBgn0039900
rna-NM_001272123.1,12,2009,0.005973120955699353,NM_001272123,FBgn0026777,FBgn0026777,233.22134387351778,FBgn0026777
rna-NM_166752.2,10,1507,0.006635700066357001,NM_166752,FBgn0026777,FBgn0026777,233.22134387351778,FBgn0026777
rna-NM_143661.3,10,1489,0.006715916722632639,NM_143661,FBgn0026777,FBgn0026777,233.22134387351778,FBgn0026777
rna-NM_001144383.2,30,2723,0.011017260374586852,NM_001144383,FBgn0039902,FBgn0039902,45.93280632411067,FBgn0039902
rna-NM_001297784.1,32,2995,0.010684474123539232,NM_001297784,FBgn0039902,FBgn0039902,45.93280632411067,FBgn0039902
rna-NM_143662.2,28,2821,0.009925558312655087,NM_143662,FBgn0039902,FBgn0039902,45.93280632411067,FBgn0039902
rna-NM_205872.2,29,2870,0.010104529616724738,NM_205872,FBgn0039902,FBgn0039902,45.93280632411067,FBgn0039902
rna-NM_001272124.1,8,3965,0.00201765447667087,NM_001272124,FBgn0052850,FBgn0052850,10.25296442687747,FBgn0052850
rna-NM_166753.3,5,2311,0.0021635655560363477,NM_166753,FBgn0052850,FBgn0052850,10.25296442687747,FBgn0052850
rna-NM_001201587.2,13,4701,0.002765369070410551,NM_001201587,FBgn0259214,FBgn0259214,133.47430830039525,FBgn0259214
rna-NM_001201585.2,1,4101,0.000243842965130456,NM_001201585,FBgn0259214,FBgn0259214,133.47430830039525,FBgn0259214
rna-NM_001201586.2,3,4017,0.0007468259895444362,NM_001201586,FBgn0259214,FBgn0259214,133.47430830039525,FBgn0259214
rna-NM_166755.6,3,4053,0.0007401924500370096,NM_166755,FBgn0259214,FBgn0259214,133.47430830039525,FBgn0259214
rna-NM_001201588.2,3,4065,0.0007380073800738007,NM_001201588,FBgn0259214,FBgn0259214,133.47430830039525,FBgn0259214
rna-NM_001014688.4,6,4066,0.0014756517461878996,NM_001014688,FBgn0259214,FBgn0259214,133.47430830039525,FBgn0259214
rna-NM_166754.6,6,4135,0.0014510278113663846,NM_166754,FBgn0259214,FBgn0259214,133.47430830039525,FBgn0259214
rna-NM_001038714.4,6,4740,0.0012658227848101266,NM_001038714,FBgn0259214,FBgn0259214,133.47430830039525,FBgn0259214
rna-NM_001201589.2,6,5939,0.0010102710894089914,NM_001201589,FBgn0259214,FBgn0259214,133.47430830039525,FBgn0259214
rna-NM_001014689.5,6,4600,0.0013043478260869566,NM_001014689,FBgn0259214,FBgn0259214,133.47430830039525,FBgn0259214
rna-NM_001014687.4,7,3857,0.0018148820326678765,NM_001014687,FBgn0259214,FBgn0259214,133.47430830039525,FBgn0259214
rna-NM_205873.3,53,7812,0.006784434203789043,NM_205873,FBgn0039904,FBgn0039904,88.52173913043478,FBgn0039904
rna-NM_166756.3,52,7231,0.007191259853408934,NM_166756,FBgn0039904,FBgn0039904,88.52173913043478,FBgn0039904
rna-NM_001258491.3,58,5372,0.010796723752792257,NM_001258491,FBgn0039904,FBgn0039904,88.52173913043478,FBgn0039904
rna-NM_079882.4,56,5346,0.010475121586232696,NM_079882,FBgn0039904,FBgn0039904,88.52173913043478,FBgn0039904
rna-NM_166757.3,55,5190,0.010597302504816955,NM_166757,FBgn0039904,FBgn0039904,88.52173913043478,FBgn0039904
rna-NM_143665.4,69,5357,0.012880343475826022,NM_143665,FBgn0039907,FBgn0039907,55.640316205533594,FBgn0039907
rna-NM_079883.3,73,3382,0.021584861028976936,NM_079883,FBgn0016126,FBgn0016126,25.857707509881422,FBgn0016126
rna-NM_166764.2,40,1950,0.020512820512820513,NM_166764,FBgn0016126,FBgn0016126,25.857707509881422,FBgn0016126
rna-NM_166761.2,55,2604,0.021121351766513058,NM_166761,FBgn0016126,FBgn0016126,25.857707509881422,FBgn0016126
rna-NM_166760.2,53,2580,0.02054263565891473,NM_166760,FBgn0016126,FBgn0016126,25.857707509881422,FBgn0016126
rna-NM_166759.2,48,2239,0.021438142027690933,NM_166759,FBgn0016126,FBgn0016126,25.857707509881422,FBgn0016126
rna-NM_143666.3,52,4514,0.011519716437749225,NM_143666,FBgn0026262,FBgn0026262,246.31225296442688,FBgn0026262
rna-NM_001347760.1,11,1078,0.01020408163265306,NM_001347760,FBgn0262731,FBgn0262731,72.59288537549408,FBgn0262731
rna-NM_001272127.1,182,7728,0.02355072463768116,NM_001272127,FBgn0039908,FBgn0039908,19.49802371541502,FBgn0039908
rna-NM_166766.3,131,5521,0.023727585582322044,NM_166766,FBgn0039908,FBgn0039908,19.49802371541502,FBgn0039908
rna-NM_001272126.2,130,5264,0.024696048632218845,NM_001272126,FBgn0039908,FBgn0039908,19.49802371541502,FBgn0039908
rna-NM_143667.3,131,5187,0.025255446308077887,NM_143667,FBgn0039908,FBgn0039908,19.49802371541502,FBgn0039908
rna-NM_001297785.1,119,4091,0.029088242483500365,NM_001297785,FBgn0039908,FBgn0039908,19.49802371541502,FBgn0039908
rna-NM_001272128.1,130,4768,0.02726510067114094,NM_001272128,FBgn0039908,FBgn0039908,19.49802371541502,FBgn0039908
rna-NM_001272129.1,118,4247,0.027784318342359313,NM_001272129,FBgn0039908,FBgn0039908,19.49802371541502,FBgn0039908
rna-NM_001272125.1,116,3750,0.030933333333333334,NM_001272125,FBgn0039908,FBgn0039908,19.49802371541502,FBgn0039908
rna-NM_166765.3,119,4104,0.028996101364522416,NM_166765,FBgn0039908,FBgn0039908,19.49802371541502,FBgn0039908
rna-NM_001258496.3,123,11695,0.010517315091919624,NM_001258496,FBgn0004607,FBgn0004607,6.4616600790513825,FBgn0004607
rna-NM_079884.5,122,10619,0.01148884075713344,NM_079884,FBgn0004607,FBgn0004607,6.4616600790513825,FBgn0004607
rna-NM_001272130.1,120,10141,0.011833152549058278,NM_001272130,FBgn0004607,FBgn0004607,6.4616600790513825,FBgn0004607
rna-NM_001297786.2,100,13125,0.007619047619047619,NM_001297786,FBgn0026869,FBgn0026869,74.57312252964427,FBgn0026869
rna-NM_001272131.2,79,10897,0.007249701752775993,NM_001272131,FBgn0026869,FBgn0026869,74.57312252964427,FBgn0026869
rna-NM_143668.3,38,6189,0.006139925674583939,NM_143668,FBgn0026869,FBgn0026869,74.57312252964427,FBgn0026869
rna-NM_079885.2,17,1319,0.01288855193328279,NM_079885,FBgn0022361,FBgn0022361,10.635968379446638,FBgn0022361
rna-NM_166767.2,17,1313,0.012947448591012947,NM_166767,FBgn0022361,FBgn0022361,10.635968379446638,FBgn0022361
rna-NM_166769.2,44,2547,0.017275225755791126,NM_166769,FBgn0022361,FBgn0022361,10.635968379446638,FBgn0022361
rna-NM_001272134.1,44,2544,0.01729559748427673,NM_001272134,FBgn0022361,FBgn0022361,10.635968379446638,FBgn0022361
rna-NM_166768.2,19,1238,0.015347334410339256,NM_166768,FBgn0022361,FBgn0022361,10.635968379446638,FBgn0022361
rna-NM_001272133.1,17,1213,0.014014839241549877,NM_001272133,FBgn0022361,FBgn0022361,10.635968379446638,FBgn0022361
rna-NM_001272132.1,41,2719,0.015079073188672305,NM_001272132,FBgn0022361,FBgn0022361,10.635968379446638,FBgn0022361
rna-NM_001272135.1,32,1584,0.020202020202020204,NM_001272135,FBgn0039909,FBgn0039909,81.30434782608695,FBgn0039909
rna-NM_143669.2,32,1573,0.020343293070565798,NM_143669,FBgn0039909,FBgn0039909,81.30434782608695,FBgn0039909
rna-NM_166771.2,93,5312,0.017507530120481927,NM_166771,FBgn0040324,FBgn0040324,66.62450592885375,FBgn0040324
rna-NM_166770.2,65,3128,0.02078005115089514,NM_166770,FBgn0040324,FBgn0040324,66.62450592885375,FBgn0040324
rna-NM_143670.5,65,3025,0.021487603305785124,NM_143670,FBgn0040324,FBgn0040324,66.62450592885375,FBgn0040324
rna-NM_001272136.1,128,6050,0.02115702479338843,NM_001272136,FBgn0028996,FBgn0028996,0.9798418972332015,FBgn0028996
rna-NM_080103.3,148,6742,0.021951943043607237,NM_080103,FBgn0028996,FBgn0028996,0.9798418972332015,FBgn0028996
rna-NM_166776.4,91,5630,0.01616341030195382,NM_166776,FBgn0025936,FBgn0025936,55.130434782608695,FBgn0025936
rna-NM_079886.5,84,4190,0.020047732696897375,NM_079886,FBgn0025936,FBgn0025936,55.130434782608695,FBgn0025936
rna-NM_166775.4,82,4142,0.01979719942056977,NM_166775,FBgn0025936,FBgn0025936,55.130434782608695,FBgn0025936
rna-NM_166777.4,82,4068,0.02015732546705998,NM_166777,FBgn0025936,FBgn0025936,55.130434782608695,FBgn0025936
rna-NM_001169353.2,84,3854,0.021795537104307212,NM_001169353,FBgn0025936,FBgn0025936,55.130434782608695,FBgn0025936
rna-NM_166774.3,77,3691,0.020861555134109998,NM_166774,FBgn0025936,FBgn0025936,55.130434782608695,FBgn0025936
rna-NM_079887.3,49,2705,0.01811460258780037,NM_079887,FBgn0039914,FBgn0039914,38.59288537549407,FBgn0039914
rna-NM_001014691.3,16,5716,0.0027991602519244225,NM_001014691,FBgn0051992,FBgn0051992,814.6521739130435,FBgn0051992
rna-NM_166781.2,13,4792,0.002712854757929883,NM_166781,FBgn0051992,FBgn0051992,814.6521739130435,FBgn0051992
rna-NM_166784.2,5,4675,0.0010695187165775401,NM_166784,FBgn0051992,FBgn0051992,814.6521739130435,FBgn0051992
rna-NM_166785.2,5,4718,0.00105977108944468,NM_166785,FBgn0051992,FBgn0051992,814.6521739130435,FBgn0051992
rna-NM_166780.2,5,5036,0.0009928514694201747,NM_166780,FBgn0051992,FBgn0051992,814.6521739130435,FBgn0051992
rna-NM_143676.2,57,2818,0.020227111426543647,NM_143676,FBgn0024728,FBgn0024728,33.901185770750985,FBgn0024728
rna-NM_001272138.1,55,2663,0.020653398422831395,NM_001272138,FBgn0024728,FBgn0024728,33.901185770750985,FBgn0024728
rna-NM_001272137.1,53,2500,0.0212,NM_001272137,FBgn0024728,FBgn0024728,33.901185770750985,FBgn0024728
rna-NM_001272139.1,112,6932,0.016156953260242354,NM_001272139,FBgn0039920,FBgn0039920,16.42727272727273,FBgn0039920
rna-NM_001272141.1,75,4156,0.018046198267564966,NM_001272141,FBgn0039920,FBgn0039920,16.42727272727273,FBgn0039920
rna-NM_001272140.1,65,3716,0.017491926803013993,NM_001272140,FBgn0039920,FBgn0039920,16.42727272727273,FBgn0039920
rna-NM_143677.4,92,5558,0.016552716804605974,NM_143677,FBgn0039920,FBgn0039920,16.42727272727273,FBgn0039920
rna-NM_166788.2,48,3612,0.013289036544850499,NM_166788,FBgn0026199,FBgn0026199,59.63241106719368,FBgn0026199
rna-NM_166786.2,35,2896,0.012085635359116022,NM_166786,FBgn0026199,FBgn0026199,59.63241106719368,FBgn0026199
rna-NM_166787.2,28,3056,0.009162303664921465,NM_166787,FBgn0026199,FBgn0026199,59.63241106719368,FBgn0026199
rna-NM_166789.2,87,2854,0.03048353188507358,NM_166789,FBgn0005558,FBgn0005558,0.7328063241106717,FBgn0005558
rna-NM_001014693.2,98,3462,0.02830733679953784,NM_001014693,FBgn0005558,FBgn0005558,0.7328063241106717,FBgn0005558
rna-NM_079889.3,95,3282,0.02894576477757465,NM_079889,FBgn0005558,FBgn0005558,0.7328063241106717,FBgn0005558
rna-NM_001014694.2,91,2902,0.03135768435561682,NM_001014694,FBgn0005558,FBgn0005558,0.7328063241106717,FBgn0005558
rna-NM_001272143.2,597,27666,0.021578833224896985,NM_001272143,FBgn0005666,FBgn0005666,1.5533596837944663,FBgn0005666
rna-NM_001169354.2,586,27474,0.0213292567518381,NM_001169354,FBgn0005666,FBgn0005666,1.5533596837944663,FBgn0005666
rna-NM_205876.3,575,26619,0.021601111987677973,NM_205876,FBgn0005666,FBgn0005666,1.5533596837944663,FBgn0005666
rna-NM_001297787.1,569,26421,0.021535899473903334,NM_001297787,FBgn0005666,FBgn0005666,1.5533596837944663,FBgn0005666
rna-NM_001272142.1,561,25818,0.021729026260748314,NM_001272142,FBgn0005666,FBgn0005666,1.5533596837944663,FBgn0005666
rna-NM_166791.2,161,4910,0.03279022403258656,NM_166791,FBgn0039923,FBgn0039923,165.24505928853756,FBgn0039923
rna-NM_143679.4,164,4989,0.032872319102024455,NM_143679,FBgn0039923,FBgn0039923,165.24505928853756,FBgn0039923
rna-NM_001014695.2,106,3804,0.02786540483701367,NM_001014695,FBgn0039938,FBgn0039938,3.2790513833992123,FBgn0039938
rna-NM_166792.2,76,2767,0.027466570292735814,NM_166792,FBgn0039938,FBgn0039938,3.2790513833992123,FBgn0039938
rna-NM_001272145.1,80,2902,0.027567195037904894,NM_001272145,FBgn0039938,FBgn0039938,3.2790513833992123,FBgn0039938
rna-NM_001272144.1,80,2840,0.028169014084507043,NM_001272144,FBgn0039938,FBgn0039938,3.2790513833992123,FBgn0039938
rna-NM_143694.3,79,2324,0.03399311531841653,NM_143694,FBgn0039937,FBgn0039937,5.490118577075098,FBgn0039937
rna-NM_001169357.4,162,5268,0.030751708428246014,NM_001169357,FBgn0039936,FBgn0039936,297.1660079051383,FBgn0039936
rna-NM_143693.4,149,4892,0.03045789043336059,NM_143693,FBgn0039936,FBgn0039936,297.1660079051383,FBgn0039936
rna-NM_205878.3,149,4898,0.03042057982850143,NM_205878,FBgn0039936,FBgn0039936,297.1660079051383,FBgn0039936
rna-NM_001169356.2,150,4919,0.030494002846106934,NM_001169356,FBgn0039936,FBgn0039936,297.1660079051383,FBgn0039936
rna-NM_001258497.2,344,12808,0.026858213616489695,NM_001258497,FBgn0025726,FBgn0025726,38.21739130434783,FBgn0025726
rna-NM_001297788.1,352,12914,0.027257240204429302,NM_001297788,FBgn0025726,FBgn0025726,38.21739130434783,FBgn0025726
rna-NM_001272146.1,252,9289,0.027128862094951016,NM_001272146,FBgn0025726,FBgn0025726,38.21739130434783,FBgn0025726
rna-NM_143692.4,253,9769,0.025898249564950352,NM_143692,FBgn0025726,FBgn0025726,38.21739130434783,FBgn0025726
rna-NM_166793.4,260,9778,0.026590304765800776,NM_166793,FBgn0025726,FBgn0025726,38.21739130434783,FBgn0025726
rna-NM_166794.3,296,10276,0.028804982483456597,NM_166794,FBgn0025726,FBgn0025726,38.21739130434783,FBgn0025726
rna-NM_001258498.2,296,10285,0.02877977637335926,NM_001258498,FBgn0025726,FBgn0025726,38.21739130434783,FBgn0025726
rna-NM_079901.4,150,5576,0.02690100430416069,NM_079901,FBgn0023213,FBgn0023213,77.21739130434783,FBgn0023213
rna-NM_001103382.2,166,6335,0.026203630623520126,NM_001103382,FBgn0023213,FBgn0023213,77.21739130434783,FBgn0023213
rna-NM_001144385.2,157,5806,0.027040992077161558,NM_001144385,FBgn0023213,FBgn0023213,77.21739130434783,FBgn0023213
rna-NM_166797.2,88,3501,0.025135675521279634,NM_166797,FBgn0052016,FBgn0052016,61.37549407114624,FBgn0052016
rna-NM_166796.2,90,3526,0.025524673851389675,NM_166796,FBgn0052016,FBgn0052016,61.37549407114624,FBgn0052016
rna-NM_166798.2,92,3691,0.024925494445949607,NM_166798,FBgn0052016,FBgn0052016,61.37549407114624,FBgn0052016
rna-NM_001272149.2,84,3376,0.024881516587677725,NM_001272149,FBgn0052016,FBgn0052016,61.37549407114624,FBgn0052016
rna-NM_001169358.2,92,2638,0.034874905231235785,NM_001169358,FBgn0039932,FBgn0039932,6.31146245059288,FBgn0039932
rna-NM_001272150.2,106,3094,0.03425985778926956,NM_001272150,FBgn0039932,FBgn0039932,6.31146245059288,FBgn0039932
rna-NM_001169359.1,93,2597,0.03581055063534848,NM_001169359,FBgn0039932,FBgn0039932,6.31146245059288,FBgn0039932
rna-NM_001382011.1,127,3921,0.03238969650599337,NM_001382011,FBgn0019650,FBgn0019650,6.607114624505929,FBgn0019650
rna-NM_001272151.1,123,3870,0.03178294573643411,NM_001272151,FBgn0019650,FBgn0019650,6.607114624505929,FBgn0019650
rna-NM_079899.4,66,2287,0.028858766943594228,NM_079899,FBgn0019650,FBgn0019650,6.607114624505929,FBgn0019650
rna-NM_001258499.2,332,10243,0.03241237918578541,NM_001258499,FBgn0025741,FBgn0025741,72.2292490118577,FBgn0025741
rna-NM_166804.4,154,5153,0.029885503590141665,NM_166804,FBgn0025741,FBgn0025741,72.2292490118577,FBgn0025741
rna-NM_079898.3,199,6592,0.030188106796116505,NM_079898,FBgn0025741,FBgn0025741,72.2292490118577,FBgn0025741
rna-NM_166805.4,166,5200,0.03192307692307692,NM_166805,FBgn0025741,FBgn0025741,72.2292490118577,FBgn0025741
rna-NM_143687.4,17,687,0.024745269286754003,NM_143687,FBgn0039930,FBgn0039930,34.62450592885376,FBgn0039930
rna-NM_001258500.1,13,1230,0.01056910569105691,NM_001258500,FBgn0039929,FBgn0039929,122.81818181818181,FBgn0039929
rna-NM_143686.4,9,1192,0.007550335570469799,NM_143686,FBgn0039929,FBgn0039929,122.81818181818181,FBgn0039929
rna-NM_166807.3,6,1265,0.0047430830039525695,NM_166807,FBgn0039929,FBgn0039929,122.81818181818181,FBgn0039929
rna-NM_001272152.1,53,2026,0.026159921026653505,NM_001272152,FBgn0010217,FBgn0010217,549.604743083004,FBgn0010217
rna-NM_001297790.1,50,2048,0.0244140625,NM_001297790,FBgn0010217,FBgn0010217,549.604743083004,FBgn0010217
rna-NM_166808.3,37,1688,0.021919431279620854,NM_166808,FBgn0010217,FBgn0010217,549.604743083004,FBgn0010217
rna-NM_001272153.1,89,3735,0.023828647925033468,NM_001272153,FBgn0264607,FBgn0264607,30.007905138339922,FBgn0264607
rna-NM_079896.4,89,3759,0.023676509710029263,NM_079896,FBgn0264607,FBgn0264607,30.007905138339922,FBgn0264607
rna-NM_001272155.1,92,3801,0.024204156800841883,NM_001272155,FBgn0264607,FBgn0264607,30.007905138339922,FBgn0264607
rna-NM_001272154.1,92,3855,0.023865110246433202,NM_001272154,FBgn0264607,FBgn0264607,30.007905138339922,FBgn0264607
rna-NM_166813.3,89,3816,0.023322851153039833,NM_166813,FBgn0264607,FBgn0264607,30.007905138339922,FBgn0264607
rna-NM_001014696.2,90,3837,0.023455824863174355,NM_001014696,FBgn0264607,FBgn0264607,30.007905138339922,FBgn0264607
rna-NM_166812.3,92,3879,0.023717452951791698,NM_166812,FBgn0264607,FBgn0264607,30.007905138339922,FBgn0264607
rna-NM_166810.5,88,3589,0.024519364725550292,NM_166810,FBgn0264607,FBgn0264607,30.007905138339922,FBgn0264607
rna-NM_001169361.2,93,3775,0.024635761589403973,NM_001169361,FBgn0264607,FBgn0264607,30.007905138339922,FBgn0264607
rna-NM_166811.2,88,3730,0.02359249329758713,NM_166811,FBgn0264607,FBgn0264607,30.007905138339922,FBgn0264607
rna-NM_001169362.2,55,1845,0.02981029810298103,NM_001169362,FBgn0264607,FBgn0264607,30.007905138339922,FBgn0264607
rna-NM_001169360.2,65,2371,0.02741459299873471,NM_001169360,FBgn0264607,FBgn0264607,30.007905138339922,FBgn0264607
rna-NM_001258501.3,61,1958,0.03115423901940756,NM_001258501,FBgn0011642,FBgn0011642,19.296442687747035,FBgn0011642
rna-NM_166819.3,78,2180,0.03577981651376147,NM_166819,FBgn0011642,FBgn0011642,19.296442687747035,FBgn0011642
rna-NM_166815.3,54,1788,0.030201342281879196,NM_166815,FBgn0011642,FBgn0011642,19.296442687747035,FBgn0011642
rna-NM_166816.3,70,1979,0.035371399696816574,NM_166816,FBgn0011642,FBgn0011642,19.296442687747035,FBgn0011642
rna-NM_143758.4,73,2061,0.03541969917515769,NM_143758,FBgn0011642,FBgn0011642,19.296442687747035,FBgn0011642
rna-NM_001297791.1,223,10338,0.021570903462952214,NM_001297791,FBgn0087002,FBgn0087002,3.964426877470357,FBgn0087002
rna-NM_001297792.1,219,10412,0.021033422973492123,NM_001297792,FBgn0087002,FBgn0087002,3.964426877470357,FBgn0087002
rna-NM_001272156.1,248,11356,0.021838675589996477,NM_001272156,FBgn0087002,FBgn0087002,3.964426877470357,FBgn0087002
rna-NM_079895.3,220,10287,0.021386215611937397,NM_079895,FBgn0087002,FBgn0087002,3.964426877470357,FBgn0087002
rna-NM_079894.4,147,4693,0.031323247389729386,NM_079894,FBgn0005561,FBgn0005561,0.8478260869565218,FBgn0005561
rna-NM_001014701.2,147,4201,0.03499166865032135,NM_001014701,FBgn0005561,FBgn0005561,0.8478260869565218,FBgn0005561
rna-NM_166822.4,147,4102,0.03583617747440273,NM_166822,FBgn0005561,FBgn0005561,0.8478260869565218,FBgn0005561
rna-NM_001014697.2,143,4501,0.03177071761830704,NM_001014697,FBgn0005561,FBgn0005561,0.8478260869565218,FBgn0005561
rna-NM_001014699.3,58,2749,0.021098581302291742,NM_001014699,FBgn0005561,FBgn0005561,0.8478260869565218,FBgn0005561
rna-NM_001014698.3,58,2257,0.0256978289765175,NM_001014698,FBgn0005561,FBgn0005561,0.8478260869565218,FBgn0005561
rna-NM_001169363.2,119,3721,0.031980650362805695,NM_001169363,FBgn0005561,FBgn0005561,0.8478260869565218,FBgn0005561
rna-NM_001297793.1,155,6077,0.025506006253085405,NM_001297793,FBgn0039928,FBgn0039928,9.108300395256915,FBgn0039928
rna-NM_166823.2,94,3872,0.02427685950413223,NM_166823,FBgn0039928,FBgn0039928,9.108300395256915,FBgn0039928
rna-NM_079893.3,89,3693,0.024099647982669916,NM_079893,FBgn0039928,FBgn0039928,9.108300395256915,FBgn0039928
rna-NM_001272157.1,89,3696,0.02408008658008658,NM_001272157,FBgn0039928,FBgn0039928,9.108300395256915,FBgn0039928
rna-NM_079892.3,28,930,0.030107526881720432,NM_079892,FBgn0013749,FBgn0013749,85.87351778656127,FBgn0013749
rna-NM_001272158.1,23,718,0.03203342618384401,NM_001272158,FBgn0013749,FBgn0013749,85.87351778656127,FBgn0013749
rna-NM_166827.2,40,2159,0.018527095877721167,NM_166827,FBgn0002521,FBgn0002521,54.93280632411067,FBgn0002521
rna-NM_079891.3,44,2381,0.018479630407391853,NM_079891,FBgn0002521,FBgn0002521,54.93280632411067,FBgn0002521
rna-NM_001038716.2,39,1443,0.02702702702702703,NM_001038716,FBgn0039924,FBgn0039924,44.719367588932805,FBgn0039924
rna-NM_001038717.2,39,1493,0.026121902210314803,NM_001038717,FBgn0039924,FBgn0039924,44.719367588932805,FBgn0039924
rna-NM_001038719.2,67,4032,0.016617063492063492,NM_001038719,FBgn0263112,FBgn0263112,66.51897233201579,FBgn0263112
rna-NM_001258508.2,66,3948,0.016717325227963525,NM_001258508,FBgn0263112,FBgn0263112,66.51897233201579,FBgn0263112
rna-NM_001038718.2,60,3009,0.019940179461615155,NM_001038718,FBgn0263112,FBgn0263112,66.51897233201579,FBgn0263112
rna-NM_001258507.1,61,3226,0.018908865468071915,NM_001258507,FBgn0263112,FBgn0263112,66.51897233201579,FBgn0263112
rna-NM_001038725.2,122,4032,0.030257936507936508,NM_001038725,FBgn0027101,FBgn0027101,83.0790513833992,FBgn0027101
rna-NM_001038721.2,100,3384,0.02955082742316785,NM_001038721,FBgn0027101,FBgn0027101,83.0790513833992,FBgn0027101
rna-NM_001038723.2,96,3320,0.02891566265060241,NM_001038723,FBgn0027101,FBgn0027101,83.0790513833992,FBgn0027101
rna-NM_001031858.2,93,5079,0.01831069108092144,NM_001031858,FBgn0053653,FBgn0053653,3.651778656126482,FBgn0053653
rna-NM_001258510.2,109,5584,0.019520057306590257,NM_001258510,FBgn0053653,FBgn0053653,3.651778656126482,FBgn0053653
rna-NM_001258511.2,103,5413,0.019028265287271383,NM_001258511,FBgn0053653,FBgn0053653,3.651778656126482,FBgn0053653
rna-NM_001031859.2,99,5317,0.01861952228700395,NM_001031859,FBgn0053653,FBgn0053653,3.651778656126482,FBgn0053653
rna-NM_001031860.2,109,5569,0.019572634225175075,NM_001031860,FBgn0053653,FBgn0053653,3.651778656126482,FBgn0053653
